date,material_id,material_name,category,price,unit,source,provider,symbol,source_date,daily_change_pct,near_contract_price,dominant_contract_price,dom_basis_rate,notes
2026-05-22,abs,ABS,塑料外壳材料,10666.67,元/吨,生意社基准价,sunsirs_vane,,2026-05-22,-1.08,,,,
2026-05-28,abs,ABS,塑料外壳材料,10133.33,元/吨,生意社基准价,sunsirs_vane,,2026-05-28,-5.0,,,,
2026-06-02,abs,ABS,塑料外壳材料,9516.67,元/吨,生意社基准价,sunsirs_vane,,2026-06-02,-6.09,,,,
2026-06-06,abs,ABS,塑料外壳材料,9283.33,元/吨,生意社基准价,sunsirs_vane,,2026-06-06,-2.45,,,,
2026-06-09,abs,ABS,塑料外壳材料,9266.67,元/吨,生意社基准价,sunsirs_vane,,2026-06-09,-0.18,,,,
2026-06-11,abs,ABS,塑料外壳材料,9283.33,元/吨,生意社基准价,sunsirs_vane,,2026-06-11,0.18,,,,
2026-06-12,abs,ABS,塑料外壳材料,9300.0,元/吨,生意社基准价,sunsirs_vane,,2026-06-12,0.18,,,,
2025-12-15,aluminum,铝,结构金属/铝材,21723.33,元/吨,AKShare/生意社现货与期货,akshare_basis,AL,2025-12-15,,21855.0,21920.0,0.009053400192327699,
2025-12-16,aluminum,铝,结构金属/铝材,21640.0,元/吨,AKShare/生意社现货与期货,akshare_basis,AL,2025-12-16,,21780.0,21845.0,0.009473197781885379,
2025-12-17,aluminum,铝,结构金属/铝材,21760.0,元/吨,AKShare/生意社现货与期货,akshare_basis,AL,2025-12-17,,21865.0,21915.0,0.007123161764705843,
2025-12-18,aluminum,铝,结构金属/铝材,21736.67,元/吨,AKShare/生意社现货与期货,akshare_basis,AL,2025-12-18,,21895.0,21955.0,0.010044316815777332,
2025-12-19,aluminum,铝,结构金属/铝材,21733.33,元/吨,AKShare/生意社现货与期货,akshare_basis,AL,2025-12-19,,22120.0,22185.0,0.020782365150669335,
2025-12-22,aluminum,铝,结构金属/铝材,21938.33,元/吨,AKShare/生意社现货与期货,akshare_basis,AL,2025-12-22,,22150.0,22220.0,0.012839172352681283,
2025-12-23,aluminum,铝,结构金属/铝材,21883.33,元/吨,AKShare/生意社现货与期货,akshare_basis,AL,2025-12-23,,22130.0,22195.0,0.01424234794247492,
2025-12-24,aluminum,铝,结构金属/铝材,21883.33,元/吨,AKShare/生意社现货与期货,akshare_basis,AL,2025-12-24,,22255.0,22330.0,0.02041142732847323,
2025-12-25,aluminum,铝,结构金属/铝材,22006.67,元/吨,AKShare/生意社现货与期货,akshare_basis,AL,2025-12-25,,22195.0,22275.0,0.012193121449088018,
2025-12-26,aluminum,铝,结构金属/铝材,22006.67,元/吨,AKShare/生意社现货与期货,akshare_basis,AL,2025-12-26,,22335.0,22405.0,0.018100421372247766,
2025-12-29,aluminum,铝,结构金属/铝材,22491.67,元/吨,AKShare/生意社现货与期货,akshare_basis,AL,2025-12-29,,22515.0,22570.0,0.0034826226776403235,
2025-12-30,aluminum,铝,结构金属/铝材,22193.33,元/吨,AKShare/生意社现货与期货,akshare_basis,AL,2025-12-30,,22515.0,22565.0,0.01674692351260476,
2025-12-31,aluminum,铝,结构金属/铝材,22473.33,元/吨,AKShare/生意社现货与期货,akshare_basis,AL,2025-12-31,,22950.0,22925.0,0.02009804510501989,
2026-01-05,aluminum,铝,结构金属/铝材,23323.33,元/吨,AKShare/生意社现货与期货,akshare_basis,AL,2026-01-05,,23610.0,23700.0,0.0161499237030045,
2026-01-06,aluminum,铝,结构金属/铝材,23926.67,元/吨,AKShare/生意社现货与期货,akshare_basis,AL,2026-01-06,,24285.0,24395.0,0.019573555367295326,
2026-01-07,aluminum,铝,结构金属/铝材,24160.0,元/吨,AKShare/生意社现货与期货,akshare_basis,AL,2026-01-07,,24350.0,24410.0,0.010347682119205226,
2026-01-08,aluminum,铝,结构金属/铝材,24031.67,元/吨,AKShare/生意社现货与期货,akshare_basis,AL,2026-01-08,,23785.0,23765.0,-0.011096607102211276,
2026-01-09,aluminum,铝,结构金属/铝材,24043.33,元/吨,AKShare/生意社现货与期货,akshare_basis,AL,2026-01-09,,24455.0,24385.0,0.014210593956827111,
2026-01-12,aluminum,铝,结构金属/铝材,24371.67,元/吨,AKShare/生意社现货与期货,akshare_basis,AL,2026-01-12,,24565.0,24650.0,0.011420226845349601,
2026-01-13,aluminum,铝,结构金属/铝材,24306.67,元/吨,AKShare/生意社现货与期货,akshare_basis,AL,2026-01-13,,24295.0,24375.0,0.002811162532753375,
2026-01-14,aluminum,铝,结构金属/铝材,24673.33,元/吨,AKShare/生意社现货与期货,akshare_basis,AL,2026-01-14,,24485.0,24595.0,-0.0031746829471336335,
2026-01-15,aluminum,铝,结构金属/铝材,24203.33,元/吨,AKShare/生意社现货与期货,akshare_basis,AL,2026-01-15,,24155.0,24375.0,0.007092825656634716,
2026-01-16,aluminum,铝,结构金属/铝材,24045.0,元/吨,AKShare/生意社现货与期货,akshare_basis,AL,2026-01-16,,23850.0,23925.0,-0.004990642545227741,
2026-01-19,aluminum,铝,结构金属/铝材,23890.0,元/吨,AKShare/生意社现货与期货,akshare_basis,AL,2026-01-19,,24025.0,24090.0,0.008371703641691042,
2026-01-20,aluminum,铝,结构金属/铝材,23700.0,元/吨,AKShare/生意社现货与期货,akshare_basis,AL,2026-01-20,,23880.0,23950.0,0.010548523206751037,
2026-01-21,aluminum,铝,结构金属/铝材,23721.67,元/吨,AKShare/生意社现货与期货,akshare_basis,AL,2026-01-21,,24085.0,24155.0,0.01826726364543485,
2026-01-22,aluminum,铝,结构金属/铝材,23753.33,元/吨,AKShare/生意社现货与期货,akshare_basis,AL,2026-01-22,,23990.0,24055.0,0.0127001140471672,
2026-01-23,aluminum,铝,结构金属/铝材,24120.0,元/吨,AKShare/生意社现货与期货,akshare_basis,AL,2026-01-23,,24230.0,24290.0,0.0070480928689884426,
2026-01-26,aluminum,铝,结构金属/铝材,24040.0,元/吨,AKShare/生意社现货与期货,akshare_basis,AL,2026-01-26,,24130.0,24215.0,0.007279534109817076,
2026-01-27,aluminum,铝,结构金属/铝材,23880.0,元/吨,AKShare/生意社现货与期货,akshare_basis,AL,2026-01-27,,24230.0,24305.0,0.01779731993299838,
2026-01-28,aluminum,铝,结构金属/铝材,24265.0,元/吨,AKShare/生意社现货与期货,akshare_basis,AL,2026-01-28,,25550.0,25640.0,0.05666597980630539,
2026-01-29,aluminum,铝,结构金属/铝材,24870.0,元/吨,AKShare/生意社现货与期货,akshare_basis,AL,2026-01-29,,25455.0,25590.0,0.02895054282267795,
2026-01-30,aluminum,铝,结构金属/铝材,24666.67,元/吨,AKShare/生意社现货与期货,akshare_basis,AL,2026-01-30,,24670.0,24560.0,-0.004324458875073045,
2026-02-02,aluminum,铝,结构金属/铝材,22970.0,元/吨,AKShare/生意社现货与期货,akshare_basis,AL,2026-02-02,,23275.0,23035.0,0.0028297779712669335,
2026-02-03,aluminum,铝,结构金属/铝材,23306.67,元/吨,AKShare/生意社现货与期货,akshare_basis,AL,2026-02-03,,23725.0,23810.0,0.0215959637305545,
2026-02-04,aluminum,铝,结构金属/铝材,23780.0,元/吨,AKShare/生意社现货与期货,akshare_basis,AL,2026-02-04,,23885.0,23955.0,0.0073591253153910685,
2026-02-05,aluminum,铝,结构金属/铝材,23780.0,元/吨,AKShare/生意社现货与期货,akshare_basis,AL,2026-02-05,,23340.0,23385.0,-0.01661059714045421,
2026-02-06,aluminum,铝,结构金属/铝材,23158.33,元/吨,AKShare/生意社现货与期货,akshare_basis,AL,2026-02-06,,23285.0,23315.0,0.006765168300132185,
2026-02-09,aluminum,铝,结构金属/铝材,23406.67,元/吨,AKShare/生意社现货与期货,akshare_basis,AL,2026-02-09,,23455.0,23620.0,0.00911406876757792,
2026-02-10,aluminum,铝,结构金属/铝材,23303.33,元/吨,AKShare/生意社现货与期货,akshare_basis,AL,2026-02-10,,23435.0,23600.0,0.012730798559690726,
2026-02-11,aluminum,铝,结构金属/铝材,22676.67,元/吨,AKShare/生意社现货与期货,akshare_basis,AL,2026-02-11,,23585.0,23730.0,0.04644994172424788,
2026-02-12,aluminum,铝,结构金属/铝材,23368.33,元/吨,AKShare/生意社现货与期货,akshare_basis,AL,2026-02-12,,23530.0,23690.0,0.013765211292377177,
2026-02-13,aluminum,铝,结构金属/铝材,23223.33,元/吨,AKShare/生意社现货与期货,akshare_basis,AL,2026-02-13,,23155.0,23265.0,0.001794316318977529,
2026-02-24,aluminum,铝,结构金属/铝材,23391.67,元/吨,AKShare/生意社现货与期货,akshare_basis,AL,2026-02-24,,23450.0,23635.0,0.010402421032786435,
2026-02-25,aluminum,铝,结构金属/铝材,23396.67,元/吨,AKShare/生意社现货与期货,akshare_basis,AL,2026-02-25,,23740.0,23835.0,0.018734717376447163,
2026-02-26,aluminum,铝,结构金属/铝材,23443.33,元/吨,AKShare/生意社现货与期货,akshare_basis,AL,2026-02-26,,23700.0,23845.0,0.01713365805966971,
2026-02-27,aluminum,铝,结构金属/铝材,23406.67,元/吨,AKShare/生意社现货与期货,akshare_basis,AL,2026-02-27,,23745.0,23835.0,0.018299484719526582,
2026-03-02,aluminum,铝,结构金属/铝材,23636.67,元/吨,AKShare/生意社现货与期货,akshare_basis,AL,2026-03-02,,24370.0,24465.0,0.03504427654149267,
2026-03-03,aluminum,铝,结构金属/铝材,23966.67,元/吨,AKShare/生意社现货与期货,akshare_basis,AL,2026-03-03,,23815.0,23905.0,-0.002573156804846044,
2026-03-04,aluminum,铝,结构金属/铝材,23966.67,元/吨,AKShare/生意社现货与期货,akshare_basis,AL,2026-03-04,,24680.0,24795.0,0.034561747627017025,
2026-03-05,aluminum,铝,结构金属/铝材,24406.67,元/吨,AKShare/生意社现货与期货,akshare_basis,AL,2026-03-05,,24695.0,24890.0,0.019803193143513642,
2026-03-06,aluminum,铝,结构金属/铝材,24466.67,元/吨,AKShare/生意社现货与期货,akshare_basis,AL,2026-03-06,,24645.0,24785.0,0.013010761170196172,
2026-03-09,aluminum,铝,结构金属/铝材,25223.33,元/吨,AKShare/生意社现货与期货,akshare_basis,AL,2026-03-09,,25000.0,25010.0,-0.008457646155364928,
2026-03-10,aluminum,铝,结构金属/铝材,24483.33,元/吨,AKShare/生意社现货与期货,akshare_basis,AL,2026-03-10,,24835.0,24965.0,0.019673385932387433,
2026-03-11,aluminum,铝,结构金属/铝材,25020.0,元/吨,AKShare/生意社现货与期货,akshare_basis,AL,2026-03-11,,25165.0,25290.0,0.010791366906474753,
2026-03-12,aluminum,铝,结构金属/铝材,25273.33,元/吨,AKShare/生意社现货与期货,akshare_basis,AL,2026-03-12,,25195.0,25325.0,0.002044447645007441,
2026-03-13,aluminum,铝,结构金属/铝材,25130.0,元/吨,AKShare/生意社现货与期货,akshare_basis,AL,2026-03-13,,25000.0,25070.0,-0.0023875845602865375,
2026-03-16,aluminum,铝,结构金属/铝材,25130.0,元/吨,AKShare/生意社现货与期货,akshare_basis,AL,2026-03-16,,24940.0,25170.0,0.001591723040190951,
2026-03-17,aluminum,铝,结构金属/铝材,24900.0,元/吨,AKShare/生意社现货与期货,akshare_basis,AL,2026-03-17,,24905.0,24990.0,0.0036144578313253017,
2026-03-18,aluminum,铝,结构金属/铝材,24526.67,元/吨,AKShare/生意社现货与期货,akshare_basis,AL,2026-03-18,,24700.0,24800.0,0.011144195278038227,
2026-03-19,aluminum,铝,结构金属/铝材,24506.67,元/吨,AKShare/生意社现货与期货,akshare_basis,AL,2026-03-19,,24130.0,24180.0,-0.0133298404067137,
2026-03-20,aluminum,铝,结构金属/铝材,24090.0,元/吨,AKShare/生意社现货与期货,akshare_basis,AL,2026-03-20,,23960.0,24020.0,-0.002905770029057675,
2026-03-23,aluminum,铝,结构金属/铝材,23456.67,元/吨,AKShare/生意社现货与期货,akshare_basis,AL,2026-03-23,,23500.0,23555.0,0.004191984625268708,
2026-03-24,aluminum,铝,结构金属/铝材,23486.67,元/吨,AKShare/生意社现货与期货,akshare_basis,AL,2026-03-24,,23580.0,23625.0,0.005889723830581506,
2026-03-25,aluminum,铝,结构金属/铝材,23775.0,元/吨,AKShare/生意社现货与期货,akshare_basis,AL,2026-03-25,,23795.0,23860.0,0.0035751840168243287,
2026-03-26,aluminum,铝,结构金属/铝材,23533.33,元/吨,AKShare/生意社现货与期货,akshare_basis,AL,2026-03-26,,23675.0,23725.0,0.008144618717367935,
2026-03-27,aluminum,铝,结构金属/铝材,23533.33,元/吨,AKShare/生意社现货与期货,akshare_basis,AL,2026-03-27,,23870.0,23935.0,0.017068132729197272,
2026-03-30,aluminum,铝,结构金属/铝材,24543.33,元/吨,AKShare/生意社现货与期货,akshare_basis,AL,2026-03-30,,24640.0,24725.0,0.0074020110555494956,
2026-03-31,aluminum,铝,结构金属/铝材,24621.67,元/吨,AKShare/生意社现货与期货,akshare_basis,AL,2026-03-31,,24800.0,24875.0,0.010288904042658364,
2026-04-01,aluminum,铝,结构金属/铝材,24616.67,元/吨,AKShare/生意社现货与期货,akshare_basis,AL,2026-04-01,,24605.0,24660.0,0.001760189335113127,
2026-04-02,aluminum,铝,结构金属/铝材,24646.67,元/吨,AKShare/生意社现货与期货,akshare_basis,AL,2026-04-02,,24640.0,24720.0,0.002975249800480251,
2026-04-03,aluminum,铝,结构金属/铝材,24523.33,元/吨,AKShare/生意社现货与期货,akshare_basis,AL,2026-04-03,,24605.0,24660.0,0.005573060428579524,
2026-04-07,aluminum,铝,结构金属/铝材,24523.33,元/吨,AKShare/生意社现货与期货,akshare_basis,AL,2026-04-07,,24570.0,24630.0,0.00434973553754725,
2026-04-08,aluminum,铝,结构金属/铝材,24576.67,元/吨,AKShare/生意社现货与期货,akshare_basis,AL,2026-04-08,,24735.0,24780.0,0.008273293330626208,
2026-04-09,aluminum,铝,结构金属/铝材,24416.67,元/吨,AKShare/生意社现货与期货,akshare_basis,AL,2026-04-09,,24475.0,24600.0,0.007508394879400138,
2026-04-10,aluminum,铝,结构金属/铝材,24553.33,元/吨,AKShare/生意社现货与期货,akshare_basis,AL,2026-04-10,,24575.0,24670.0,0.004751697631237839,
2026-04-13,aluminum,铝,结构金属/铝材,24458.33,元/吨,AKShare/生意社现货与期货,akshare_basis,AL,2026-04-13,,24690.0,24835.0,0.015400479100576403,
2026-04-14,aluminum,铝,结构金属/铝材,24458.33,元/吨,AKShare/生意社现货与期货,akshare_basis,AL,2026-04-14,,24870.0,24960.0,0.020511212335429185,
2026-04-15,aluminum,铝,结构金属/铝材,24763.33,元/吨,AKShare/生意社现货与期货,akshare_basis,AL,2026-04-15,,24790.0,24935.0,0.00693242790852433,
2026-04-16,aluminum,铝,结构金属/铝材,24763.33,元/吨,AKShare/生意社现货与期货,akshare_basis,AL,2026-04-16,,25545.0,25635.0,0.03520003165971608,
2026-04-17,aluminum,铝,结构金属/铝材,25173.33,元/吨,AKShare/生意社现货与期货,akshare_basis,AL,2026-04-17,,25440.0,25520.0,0.01377132067946496,
2026-04-20,aluminum,铝,结构金属/铝材,24921.67,元/吨,AKShare/生意社现货与期货,akshare_basis,AL,2026-04-20,,25040.0,25125.0,0.008158763036345551,
2026-04-21,aluminum,铝,结构金属/铝材,24686.67,元/吨,AKShare/生意社现货与期货,akshare_basis,AL,2026-04-21,,24825.0,24900.0,0.008641505719483522,
2026-04-22,aluminum,铝,结构金属/铝材,24783.33,元/吨,AKShare/生意社现货与期货,akshare_basis,AL,2026-04-22,,24980.0,25060.0,0.01116355227485566,
2026-04-23,aluminum,铝,结构金属/铝材,24790.0,元/吨,AKShare/生意社现货与期货,akshare_basis,AL,2026-04-23,,24905.0,24970.0,0.007260992335619276,
2026-04-24,aluminum,铝,结构金属/铝材,24766.67,元/吨,AKShare/生意社现货与期货,akshare_basis,AL,2026-04-24,,24805.0,24865.0,0.003970255185699267,
2026-04-27,aluminum,铝,结构金属/铝材,24823.33,元/吨,AKShare/生意社现货与期货,akshare_basis,AL,2026-04-27,,24775.0,24855.0,0.0012758159360568566,
2026-04-28,aluminum,铝,结构金属/铝材,24486.67,元/吨,AKShare/生意社现货与期货,akshare_basis,AL,2026-04-28,,24540.0,24610.0,0.00503661788230092,
2026-04-29,aluminum,铝,结构金属/铝材,24493.33,元/吨,AKShare/生意社现货与期货,akshare_basis,AL,2026-04-29,,24555.0,24615.0,0.00496747481865456,
2026-04-30,aluminum,铝,结构金属/铝材,24403.33,元/吨,AKShare/生意社现货与期货,akshare_basis,AL,2026-04-30,,24410.0,24430.0,0.0010928836351431492,
2026-05-06,aluminum,铝,结构金属/铝材,24403.33,元/吨,AKShare/生意社现货与期货,akshare_basis,AL,2026-05-06,,24660.0,24730.0,0.013386287854977086,
2026-05-07,aluminum,铝,结构金属/铝材,24063.33,元/吨,AKShare/生意社现货与期货,akshare_basis,AL,2026-05-07,,24310.0,24380.0,0.013159857758672455,
2026-05-08,aluminum,铝,结构金属/铝材,24231.67,元/吨,AKShare/生意社现货与期货,akshare_basis,AL,2026-05-08,,24370.0,24445.0,0.008803767961514941,
2026-05-11,aluminum,铝,结构金属/铝材,24403.33,元/吨,AKShare/生意社现货与期货,akshare_basis,AL,2026-05-11,,24475.0,24525.0,0.004985794971423818,
2026-05-12,aluminum,铝,结构金属/铝材,24393.33,元/吨,AKShare/生意社现货与期货,akshare_basis,AL,2026-05-12,,24505.0,24560.0,0.006832605470429742,
2026-05-13,aluminum,铝,结构金属/铝材,24576.67,元/吨,AKShare/生意社现货与期货,akshare_basis,AL,2026-05-13,,24825.0,24885.0,0.012545637793891506,
2026-05-14,aluminum,铝,结构金属/铝材,24620.0,元/吨,AKShare/生意社现货与期货,akshare_basis,AL,2026-05-14,,24645.0,24670.0,0.002030869212022779,
2026-05-15,aluminum,铝,结构金属/铝材,24380.0,元/吨,AKShare/生意社现货与期货,akshare_basis,AL,2026-05-15,,24290.0,24360.0,-0.0008203445447088065,
2026-05-18,aluminum,铝,结构金属/铝材,24063.33,元/吨,AKShare/生意社现货与期货,akshare_basis,AL,2026-05-18,,24295.0,24295.0,0.009627512069193989,
2026-05-19,aluminum,铝,结构金属/铝材,24210.0,元/吨,AKShare/生意社现货与期货,akshare_basis,AL,2026-05-19,,24480.0,24530.0,0.013217678645187858,
2026-05-20,aluminum,铝,结构金属/铝材,24210.0,元/吨,AKShare/生意社现货与期货,akshare_basis,AL,2026-05-20,,24470.0,24525.0,0.013011152416356975,
2026-05-21,aluminum,铝,结构金属/铝材,24406.67,元/吨,AKShare/生意社现货与期货,akshare_basis,AL,2026-05-21,,24305.0,24360.0,-0.0019121822026518798,
2026-05-22,aluminum,铝,结构金属/铝材,24363.33,元/吨,AKShare/生意社现货与期货,akshare_basis,AL,2026-05-22,,24440.0,24505.0,0.00581488655286444,
2026-05-25,aluminum,铝,结构金属/铝材,24323.33,元/吨,AKShare/生意社现货与期货,akshare_basis,AL,2026-05-25,,24400.0,24465.0,0.0058244492016512606,
2026-05-26,aluminum,铝,结构金属/铝材,24093.33,元/吨,AKShare/生意社现货与期货,akshare_basis,AL,2026-05-26,,24500.0,24570.0,0.01978431374990497,
2026-05-27,aluminum,铝,结构金属/铝材,24401.67,元/吨,AKShare/生意社现货与期货,akshare_basis,AL,2026-05-27,,24410.0,24485.0,0.0034149302076456056,
2026-05-28,aluminum,铝,结构金属/铝材,24151.67,元/吨,AKShare/生意社现货与期货,akshare_basis,AL,2026-05-28,,24215.0,24285.0,0.005520529222202919,
2026-05-29,aluminum,铝,结构金属/铝材,24223.33,元/吨,AKShare/生意社现货与期货,akshare_basis,AL,2026-05-29,,24195.0,24270.0,0.0019266550057319698,
2026-06-01,aluminum,铝,结构金属/铝材,24201.67,元/吨,AKShare/生意社现货与期货,akshare_basis,AL,2026-06-01,,24290.0,24360.0,0.006542110523777955,
2026-06-02,aluminum,铝,结构金属/铝材,24338.33,元/吨,AKShare/生意社现货与期货,akshare_basis,AL,2026-06-02,,24740.0,24825.0,0.01999603095200042,
2026-06-03,aluminum,铝,结构金属/铝材,24470.0,元/吨,AKShare/生意社现货与期货,akshare_basis,AL,2026-06-03,,24425.0,24520.0,0.002043318348998735,
2026-06-04,aluminum,铝,结构金属/铝材,24223.33,元/吨,AKShare/生意社现货与期货,akshare_basis,AL,2026-06-04,,24260.0,24315.0,0.003784368210316247,
2026-06-05,aluminum,铝,结构金属/铝材,24220.0,元/吨,AKShare/生意社现货与期货,akshare_basis,AL,2026-06-05,,24230.0,24300.0,0.003303055326176807,
2026-06-08,aluminum,铝,结构金属/铝材,24013.33,元/吨,AKShare/生意社现货与期货,akshare_basis,AL,2026-06-08,,24040.0,24105.0,0.0038174630507306073,
2026-06-09,aluminum,铝,结构金属/铝材,23913.33,元/吨,AKShare/生意社现货与期货,akshare_basis,AL,2026-06-09,,24015.0,24110.0,0.008224283276314859,
2026-06-10,aluminum,铝,结构金属/铝材,23793.33,元/吨,AKShare/生意社现货与期货,akshare_basis,AL,2026-06-10,,23840.0,23905.0,0.004693332122909899,
2026-06-11,aluminum,铝,结构金属/铝材,23986.67,元/吨,AKShare/生意社现货与期货,akshare_basis,AL,2026-06-11,,23970.0,24055.0,0.0028486655296462438,
2026-06-12,aluminum,铝,结构金属/铝材,24153.33,元/吨,AKShare/生意社现货与期货,akshare_basis,AL,2026-06-12,,24150.0,24165.0,0.0004831631911623724,
2025-12-15,battery_aluminum_foil_proxy,电池铝箔（铝价代理）,电池集流体,21723.33,元/吨,铝价代理,derived_from,AL,2025-12-15,,21855.0,21920.0,0.009053400192327699,电池铝箔价格受铝价和加工费影响，日度预警先跟随铝价。
2025-12-16,battery_aluminum_foil_proxy,电池铝箔（铝价代理）,电池集流体,21640.0,元/吨,铝价代理,derived_from,AL,2025-12-16,,21780.0,21845.0,0.009473197781885379,电池铝箔价格受铝价和加工费影响，日度预警先跟随铝价。
2025-12-17,battery_aluminum_foil_proxy,电池铝箔（铝价代理）,电池集流体,21760.0,元/吨,铝价代理,derived_from,AL,2025-12-17,,21865.0,21915.0,0.007123161764705843,电池铝箔价格受铝价和加工费影响，日度预警先跟随铝价。
2025-12-18,battery_aluminum_foil_proxy,电池铝箔（铝价代理）,电池集流体,21736.67,元/吨,铝价代理,derived_from,AL,2025-12-18,,21895.0,21955.0,0.010044316815777332,电池铝箔价格受铝价和加工费影响，日度预警先跟随铝价。
2025-12-19,battery_aluminum_foil_proxy,电池铝箔（铝价代理）,电池集流体,21733.33,元/吨,铝价代理,derived_from,AL,2025-12-19,,22120.0,22185.0,0.020782365150669335,电池铝箔价格受铝价和加工费影响，日度预警先跟随铝价。
2025-12-22,battery_aluminum_foil_proxy,电池铝箔（铝价代理）,电池集流体,21938.33,元/吨,铝价代理,derived_from,AL,2025-12-22,,22150.0,22220.0,0.012839172352681283,电池铝箔价格受铝价和加工费影响，日度预警先跟随铝价。
2025-12-23,battery_aluminum_foil_proxy,电池铝箔（铝价代理）,电池集流体,21883.33,元/吨,铝价代理,derived_from,AL,2025-12-23,,22130.0,22195.0,0.01424234794247492,电池铝箔价格受铝价和加工费影响，日度预警先跟随铝价。
2025-12-24,battery_aluminum_foil_proxy,电池铝箔（铝价代理）,电池集流体,21883.33,元/吨,铝价代理,derived_from,AL,2025-12-24,,22255.0,22330.0,0.02041142732847323,电池铝箔价格受铝价和加工费影响，日度预警先跟随铝价。
2025-12-25,battery_aluminum_foil_proxy,电池铝箔（铝价代理）,电池集流体,22006.67,元/吨,铝价代理,derived_from,AL,2025-12-25,,22195.0,22275.0,0.012193121449088018,电池铝箔价格受铝价和加工费影响，日度预警先跟随铝价。
2025-12-26,battery_aluminum_foil_proxy,电池铝箔（铝价代理）,电池集流体,22006.67,元/吨,铝价代理,derived_from,AL,2025-12-26,,22335.0,22405.0,0.018100421372247766,电池铝箔价格受铝价和加工费影响，日度预警先跟随铝价。
2025-12-29,battery_aluminum_foil_proxy,电池铝箔（铝价代理）,电池集流体,22491.67,元/吨,铝价代理,derived_from,AL,2025-12-29,,22515.0,22570.0,0.0034826226776403235,电池铝箔价格受铝价和加工费影响，日度预警先跟随铝价。
2025-12-30,battery_aluminum_foil_proxy,电池铝箔（铝价代理）,电池集流体,22193.33,元/吨,铝价代理,derived_from,AL,2025-12-30,,22515.0,22565.0,0.01674692351260476,电池铝箔价格受铝价和加工费影响，日度预警先跟随铝价。
2025-12-31,battery_aluminum_foil_proxy,电池铝箔（铝价代理）,电池集流体,22473.33,元/吨,铝价代理,derived_from,AL,2025-12-31,,22950.0,22925.0,0.02009804510501989,电池铝箔价格受铝价和加工费影响，日度预警先跟随铝价。
2026-01-05,battery_aluminum_foil_proxy,电池铝箔（铝价代理）,电池集流体,23323.33,元/吨,铝价代理,derived_from,AL,2026-01-05,,23610.0,23700.0,0.0161499237030045,电池铝箔价格受铝价和加工费影响，日度预警先跟随铝价。
2026-01-06,battery_aluminum_foil_proxy,电池铝箔（铝价代理）,电池集流体,23926.67,元/吨,铝价代理,derived_from,AL,2026-01-06,,24285.0,24395.0,0.019573555367295326,电池铝箔价格受铝价和加工费影响，日度预警先跟随铝价。
2026-01-07,battery_aluminum_foil_proxy,电池铝箔（铝价代理）,电池集流体,24160.0,元/吨,铝价代理,derived_from,AL,2026-01-07,,24350.0,24410.0,0.010347682119205226,电池铝箔价格受铝价和加工费影响，日度预警先跟随铝价。
2026-01-08,battery_aluminum_foil_proxy,电池铝箔（铝价代理）,电池集流体,24031.67,元/吨,铝价代理,derived_from,AL,2026-01-08,,23785.0,23765.0,-0.011096607102211276,电池铝箔价格受铝价和加工费影响，日度预警先跟随铝价。
2026-01-09,battery_aluminum_foil_proxy,电池铝箔（铝价代理）,电池集流体,24043.33,元/吨,铝价代理,derived_from,AL,2026-01-09,,24455.0,24385.0,0.014210593956827111,电池铝箔价格受铝价和加工费影响，日度预警先跟随铝价。
2026-01-12,battery_aluminum_foil_proxy,电池铝箔（铝价代理）,电池集流体,24371.67,元/吨,铝价代理,derived_from,AL,2026-01-12,,24565.0,24650.0,0.011420226845349601,电池铝箔价格受铝价和加工费影响，日度预警先跟随铝价。
2026-01-13,battery_aluminum_foil_proxy,电池铝箔（铝价代理）,电池集流体,24306.67,元/吨,铝价代理,derived_from,AL,2026-01-13,,24295.0,24375.0,0.002811162532753375,电池铝箔价格受铝价和加工费影响，日度预警先跟随铝价。
2026-01-14,battery_aluminum_foil_proxy,电池铝箔（铝价代理）,电池集流体,24673.33,元/吨,铝价代理,derived_from,AL,2026-01-14,,24485.0,24595.0,-0.0031746829471336335,电池铝箔价格受铝价和加工费影响，日度预警先跟随铝价。
2026-01-15,battery_aluminum_foil_proxy,电池铝箔（铝价代理）,电池集流体,24203.33,元/吨,铝价代理,derived_from,AL,2026-01-15,,24155.0,24375.0,0.007092825656634716,电池铝箔价格受铝价和加工费影响，日度预警先跟随铝价。
2026-01-16,battery_aluminum_foil_proxy,电池铝箔（铝价代理）,电池集流体,24045.0,元/吨,铝价代理,derived_from,AL,2026-01-16,,23850.0,23925.0,-0.004990642545227741,电池铝箔价格受铝价和加工费影响，日度预警先跟随铝价。
2026-01-19,battery_aluminum_foil_proxy,电池铝箔（铝价代理）,电池集流体,23890.0,元/吨,铝价代理,derived_from,AL,2026-01-19,,24025.0,24090.0,0.008371703641691042,电池铝箔价格受铝价和加工费影响，日度预警先跟随铝价。
2026-01-20,battery_aluminum_foil_proxy,电池铝箔（铝价代理）,电池集流体,23700.0,元/吨,铝价代理,derived_from,AL,2026-01-20,,23880.0,23950.0,0.010548523206751037,电池铝箔价格受铝价和加工费影响，日度预警先跟随铝价。
2026-01-21,battery_aluminum_foil_proxy,电池铝箔（铝价代理）,电池集流体,23721.67,元/吨,铝价代理,derived_from,AL,2026-01-21,,24085.0,24155.0,0.01826726364543485,电池铝箔价格受铝价和加工费影响，日度预警先跟随铝价。
2026-01-22,battery_aluminum_foil_proxy,电池铝箔（铝价代理）,电池集流体,23753.33,元/吨,铝价代理,derived_from,AL,2026-01-22,,23990.0,24055.0,0.0127001140471672,电池铝箔价格受铝价和加工费影响，日度预警先跟随铝价。
2026-01-23,battery_aluminum_foil_proxy,电池铝箔（铝价代理）,电池集流体,24120.0,元/吨,铝价代理,derived_from,AL,2026-01-23,,24230.0,24290.0,0.0070480928689884426,电池铝箔价格受铝价和加工费影响，日度预警先跟随铝价。
2026-01-26,battery_aluminum_foil_proxy,电池铝箔（铝价代理）,电池集流体,24040.0,元/吨,铝价代理,derived_from,AL,2026-01-26,,24130.0,24215.0,0.007279534109817076,电池铝箔价格受铝价和加工费影响，日度预警先跟随铝价。
2026-01-27,battery_aluminum_foil_proxy,电池铝箔（铝价代理）,电池集流体,23880.0,元/吨,铝价代理,derived_from,AL,2026-01-27,,24230.0,24305.0,0.01779731993299838,电池铝箔价格受铝价和加工费影响，日度预警先跟随铝价。
2026-01-28,battery_aluminum_foil_proxy,电池铝箔（铝价代理）,电池集流体,24265.0,元/吨,铝价代理,derived_from,AL,2026-01-28,,25550.0,25640.0,0.05666597980630539,电池铝箔价格受铝价和加工费影响，日度预警先跟随铝价。
2026-01-29,battery_aluminum_foil_proxy,电池铝箔（铝价代理）,电池集流体,24870.0,元/吨,铝价代理,derived_from,AL,2026-01-29,,25455.0,25590.0,0.02895054282267795,电池铝箔价格受铝价和加工费影响，日度预警先跟随铝价。
2026-01-30,battery_aluminum_foil_proxy,电池铝箔（铝价代理）,电池集流体,24666.67,元/吨,铝价代理,derived_from,AL,2026-01-30,,24670.0,24560.0,-0.004324458875073045,电池铝箔价格受铝价和加工费影响，日度预警先跟随铝价。
2026-02-02,battery_aluminum_foil_proxy,电池铝箔（铝价代理）,电池集流体,22970.0,元/吨,铝价代理,derived_from,AL,2026-02-02,,23275.0,23035.0,0.0028297779712669335,电池铝箔价格受铝价和加工费影响，日度预警先跟随铝价。
2026-02-03,battery_aluminum_foil_proxy,电池铝箔（铝价代理）,电池集流体,23306.67,元/吨,铝价代理,derived_from,AL,2026-02-03,,23725.0,23810.0,0.0215959637305545,电池铝箔价格受铝价和加工费影响，日度预警先跟随铝价。
2026-02-04,battery_aluminum_foil_proxy,电池铝箔（铝价代理）,电池集流体,23780.0,元/吨,铝价代理,derived_from,AL,2026-02-04,,23885.0,23955.0,0.0073591253153910685,电池铝箔价格受铝价和加工费影响，日度预警先跟随铝价。
2026-02-05,battery_aluminum_foil_proxy,电池铝箔（铝价代理）,电池集流体,23780.0,元/吨,铝价代理,derived_from,AL,2026-02-05,,23340.0,23385.0,-0.01661059714045421,电池铝箔价格受铝价和加工费影响，日度预警先跟随铝价。
2026-02-06,battery_aluminum_foil_proxy,电池铝箔（铝价代理）,电池集流体,23158.33,元/吨,铝价代理,derived_from,AL,2026-02-06,,23285.0,23315.0,0.006765168300132185,电池铝箔价格受铝价和加工费影响，日度预警先跟随铝价。
2026-02-09,battery_aluminum_foil_proxy,电池铝箔（铝价代理）,电池集流体,23406.67,元/吨,铝价代理,derived_from,AL,2026-02-09,,23455.0,23620.0,0.00911406876757792,电池铝箔价格受铝价和加工费影响，日度预警先跟随铝价。
2026-02-10,battery_aluminum_foil_proxy,电池铝箔（铝价代理）,电池集流体,23303.33,元/吨,铝价代理,derived_from,AL,2026-02-10,,23435.0,23600.0,0.012730798559690726,电池铝箔价格受铝价和加工费影响，日度预警先跟随铝价。
2026-02-11,battery_aluminum_foil_proxy,电池铝箔（铝价代理）,电池集流体,22676.67,元/吨,铝价代理,derived_from,AL,2026-02-11,,23585.0,23730.0,0.04644994172424788,电池铝箔价格受铝价和加工费影响，日度预警先跟随铝价。
2026-02-12,battery_aluminum_foil_proxy,电池铝箔（铝价代理）,电池集流体,23368.33,元/吨,铝价代理,derived_from,AL,2026-02-12,,23530.0,23690.0,0.013765211292377177,电池铝箔价格受铝价和加工费影响，日度预警先跟随铝价。
2026-02-13,battery_aluminum_foil_proxy,电池铝箔（铝价代理）,电池集流体,23223.33,元/吨,铝价代理,derived_from,AL,2026-02-13,,23155.0,23265.0,0.001794316318977529,电池铝箔价格受铝价和加工费影响，日度预警先跟随铝价。
2026-02-24,battery_aluminum_foil_proxy,电池铝箔（铝价代理）,电池集流体,23391.67,元/吨,铝价代理,derived_from,AL,2026-02-24,,23450.0,23635.0,0.010402421032786435,电池铝箔价格受铝价和加工费影响，日度预警先跟随铝价。
2026-02-25,battery_aluminum_foil_proxy,电池铝箔（铝价代理）,电池集流体,23396.67,元/吨,铝价代理,derived_from,AL,2026-02-25,,23740.0,23835.0,0.018734717376447163,电池铝箔价格受铝价和加工费影响，日度预警先跟随铝价。
2026-02-26,battery_aluminum_foil_proxy,电池铝箔（铝价代理）,电池集流体,23443.33,元/吨,铝价代理,derived_from,AL,2026-02-26,,23700.0,23845.0,0.01713365805966971,电池铝箔价格受铝价和加工费影响，日度预警先跟随铝价。
2026-02-27,battery_aluminum_foil_proxy,电池铝箔（铝价代理）,电池集流体,23406.67,元/吨,铝价代理,derived_from,AL,2026-02-27,,23745.0,23835.0,0.018299484719526582,电池铝箔价格受铝价和加工费影响，日度预警先跟随铝价。
2026-03-02,battery_aluminum_foil_proxy,电池铝箔（铝价代理）,电池集流体,23636.67,元/吨,铝价代理,derived_from,AL,2026-03-02,,24370.0,24465.0,0.03504427654149267,电池铝箔价格受铝价和加工费影响，日度预警先跟随铝价。
2026-03-03,battery_aluminum_foil_proxy,电池铝箔（铝价代理）,电池集流体,23966.67,元/吨,铝价代理,derived_from,AL,2026-03-03,,23815.0,23905.0,-0.002573156804846044,电池铝箔价格受铝价和加工费影响，日度预警先跟随铝价。
2026-03-04,battery_aluminum_foil_proxy,电池铝箔（铝价代理）,电池集流体,23966.67,元/吨,铝价代理,derived_from,AL,2026-03-04,,24680.0,24795.0,0.034561747627017025,电池铝箔价格受铝价和加工费影响，日度预警先跟随铝价。
2026-03-05,battery_aluminum_foil_proxy,电池铝箔（铝价代理）,电池集流体,24406.67,元/吨,铝价代理,derived_from,AL,2026-03-05,,24695.0,24890.0,0.019803193143513642,电池铝箔价格受铝价和加工费影响，日度预警先跟随铝价。
2026-03-06,battery_aluminum_foil_proxy,电池铝箔（铝价代理）,电池集流体,24466.67,元/吨,铝价代理,derived_from,AL,2026-03-06,,24645.0,24785.0,0.013010761170196172,电池铝箔价格受铝价和加工费影响，日度预警先跟随铝价。
2026-03-09,battery_aluminum_foil_proxy,电池铝箔（铝价代理）,电池集流体,25223.33,元/吨,铝价代理,derived_from,AL,2026-03-09,,25000.0,25010.0,-0.008457646155364928,电池铝箔价格受铝价和加工费影响，日度预警先跟随铝价。
2026-03-10,battery_aluminum_foil_proxy,电池铝箔（铝价代理）,电池集流体,24483.33,元/吨,铝价代理,derived_from,AL,2026-03-10,,24835.0,24965.0,0.019673385932387433,电池铝箔价格受铝价和加工费影响，日度预警先跟随铝价。
2026-03-11,battery_aluminum_foil_proxy,电池铝箔（铝价代理）,电池集流体,25020.0,元/吨,铝价代理,derived_from,AL,2026-03-11,,25165.0,25290.0,0.010791366906474753,电池铝箔价格受铝价和加工费影响，日度预警先跟随铝价。
2026-03-12,battery_aluminum_foil_proxy,电池铝箔（铝价代理）,电池集流体,25273.33,元/吨,铝价代理,derived_from,AL,2026-03-12,,25195.0,25325.0,0.002044447645007441,电池铝箔价格受铝价和加工费影响，日度预警先跟随铝价。
2026-03-13,battery_aluminum_foil_proxy,电池铝箔（铝价代理）,电池集流体,25130.0,元/吨,铝价代理,derived_from,AL,2026-03-13,,25000.0,25070.0,-0.0023875845602865375,电池铝箔价格受铝价和加工费影响，日度预警先跟随铝价。
2026-03-16,battery_aluminum_foil_proxy,电池铝箔（铝价代理）,电池集流体,25130.0,元/吨,铝价代理,derived_from,AL,2026-03-16,,24940.0,25170.0,0.001591723040190951,电池铝箔价格受铝价和加工费影响，日度预警先跟随铝价。
2026-03-17,battery_aluminum_foil_proxy,电池铝箔（铝价代理）,电池集流体,24900.0,元/吨,铝价代理,derived_from,AL,2026-03-17,,24905.0,24990.0,0.0036144578313253017,电池铝箔价格受铝价和加工费影响，日度预警先跟随铝价。
2026-03-18,battery_aluminum_foil_proxy,电池铝箔（铝价代理）,电池集流体,24526.67,元/吨,铝价代理,derived_from,AL,2026-03-18,,24700.0,24800.0,0.011144195278038227,电池铝箔价格受铝价和加工费影响，日度预警先跟随铝价。
2026-03-19,battery_aluminum_foil_proxy,电池铝箔（铝价代理）,电池集流体,24506.67,元/吨,铝价代理,derived_from,AL,2026-03-19,,24130.0,24180.0,-0.0133298404067137,电池铝箔价格受铝价和加工费影响，日度预警先跟随铝价。
2026-03-20,battery_aluminum_foil_proxy,电池铝箔（铝价代理）,电池集流体,24090.0,元/吨,铝价代理,derived_from,AL,2026-03-20,,23960.0,24020.0,-0.002905770029057675,电池铝箔价格受铝价和加工费影响，日度预警先跟随铝价。
2026-03-23,battery_aluminum_foil_proxy,电池铝箔（铝价代理）,电池集流体,23456.67,元/吨,铝价代理,derived_from,AL,2026-03-23,,23500.0,23555.0,0.004191984625268708,电池铝箔价格受铝价和加工费影响，日度预警先跟随铝价。
2026-03-24,battery_aluminum_foil_proxy,电池铝箔（铝价代理）,电池集流体,23486.67,元/吨,铝价代理,derived_from,AL,2026-03-24,,23580.0,23625.0,0.005889723830581506,电池铝箔价格受铝价和加工费影响，日度预警先跟随铝价。
2026-03-25,battery_aluminum_foil_proxy,电池铝箔（铝价代理）,电池集流体,23775.0,元/吨,铝价代理,derived_from,AL,2026-03-25,,23795.0,23860.0,0.0035751840168243287,电池铝箔价格受铝价和加工费影响，日度预警先跟随铝价。
2026-03-26,battery_aluminum_foil_proxy,电池铝箔（铝价代理）,电池集流体,23533.33,元/吨,铝价代理,derived_from,AL,2026-03-26,,23675.0,23725.0,0.008144618717367935,电池铝箔价格受铝价和加工费影响，日度预警先跟随铝价。
2026-03-27,battery_aluminum_foil_proxy,电池铝箔（铝价代理）,电池集流体,23533.33,元/吨,铝价代理,derived_from,AL,2026-03-27,,23870.0,23935.0,0.017068132729197272,电池铝箔价格受铝价和加工费影响，日度预警先跟随铝价。
2026-03-30,battery_aluminum_foil_proxy,电池铝箔（铝价代理）,电池集流体,24543.33,元/吨,铝价代理,derived_from,AL,2026-03-30,,24640.0,24725.0,0.0074020110555494956,电池铝箔价格受铝价和加工费影响，日度预警先跟随铝价。
2026-03-31,battery_aluminum_foil_proxy,电池铝箔（铝价代理）,电池集流体,24621.67,元/吨,铝价代理,derived_from,AL,2026-03-31,,24800.0,24875.0,0.010288904042658364,电池铝箔价格受铝价和加工费影响，日度预警先跟随铝价。
2026-04-01,battery_aluminum_foil_proxy,电池铝箔（铝价代理）,电池集流体,24616.67,元/吨,铝价代理,derived_from,AL,2026-04-01,,24605.0,24660.0,0.001760189335113127,电池铝箔价格受铝价和加工费影响，日度预警先跟随铝价。
2026-04-02,battery_aluminum_foil_proxy,电池铝箔（铝价代理）,电池集流体,24646.67,元/吨,铝价代理,derived_from,AL,2026-04-02,,24640.0,24720.0,0.002975249800480251,电池铝箔价格受铝价和加工费影响，日度预警先跟随铝价。
2026-04-03,battery_aluminum_foil_proxy,电池铝箔（铝价代理）,电池集流体,24523.33,元/吨,铝价代理,derived_from,AL,2026-04-03,,24605.0,24660.0,0.005573060428579524,电池铝箔价格受铝价和加工费影响，日度预警先跟随铝价。
2026-04-07,battery_aluminum_foil_proxy,电池铝箔（铝价代理）,电池集流体,24523.33,元/吨,铝价代理,derived_from,AL,2026-04-07,,24570.0,24630.0,0.00434973553754725,电池铝箔价格受铝价和加工费影响，日度预警先跟随铝价。
2026-04-08,battery_aluminum_foil_proxy,电池铝箔（铝价代理）,电池集流体,24576.67,元/吨,铝价代理,derived_from,AL,2026-04-08,,24735.0,24780.0,0.008273293330626208,电池铝箔价格受铝价和加工费影响，日度预警先跟随铝价。
2026-04-09,battery_aluminum_foil_proxy,电池铝箔（铝价代理）,电池集流体,24416.67,元/吨,铝价代理,derived_from,AL,2026-04-09,,24475.0,24600.0,0.007508394879400138,电池铝箔价格受铝价和加工费影响，日度预警先跟随铝价。
2026-04-10,battery_aluminum_foil_proxy,电池铝箔（铝价代理）,电池集流体,24553.33,元/吨,铝价代理,derived_from,AL,2026-04-10,,24575.0,24670.0,0.004751697631237839,电池铝箔价格受铝价和加工费影响，日度预警先跟随铝价。
2026-04-13,battery_aluminum_foil_proxy,电池铝箔（铝价代理）,电池集流体,24458.33,元/吨,铝价代理,derived_from,AL,2026-04-13,,24690.0,24835.0,0.015400479100576403,电池铝箔价格受铝价和加工费影响，日度预警先跟随铝价。
2026-04-14,battery_aluminum_foil_proxy,电池铝箔（铝价代理）,电池集流体,24458.33,元/吨,铝价代理,derived_from,AL,2026-04-14,,24870.0,24960.0,0.020511212335429185,电池铝箔价格受铝价和加工费影响，日度预警先跟随铝价。
2026-04-15,battery_aluminum_foil_proxy,电池铝箔（铝价代理）,电池集流体,24763.33,元/吨,铝价代理,derived_from,AL,2026-04-15,,24790.0,24935.0,0.00693242790852433,电池铝箔价格受铝价和加工费影响，日度预警先跟随铝价。
2026-04-16,battery_aluminum_foil_proxy,电池铝箔（铝价代理）,电池集流体,24763.33,元/吨,铝价代理,derived_from,AL,2026-04-16,,25545.0,25635.0,0.03520003165971608,电池铝箔价格受铝价和加工费影响，日度预警先跟随铝价。
2026-04-17,battery_aluminum_foil_proxy,电池铝箔（铝价代理）,电池集流体,25173.33,元/吨,铝价代理,derived_from,AL,2026-04-17,,25440.0,25520.0,0.01377132067946496,电池铝箔价格受铝价和加工费影响，日度预警先跟随铝价。
2026-04-20,battery_aluminum_foil_proxy,电池铝箔（铝价代理）,电池集流体,24921.67,元/吨,铝价代理,derived_from,AL,2026-04-20,,25040.0,25125.0,0.008158763036345551,电池铝箔价格受铝价和加工费影响，日度预警先跟随铝价。
2026-04-21,battery_aluminum_foil_proxy,电池铝箔（铝价代理）,电池集流体,24686.67,元/吨,铝价代理,derived_from,AL,2026-04-21,,24825.0,24900.0,0.008641505719483522,电池铝箔价格受铝价和加工费影响，日度预警先跟随铝价。
2026-04-22,battery_aluminum_foil_proxy,电池铝箔（铝价代理）,电池集流体,24783.33,元/吨,铝价代理,derived_from,AL,2026-04-22,,24980.0,25060.0,0.01116355227485566,电池铝箔价格受铝价和加工费影响，日度预警先跟随铝价。
2026-04-23,battery_aluminum_foil_proxy,电池铝箔（铝价代理）,电池集流体,24790.0,元/吨,铝价代理,derived_from,AL,2026-04-23,,24905.0,24970.0,0.007260992335619276,电池铝箔价格受铝价和加工费影响，日度预警先跟随铝价。
2026-04-24,battery_aluminum_foil_proxy,电池铝箔（铝价代理）,电池集流体,24766.67,元/吨,铝价代理,derived_from,AL,2026-04-24,,24805.0,24865.0,0.003970255185699267,电池铝箔价格受铝价和加工费影响，日度预警先跟随铝价。
2026-04-27,battery_aluminum_foil_proxy,电池铝箔（铝价代理）,电池集流体,24823.33,元/吨,铝价代理,derived_from,AL,2026-04-27,,24775.0,24855.0,0.0012758159360568566,电池铝箔价格受铝价和加工费影响，日度预警先跟随铝价。
2026-04-28,battery_aluminum_foil_proxy,电池铝箔（铝价代理）,电池集流体,24486.67,元/吨,铝价代理,derived_from,AL,2026-04-28,,24540.0,24610.0,0.00503661788230092,电池铝箔价格受铝价和加工费影响，日度预警先跟随铝价。
2026-04-29,battery_aluminum_foil_proxy,电池铝箔（铝价代理）,电池集流体,24493.33,元/吨,铝价代理,derived_from,AL,2026-04-29,,24555.0,24615.0,0.00496747481865456,电池铝箔价格受铝价和加工费影响，日度预警先跟随铝价。
2026-04-30,battery_aluminum_foil_proxy,电池铝箔（铝价代理）,电池集流体,24403.33,元/吨,铝价代理,derived_from,AL,2026-04-30,,24410.0,24430.0,0.0010928836351431492,电池铝箔价格受铝价和加工费影响，日度预警先跟随铝价。
2026-05-06,battery_aluminum_foil_proxy,电池铝箔（铝价代理）,电池集流体,24403.33,元/吨,铝价代理,derived_from,AL,2026-05-06,,24660.0,24730.0,0.013386287854977086,电池铝箔价格受铝价和加工费影响，日度预警先跟随铝价。
2026-05-07,battery_aluminum_foil_proxy,电池铝箔（铝价代理）,电池集流体,24063.33,元/吨,铝价代理,derived_from,AL,2026-05-07,,24310.0,24380.0,0.013159857758672455,电池铝箔价格受铝价和加工费影响，日度预警先跟随铝价。
2026-05-08,battery_aluminum_foil_proxy,电池铝箔（铝价代理）,电池集流体,24231.67,元/吨,铝价代理,derived_from,AL,2026-05-08,,24370.0,24445.0,0.008803767961514941,电池铝箔价格受铝价和加工费影响，日度预警先跟随铝价。
2026-05-11,battery_aluminum_foil_proxy,电池铝箔（铝价代理）,电池集流体,24403.33,元/吨,铝价代理,derived_from,AL,2026-05-11,,24475.0,24525.0,0.004985794971423818,电池铝箔价格受铝价和加工费影响，日度预警先跟随铝价。
2026-05-12,battery_aluminum_foil_proxy,电池铝箔（铝价代理）,电池集流体,24393.33,元/吨,铝价代理,derived_from,AL,2026-05-12,,24505.0,24560.0,0.006832605470429742,电池铝箔价格受铝价和加工费影响，日度预警先跟随铝价。
2026-05-13,battery_aluminum_foil_proxy,电池铝箔（铝价代理）,电池集流体,24576.67,元/吨,铝价代理,derived_from,AL,2026-05-13,,24825.0,24885.0,0.012545637793891506,电池铝箔价格受铝价和加工费影响，日度预警先跟随铝价。
2026-05-14,battery_aluminum_foil_proxy,电池铝箔（铝价代理）,电池集流体,24620.0,元/吨,铝价代理,derived_from,AL,2026-05-14,,24645.0,24670.0,0.002030869212022779,电池铝箔价格受铝价和加工费影响，日度预警先跟随铝价。
2026-05-15,battery_aluminum_foil_proxy,电池铝箔（铝价代理）,电池集流体,24380.0,元/吨,铝价代理,derived_from,AL,2026-05-15,,24290.0,24360.0,-0.0008203445447088065,电池铝箔价格受铝价和加工费影响，日度预警先跟随铝价。
2026-05-18,battery_aluminum_foil_proxy,电池铝箔（铝价代理）,电池集流体,24063.33,元/吨,铝价代理,derived_from,AL,2026-05-18,,24295.0,24295.0,0.009627512069193989,电池铝箔价格受铝价和加工费影响，日度预警先跟随铝价。
2026-05-19,battery_aluminum_foil_proxy,电池铝箔（铝价代理）,电池集流体,24210.0,元/吨,铝价代理,derived_from,AL,2026-05-19,,24480.0,24530.0,0.013217678645187858,电池铝箔价格受铝价和加工费影响，日度预警先跟随铝价。
2026-05-20,battery_aluminum_foil_proxy,电池铝箔（铝价代理）,电池集流体,24210.0,元/吨,铝价代理,derived_from,AL,2026-05-20,,24470.0,24525.0,0.013011152416356975,电池铝箔价格受铝价和加工费影响，日度预警先跟随铝价。
2026-05-21,battery_aluminum_foil_proxy,电池铝箔（铝价代理）,电池集流体,24406.67,元/吨,铝价代理,derived_from,AL,2026-05-21,,24305.0,24360.0,-0.0019121822026518798,电池铝箔价格受铝价和加工费影响，日度预警先跟随铝价。
2026-05-22,battery_aluminum_foil_proxy,电池铝箔（铝价代理）,电池集流体,24363.33,元/吨,铝价代理,derived_from,AL,2026-05-22,,24440.0,24505.0,0.00581488655286444,电池铝箔价格受铝价和加工费影响，日度预警先跟随铝价。
2026-05-25,battery_aluminum_foil_proxy,电池铝箔（铝价代理）,电池集流体,24323.33,元/吨,铝价代理,derived_from,AL,2026-05-25,,24400.0,24465.0,0.0058244492016512606,电池铝箔价格受铝价和加工费影响，日度预警先跟随铝价。
2026-05-26,battery_aluminum_foil_proxy,电池铝箔（铝价代理）,电池集流体,24093.33,元/吨,铝价代理,derived_from,AL,2026-05-26,,24500.0,24570.0,0.01978431374990497,电池铝箔价格受铝价和加工费影响，日度预警先跟随铝价。
2026-05-27,battery_aluminum_foil_proxy,电池铝箔（铝价代理）,电池集流体,24401.67,元/吨,铝价代理,derived_from,AL,2026-05-27,,24410.0,24485.0,0.0034149302076456056,电池铝箔价格受铝价和加工费影响，日度预警先跟随铝价。
2026-05-28,battery_aluminum_foil_proxy,电池铝箔（铝价代理）,电池集流体,24151.67,元/吨,铝价代理,derived_from,AL,2026-05-28,,24215.0,24285.0,0.005520529222202919,电池铝箔价格受铝价和加工费影响，日度预警先跟随铝价。
2026-05-29,battery_aluminum_foil_proxy,电池铝箔（铝价代理）,电池集流体,24223.33,元/吨,铝价代理,derived_from,AL,2026-05-29,,24195.0,24270.0,0.0019266550057319698,电池铝箔价格受铝价和加工费影响，日度预警先跟随铝价。
2026-06-01,battery_aluminum_foil_proxy,电池铝箔（铝价代理）,电池集流体,24201.67,元/吨,铝价代理,derived_from,AL,2026-06-01,,24290.0,24360.0,0.006542110523777955,电池铝箔价格受铝价和加工费影响，日度预警先跟随铝价。
2026-06-02,battery_aluminum_foil_proxy,电池铝箔（铝价代理）,电池集流体,24338.33,元/吨,铝价代理,derived_from,AL,2026-06-02,,24740.0,24825.0,0.01999603095200042,电池铝箔价格受铝价和加工费影响，日度预警先跟随铝价。
2026-06-03,battery_aluminum_foil_proxy,电池铝箔（铝价代理）,电池集流体,24470.0,元/吨,铝价代理,derived_from,AL,2026-06-03,,24425.0,24520.0,0.002043318348998735,电池铝箔价格受铝价和加工费影响，日度预警先跟随铝价。
2026-06-04,battery_aluminum_foil_proxy,电池铝箔（铝价代理）,电池集流体,24223.33,元/吨,铝价代理,derived_from,AL,2026-06-04,,24260.0,24315.0,0.003784368210316247,电池铝箔价格受铝价和加工费影响，日度预警先跟随铝价。
2026-06-05,battery_aluminum_foil_proxy,电池铝箔（铝价代理）,电池集流体,24220.0,元/吨,铝价代理,derived_from,AL,2026-06-05,,24230.0,24300.0,0.003303055326176807,电池铝箔价格受铝价和加工费影响，日度预警先跟随铝价。
2026-06-08,battery_aluminum_foil_proxy,电池铝箔（铝价代理）,电池集流体,24013.33,元/吨,铝价代理,derived_from,AL,2026-06-08,,24040.0,24105.0,0.0038174630507306073,电池铝箔价格受铝价和加工费影响，日度预警先跟随铝价。
2026-06-09,battery_aluminum_foil_proxy,电池铝箔（铝价代理）,电池集流体,23913.33,元/吨,铝价代理,derived_from,AL,2026-06-09,,24015.0,24110.0,0.008224283276314859,电池铝箔价格受铝价和加工费影响，日度预警先跟随铝价。
2026-06-10,battery_aluminum_foil_proxy,电池铝箔（铝价代理）,电池集流体,23793.33,元/吨,铝价代理,derived_from,AL,2026-06-10,,23840.0,23905.0,0.004693332122909899,电池铝箔价格受铝价和加工费影响，日度预警先跟随铝价。
2026-06-11,battery_aluminum_foil_proxy,电池铝箔（铝价代理）,电池集流体,23986.67,元/吨,铝价代理,derived_from,AL,2026-06-11,,23970.0,24055.0,0.0028486655296462438,电池铝箔价格受铝价和加工费影响，日度预警先跟随铝价。
2026-06-12,battery_aluminum_foil_proxy,电池铝箔（铝价代理）,电池集流体,24153.33,元/吨,铝价代理,derived_from,AL,2026-06-12,,24150.0,24165.0,0.0004831631911623724,电池铝箔价格受铝价和加工费影响，日度预警先跟随铝价。
2025-12-15,battery_copper_foil_proxy,电池铜箔（铜价代理）,电池集流体,92298.33,元/吨,铜价代理,derived_from,CU,2025-12-15,,92440.0,92490.0,0.0020766356227679417,电池铜箔价格由铜价加加工费构成，日度预警先跟随铜价。
2025-12-16,battery_copper_foil_proxy,电池铜箔（铜价代理）,电池集流体,91851.67,元/吨,铜价代理,derived_from,CU,2025-12-16,,91840.0,91920.0,0.0007439167954159664,电池铜箔价格由铜价加加工费构成，日度预警先跟随铜价。
2025-12-17,battery_copper_foil_proxy,电池铜箔（铜价代理）,电池集流体,92196.67,元/吨,铜价代理,derived_from,CU,2025-12-17,,92720.0,92820.0,0.006760873250628352,电池铜箔价格由铜价加加工费构成，日度预警先跟随铜价。
2025-12-18,battery_copper_foil_proxy,电池铜箔（铜价代理）,电池集流体,92316.67,元/吨,铜价代理,derived_from,CU,2025-12-18,,92450.0,92600.0,0.003069109836825845,电池铜箔价格由铜价加加工费构成，日度预警先跟随铜价。
2025-12-19,battery_copper_foil_proxy,电池铜箔（铜价代理）,电池集流体,92496.67,元/吨,铜价代理,derived_from,CU,2025-12-19,,93000.0,93180.0,0.007387617305574468,电池铜箔价格由铜价加加工费构成，日度预警先跟随铜价。
2025-12-22,battery_copper_foil_proxy,电池铜箔（铜价代理）,电池集流体,93843.33,元/吨,铜价代理,derived_from,CU,2025-12-22,,94110.0,94320.0,0.005079423332484012,电池铜箔价格由铜价加加工费构成，日度预警先跟随铜价。
2025-12-23,battery_copper_foil_proxy,电池铜箔（铜价代理）,电池集流体,93570.0,元/吨,铜价代理,derived_from,CU,2025-12-23,,93740.0,93930.0,0.0038473869830073504,电池铜箔价格由铜价加加工费构成，日度预警先跟随铜价。
2025-12-24,battery_copper_foil_proxy,电池铜箔（铜价代理）,电池集流体,94853.33,元/吨,铜价代理,derived_from,CU,2025-12-24,,95860.0,96100.0,0.013143133720239453,电池铜箔价格由铜价加加工费构成，日度预警先跟随铜价。
2025-12-25,battery_copper_foil_proxy,电池铜箔（铜价代理）,电池集流体,94901.67,元/吨,铜价代理,derived_from,CU,2025-12-25,,95990.0,96210.0,0.013786164142316926,电池铜箔价格由铜价加加工费构成，日度预警先跟随铜价。
2025-12-26,battery_copper_foil_proxy,电池铜箔（铜价代理）,电池集流体,97885.0,元/吨,铜价代理,derived_from,CU,2025-12-26,,98600.0,98720.0,0.008530418348061453,电池铜箔价格由铜价加加工费构成，日度预警先跟随铜价。
2025-12-29,battery_copper_foil_proxy,电池铜箔（铜价代理）,电池集流体,101053.33,元/吨,铜价代理,derived_from,CU,2025-12-29,,98720.0,98860.0,-0.021704678114021547,电池铜箔价格由铜价加加工费构成，日度预警先跟随铜价。
2025-12-30,battery_copper_foil_proxy,电池铜箔（铜价代理）,电池集流体,97675.0,元/吨,铜价代理,derived_from,CU,2025-12-30,,98010.0,98090.0,0.004248784233427116,电池铜箔价格由铜价加加工费构成，日度预警先跟随铜价。
2025-12-31,battery_copper_foil_proxy,电池铜箔（铜价代理）,电池集流体,99180.0,元/吨,铜价代理,derived_from,CU,2025-12-31,,98800.0,98240.0,-0.009477717281709985,电池铜箔价格由铜价加加工费构成，日度预警先跟随铜价。
2026-01-05,battery_copper_foil_proxy,电池铜箔（铜价代理）,电池集流体,100653.33,元/吨,铜价代理,derived_from,CU,2026-01-05,,101190.0,101350.0,0.006921479895399374,电池铜箔价格由铜价加加工费构成，日度预警先跟随铜价。
2026-01-06,battery_copper_foil_proxy,电池铜箔（铜价代理）,电池集流体,103741.67,元/吨,铜价代理,derived_from,CU,2026-01-06,,105330.0,105320.0,0.015214040799613082,电池铜箔价格由铜价加加工费构成，日度预警先跟随铜价。
2026-01-07,battery_copper_foil_proxy,电池铜箔（铜价代理）,电池集流体,103571.67,元/吨,铜价代理,derived_from,CU,2026-01-07,,103170.0,103410.0,-0.0015609480855141022,电池铜箔价格由铜价加加工费构成，日度预警先跟随铜价。
2026-01-08,battery_copper_foil_proxy,电池铜箔（铜价代理）,电池集流体,102418.33,元/吨,铜价代理,derived_from,CU,2026-01-08,,100970.0,101250.0,-0.011407430681597774,电池铜箔价格由铜价加加工费构成，日度预警先跟随铜价。
2026-01-09,battery_copper_foil_proxy,电池铜箔（铜价代理）,电池集流体,100515.0,元/吨,铜价代理,derived_from,CU,2026-01-09,,101210.0,101580.0,0.010595433517385455,电池铜箔价格由铜价加加工费构成，日度预警先跟随铜价。
2026-01-12,battery_copper_foil_proxy,电池铜箔（铜价代理）,电池集流体,103276.67,元/吨,铜价代理,derived_from,CU,2026-01-12,,103430.0,103980.0,0.006810153735592017,电池铜箔价格由铜价加加工费构成，日度预警先跟随铜价。
2026-01-13,battery_copper_foil_proxy,电池铜箔（铜价代理）,电池集流体,102405.0,元/吨,铜价代理,derived_from,CU,2026-01-13,,102090.0,102480.0,0.0007323861139592047,电池铜箔价格由铜价加加工费构成，日度预警先跟随铜价。
2026-01-14,battery_copper_foil_proxy,电池铜箔（铜价代理）,电池集流体,104121.67,元/吨,铜价代理,derived_from,CU,2026-01-14,,103450.0,104120.0,-1.60389283038187e-05,电池铜箔价格由铜价加加工费构成，日度预警先跟随铜价。
2026-01-15,battery_copper_foil_proxy,电池铜箔（铜价代理）,电池集流体,102551.67,元/吨,铜价代理,derived_from,CU,2026-01-15,,102200.0,102810.0,0.0025190228496523304,电池铜箔价格由铜价加加工费构成，日度预警先跟随铜价。
2026-01-16,battery_copper_foil_proxy,电池铜箔（铜价代理）,电池集流体,101810.0,元/吨,铜价代理,derived_from,CU,2026-01-16,,100590.0,100770.0,-0.010215106571063726,电池铜箔价格由铜价加加工费构成，日度预警先跟随铜价。
2026-01-19,battery_copper_foil_proxy,电池铜箔（铜价代理）,电池集流体,101140.0,元/吨,铜价代理,derived_from,CU,2026-01-19,,100990.0,101180.0,0.0003954913980621644,电池铜箔价格由铜价加加工费构成，日度预警先跟随铜价。
2026-01-20,battery_copper_foil_proxy,电池铜箔（铜价代理）,电池集流体,100660.0,元/吨,铜价代理,derived_from,CU,2026-01-20,,100940.0,101230.0,0.0056626266640174006,电池铜箔价格由铜价加加工费构成，日度预警先跟随铜价。
2026-01-21,battery_copper_foil_proxy,电池铜箔（铜价代理）,电池集流体,100221.67,元/吨,铜价代理,derived_from,CU,2026-01-21,,101050.0,101280.0,0.010559891887652606,电池铜箔价格由铜价加加工费构成，日度预警先跟随铜价。
2026-01-22,battery_copper_foil_proxy,电池铜箔（铜价代理）,电池集流体,100231.67,元/吨,铜价代理,derived_from,CU,2026-01-22,,100440.0,100700.0,0.004672475276526811,电池铜箔价格由铜价加加工费构成，日度预警先跟随铜价。
2026-01-23,battery_copper_foil_proxy,电池铜箔（铜价代理）,电池集流体,100920.0,元/吨,铜价代理,derived_from,CU,2026-01-23,,101050.0,101340.0,0.004161712247324534,电池铜箔价格由铜价加加工费构成，日度预警先跟随铜价。
2026-01-26,battery_copper_foil_proxy,电池铜箔（铜价代理）,电池集流体,102426.67,元/吨,铜价代理,derived_from,CU,2026-01-26,,101510.0,101880.0,-0.005337184153306973,电池铜箔价格由铜价加加工费构成，日度预警先跟随铜价。
2026-01-27,battery_copper_foil_proxy,电池铜箔（铜价代理）,电池集流体,101520.0,元/吨,铜价代理,derived_from,CU,2026-01-27,,102280.0,102600.0,0.010638297872340496,电池铜箔价格由铜价加加工费构成，日度预警先跟随铜价。
2026-01-28,battery_copper_foil_proxy,电池铜箔（铜价代理）,电池集流体,101628.33,元/吨,铜价代理,derived_from,CU,2026-01-28,,102670.0,103060.0,0.014087312071348501,电池铜箔价格由铜价加加工费构成，日度预警先跟随铜价。
2026-01-29,battery_copper_foil_proxy,电池铜箔（铜价代理）,电池集流体,103206.67,元/吨,铜价代理,derived_from,CU,2026-01-29,,108670.0,109110.0,0.05719911319685056,电池铜箔价格由铜价加加工费构成，日度预警先跟随铜价。
2026-01-30,battery_copper_foil_proxy,电池铜箔（铜价代理）,电池集流体,104496.67,元/吨,铜价代理,derived_from,CU,2026-01-30,,103170.0,103680.0,-0.007815272965157605,电池铜箔价格由铜价加加工费构成，日度预警先跟随铜价。
2026-02-02,battery_copper_foil_proxy,电池铜箔（铜价代理）,电池集流体,100853.33,元/吨,铜价代理,derived_from,CU,2026-02-02,,97690.0,98580.0,-0.02254095130026945,电池铜箔价格由铜价加加工费构成，日度预警先跟随铜价。
2026-02-03,battery_copper_foil_proxy,电池铜箔（铜价代理）,电池集流体,101388.33,元/吨,铜价代理,derived_from,CU,2026-02-03,,104140.0,104500.0,0.03069061301236542,电池铜箔价格由铜价加加工费构成，日度预警先跟随铜价。
2026-02-04,battery_copper_foil_proxy,电池铜箔（铜价代理）,电池集流体,104786.67,元/吨,铜价代理,derived_from,CU,2026-02-04,,104730.0,105160.0,0.0035627623246354823,电池铜箔价格由铜价加加工费构成，日度预警先跟随铜价。
2026-02-05,battery_copper_foil_proxy,电池铜箔（铜价代理）,电池集流体,101288.33,元/吨,铜价代理,derived_from,CU,2026-02-05,,100680.0,100980.0,-0.0030440821761006376,电池铜箔价格由铜价加加工费构成，日度预警先跟随铜价。
2026-02-06,battery_copper_foil_proxy,电池铜箔（铜价代理）,电池集流体,100035.0,元/吨,铜价代理,derived_from,CU,2026-02-06,,99810.0,100100.0,0.0006497725795970855,电池铜箔价格由铜价加加工费构成，日度预警先跟随铜价。
2026-02-09,battery_copper_foil_proxy,电池铜箔（铜价代理）,电池集流体,101646.67,元/吨,铜价代理,derived_from,CU,2026-02-09,,101500.0,101840.0,0.0019019806551459073,电池铜箔价格由铜价加加工费构成，日度预警先跟随铜价。
2026-02-10,battery_copper_foil_proxy,电池铜箔（铜价代理）,电池集流体,101858.33,元/吨,铜价代理,derived_from,CU,2026-02-10,,101150.0,101560.0,-0.002928871894915197,电池铜箔价格由铜价加加工费构成，日度预警先跟随铜价。
2026-02-11,battery_copper_foil_proxy,电池铜箔（铜价代理）,电池集流体,101353.33,元/吨,铜价代理,derived_from,CU,2026-02-11,,101740.0,102180.0,0.008156318100253745,电池铜箔价格由铜价加加工费构成，日度预警先跟随铜价。
2026-02-12,battery_copper_foil_proxy,电池铜箔（铜价代理）,电池集流体,102133.33,元/吨,铜价代理,derived_from,CU,2026-02-12,,101970.0,102680.0,0.005352513229520683,电池铜箔价格由铜价加加工费构成，日度预警先跟随铜价。
2026-02-13,battery_copper_foil_proxy,电池铜箔（铜价代理）,电池集流体,100356.67,元/吨,铜价代理,derived_from,CU,2026-02-13,,99870.0,100630.0,0.0027235857865750557,电池铜箔价格由铜价加加工费构成，日度预警先跟随铜价。
2026-02-24,battery_copper_foil_proxy,电池铜箔（铜价代理）,电池集流体,101598.33,元/吨,铜价代理,derived_from,CU,2026-02-24,,101210.0,101810.0,0.00208340038660082,电池铜箔价格由铜价加加工费构成，日度预警先跟随铜价。
2026-02-25,battery_copper_foil_proxy,电池铜箔（铜价代理）,电池集流体,102146.67,元/吨,铜价代理,derived_from,CU,2026-02-25,,102460.0,102890.0,0.0072770849994425735,电池铜箔价格由铜价加加工费构成，日度预警先跟随铜价。
2026-02-26,battery_copper_foil_proxy,电池铜箔（铜价代理）,电池集流体,101981.67,元/吨,铜价代理,derived_from,CU,2026-02-26,,102260.0,102670.0,0.0067495462665005945,电池铜箔价格由铜价加加工费构成，日度预警先跟随铜价。
2026-02-27,battery_copper_foil_proxy,电池铜箔（铜价代理）,电池集流体,102136.67,元/吨,铜价代理,derived_from,CU,2026-02-27,,103320.0,103920.0,0.017460232451283142,电池铜箔价格由铜价加加工费构成，日度预警先跟随铜价。
2026-03-02,battery_copper_foil_proxy,电池铜箔（铜价代理）,电池集流体,102186.67,元/吨,铜价代理,derived_from,CU,2026-03-02,,103500.0,103850.0,0.01627736768406285,电池铜箔价格由铜价加加工费构成，日度预警先跟随铜价。
2026-03-03,battery_copper_foil_proxy,电池铜箔（铜价代理）,电池集流体,101821.67,元/吨,铜价代理,derived_from,CU,2026-03-03,,101880.0,102100.0,0.0027335045673479996,电池铜箔价格由铜价加加工费构成，日度预警先跟随铜价。
2026-03-04,battery_copper_foil_proxy,电池铜箔（铜价代理）,电池集流体,101851.67,元/吨,铜价代理,derived_from,CU,2026-03-04,,101410.0,101660.0,-0.0018818542690561824,电池铜箔价格由铜价加加工费构成，日度预警先跟随铜价。
2026-03-05,battery_copper_foil_proxy,电池铜箔（铜价代理）,电池集流体,101608.33,元/吨,铜价代理,derived_from,CU,2026-03-05,,100870.0,101080.0,-0.005199672113497034,电池铜箔价格由铜价加加工费构成，日度预警先跟随铜价。
2026-03-06,battery_copper_foil_proxy,电池铜箔（铜价代理）,电池集流体,101121.67,元/吨,铜价代理,derived_from,CU,2026-03-06,,100750.0,101050.0,-0.0007087501620571812,电池铜箔价格由铜价加加工费构成，日度预警先跟随铜价。
2026-03-09,battery_copper_foil_proxy,电池铜箔（铜价代理）,电池集流体,100168.33,元/吨,铜价代理,derived_from,CU,2026-03-09,,99880.0,100190.0,0.00021633584187741306,电池铜箔价格由铜价加加工费构成，日度预警先跟随铜价。
2026-03-10,battery_copper_foil_proxy,电池铜箔（铜价代理）,电池集流体,101503.33,元/吨,铜价代理,derived_from,CU,2026-03-10,,101180.0,101520.0,0.00016423106512863939,电池铜箔价格由铜价加加工费构成，日度预警先跟随铜价。
2026-03-11,battery_copper_foil_proxy,电池铜箔（铜价代理）,电池集流体,101356.67,元/吨,铜价代理,derived_from,CU,2026-03-11,,100780.0,101150.0,-0.002039036996775878,电池铜箔价格由铜价加加工费构成，日度预警先跟随铜价。
2026-03-12,battery_copper_foil_proxy,电池铜箔（铜价代理）,电池集流体,100871.67,元/吨,铜价代理,derived_from,CU,2026-03-12,,100740.0,101010.0,0.0013713463849662766,电池铜箔价格由铜价加加工费构成，日度预警先跟随铜价。
2026-03-13,battery_copper_foil_proxy,电池铜箔（铜价代理）,电池集流体,100615.0,元/吨,铜价代理,derived_from,CU,2026-03-13,,100000.0,100310.0,-0.003031357153505887,电池铜箔价格由铜价加加工费构成，日度预警先跟随铜价。
2026-03-16,battery_copper_foil_proxy,电池铜箔（铜价代理）,电池集流体,99333.33,元/吨,铜价代理,derived_from,CU,2026-03-16,,99600.0,99720.0,0.0038926511373371664,电池铜箔价格由铜价加加工费构成，日度预警先跟随铜价。
2026-03-17,battery_copper_foil_proxy,电池铜箔（铜价代理）,电池集流体,100351.67,元/吨,铜价代理,derived_from,CU,2026-03-17,,99340.0,99420.0,-0.009284050778626818,电池铜箔价格由铜价加加工费构成，日度预警先跟随铜价。
2026-03-18,battery_copper_foil_proxy,电池铜箔（铜价代理）,电池集流体,99083.33,元/吨,铜价代理,derived_from,CU,2026-03-18,,98590.0,98610.0,-0.004777090152299102,电池铜箔价格由铜价加加工费构成，日度预警先跟随铜价。
2026-03-19,battery_copper_foil_proxy,电池铜箔（铜价代理）,电池集流体,95633.33,元/吨,铜价代理,derived_from,CU,2026-03-19,,94430.0,94420.0,-0.012687313094712938,电池铜箔价格由铜价加加工费构成，日度预警先跟随铜价。
2026-03-20,battery_copper_foil_proxy,电池铜箔（铜价代理）,电池集流体,95813.33,元/吨,铜价代理,derived_from,CU,2026-03-20,,94780.0,94740.0,-0.011202303479067033,电池铜箔价格由铜价加加工费构成，日度预警先跟随铜价。
2026-03-23,battery_copper_foil_proxy,电池铜箔（铜价代理）,电池集流体,93006.67,元/吨,铜价代理,derived_from,CU,2026-03-23,,92120.0,92100.0,-0.009748440622591836,电池铜箔价格由铜价加加工费构成，日度预警先跟随铜价。
2026-03-24,battery_copper_foil_proxy,电池铜箔（铜价代理）,电池集流体,93955.0,元/吨,铜价代理,derived_from,CU,2026-03-24,,94110.0,94030.0,0.000798254483529437,电池铜箔价格由铜价加加工费构成，日度预警先跟随铜价。
2026-03-25,battery_copper_foil_proxy,电池铜箔（铜价代理）,电池集流体,95731.67,元/吨,铜价代理,derived_from,CU,2026-03-25,,95550.0,95590.0,-0.0014798655450176668,电池铜箔价格由铜价加加工费构成，日度预警先跟随铜价。
2026-03-26,battery_copper_foil_proxy,电池铜箔（铜价代理）,电池集流体,95521.67,元/吨,铜价代理,derived_from,CU,2026-03-26,,95320.0,95350.0,-0.0017971838222677894,电池铜箔价格由铜价加加工费构成，日度预警先跟随铜价。
2026-03-27,battery_copper_foil_proxy,电池铜箔（铜价代理）,电池集流体,95520.0,元/吨,铜价代理,derived_from,CU,2026-03-27,,95950.0,95930.0,0.004292294807370256,电池铜箔价格由铜价加加工费构成，日度预警先跟随铜价。
2026-03-30,battery_copper_foil_proxy,电池铜箔（铜价代理）,电池集流体,95260.0,元/吨,铜价代理,derived_from,CU,2026-03-30,,95700.0,95760.0,0.005248792777661215,电池铜箔价格由铜价加加工费构成，日度预警先跟随铜价。
2026-03-31,battery_copper_foil_proxy,电池铜箔（铜价代理）,电池集流体,95666.67,元/吨,铜价代理,derived_from,CU,2026-03-31,,95300.0,95340.0,-0.00341466887056896,电池铜箔价格由铜价加加工费构成，日度预警先跟随铜价。
2026-04-01,battery_copper_foil_proxy,电池铜箔（铜价代理）,电池集流体,96953.33,元/吨,铜价代理,derived_from,CU,2026-04-01,,96980.0,97030.0,0.0007907928484767179,电池铜箔价格由铜价加加工费构成，日度预警先跟随铜价。
2026-04-02,battery_copper_foil_proxy,电池铜箔（铜价代理）,电池集流体,96155.0,元/吨,铜价代理,derived_from,CU,2026-04-02,,95800.0,95880.0,-0.0028599656804118023,电池铜箔价格由铜价加加工费构成，日度预警先跟随铜价。
2026-04-03,battery_copper_foil_proxy,电池铜箔（铜价代理）,电池集流体,96186.67,元/吨,铜价代理,derived_from,CU,2026-04-03,,96240.0,96250.0,0.0006584072408371,电池铜箔价格由铜价加加工费构成，日度预警先跟随铜价。
2026-04-07,battery_copper_foil_proxy,电池铜箔（铜价代理）,电池集流体,96750.0,元/吨,铜价代理,derived_from,CU,2026-04-07,,96510.0,96560.0,-0.001963824289405669,电池铜箔价格由铜价加加工费构成，日度预警先跟随铜价。
2026-04-08,battery_copper_foil_proxy,电池铜箔（铜价代理）,电池集流体,97785.0,元/吨,铜价代理,derived_from,CU,2026-04-08,,98140.0,98220.0,0.004448535051388314,电池铜箔价格由铜价加加工费构成，日度预警先跟随铜价。
2026-04-09,battery_copper_foil_proxy,电池铜箔（铜价代理）,电池集流体,97606.67,元/吨,铜价代理,derived_from,CU,2026-04-09,,97730.0,97810.0,0.002083156817049403,电池铜箔价格由铜价加加工费构成，日度预警先跟随铜价。
2026-04-10,battery_copper_foil_proxy,电池铜箔（铜价代理）,电池集流体,98331.67,元/吨,铜价代理,derived_from,CU,2026-04-10,,98390.0,98440.0,0.0011016796521405858,电池铜箔价格由铜价加加工费构成，日度预警先跟随铜价。
2026-04-13,battery_copper_foil_proxy,电池铜箔（铜价代理）,电池集流体,98875.0,元/吨,铜价代理,derived_from,CU,2026-04-13,,99600.0,99610.0,0.0074336283185840735,电池铜箔价格由铜价加加工费构成，日度预警先跟随铜价。
2026-04-14,battery_copper_foil_proxy,电池铜箔（铜价代理）,电池集流体,101080.0,元/吨,铜价代理,derived_from,CU,2026-04-14,,101180.0,101190.0,0.001088246933122372,电池铜箔价格由铜价加加工费构成，日度预警先跟随铜价。
2026-04-15,battery_copper_foil_proxy,电池铜箔（铜价代理）,电池集流体,102910.0,元/吨,铜价代理,derived_from,CU,2026-04-15,,101630.0,102160.0,-0.0072879214847925144,电池铜箔价格由铜价加加工费构成，日度预警先跟随铜价。
2026-04-16,battery_copper_foil_proxy,电池铜箔（铜价代理）,电池集流体,102398.33,元/吨,铜价代理,derived_from,CU,2026-04-16,,102680.0,102720.0,0.0031413598249112606,电池铜箔价格由铜价加加工费构成，日度预警先跟随铜价。
2026-04-17,battery_copper_foil_proxy,电池铜箔（铜价代理）,电池集流体,102035.0,元/吨,铜价代理,derived_from,CU,2026-04-17,,102290.0,102330.0,0.0028911647963933973,电池铜箔价格由铜价加加工费构成，日度预警先跟随铜价。
2026-04-20,battery_copper_foil_proxy,电池铜箔（铜价代理）,电池集流体,102871.67,元/吨,铜价代理,derived_from,CU,2026-04-20,,102460.0,102620.0,-0.0024464461401277893,电池铜箔价格由铜价加加工费构成，日度预警先跟随铜价。
2026-04-21,battery_copper_foil_proxy,电池铜箔（铜价代理）,电池集流体,102190.0,元/吨,铜价代理,derived_from,CU,2026-04-21,,102020.0,102140.0,-0.0004892846658185457,电池铜箔价格由铜价加加工费构成，日度预警先跟随铜价。
2026-04-22,battery_copper_foil_proxy,电池铜箔（铜价代理）,电池集流体,102288.33,元/吨,铜价代理,derived_from,CU,2026-04-22,,102530.0,102640.0,0.003438026605772082,电池铜箔价格由铜价加加工费构成，日度预警先跟随铜价。
2026-04-23,battery_copper_foil_proxy,电池铜箔（铜价代理）,电池集流体,102933.33,元/吨,铜价代理,derived_from,CU,2026-04-23,,102640.0,102780.0,-0.00148960497051831,电池铜箔价格由铜价加加工费构成，日度预警先跟随铜价。
2026-04-24,battery_copper_foil_proxy,电池铜箔（铜价代理）,电池集流体,102618.33,元/吨,铜价代理,derived_from,CU,2026-04-24,,102340.0,102460.0,-0.0015429017408488122,电池铜箔价格由铜价加加工费构成，日度预警先跟随铜价。
2026-04-27,battery_copper_foil_proxy,电池铜箔（铜价代理）,电池集流体,102950.0,元/吨,铜价代理,derived_from,CU,2026-04-27,,102720.0,102800.0,-0.0014570179698882857,电池铜箔价格由铜价加加工费构成，日度预警先跟随铜价。
2026-04-28,battery_copper_foil_proxy,电池铜箔（铜价代理）,电池集流体,102080.0,元/吨,铜价代理,derived_from,CU,2026-04-28,,102140.0,102260.0,0.001763322884012597,电池铜箔价格由铜价加加工费构成，日度预警先跟随铜价。
2026-04-29,battery_copper_foil_proxy,电池铜箔（铜价代理）,电池集流体,101635.0,元/吨,铜价代理,derived_from,CU,2026-04-29,,101620.0,101630.0,-4.91956511043945e-05,电池铜箔价格由铜价加加工费构成，日度预警先跟随铜价。
2026-04-30,battery_copper_foil_proxy,电池铜箔（铜价代理）,电池集流体,101498.33,元/吨,铜价代理,derived_from,CU,2026-04-30,,100970.0,101030.0,-0.004614164587732672,电池铜箔价格由铜价加加工费构成，日度预警先跟随铜价。
2026-05-06,battery_copper_foil_proxy,电池铜箔（铜价代理）,电池集流体,102590.0,元/吨,铜价代理,derived_from,CU,2026-05-06,,102620.0,102660.0,0.0006823277122527394,电池铜箔价格由铜价加加工费构成，日度预警先跟随铜价。
2026-05-07,battery_copper_foil_proxy,电池铜箔（铜价代理）,电池集流体,102858.33,元/吨,铜价代理,derived_from,CU,2026-05-07,,102950.0,103000.0,0.0013773313255232011,电池铜箔价格由铜价加加工费构成，日度预警先跟随铜价。
2026-05-08,battery_copper_foil_proxy,电池铜箔（铜价代理）,电池集流体,102853.33,元/吨,铜价代理,derived_from,CU,2026-05-08,,104460.0,104550.0,0.01649601427586256,电池铜箔价格由铜价加加工费构成，日度预警先跟随铜价。
2026-05-11,battery_copper_foil_proxy,电池铜箔（铜价代理）,电池集流体,104373.33,元/吨,铜价代理,derived_from,CU,2026-05-11,,104600.0,104620.0,0.0023633432027128087,电池铜箔价格由铜价加加工费构成，日度预警先跟随铜价。
2026-05-12,battery_copper_foil_proxy,电池铜箔（铜价代理）,电池集流体,106546.67,元/吨,铜价代理,derived_from,CU,2026-05-12,,106450.0,106510.0,-0.0003441684287270874,电池铜箔价格由铜价加加工费构成，日度预警先跟随铜价。
2026-05-13,battery_copper_foil_proxy,电池铜箔（铜价代理）,电池集流体,108573.33,元/吨,铜价代理,derived_from,CU,2026-05-13,,108500.0,108510.0,-0.0005832924162867403,电池铜箔价格由铜价加加工费构成，日度预警先跟随铜价。
2026-05-14,battery_copper_foil_proxy,电池铜箔（铜价代理）,电池集流体,107511.67,元/吨,铜价代理,derived_from,CU,2026-05-14,,106740.0,106750.0,-0.007084533241833224,电池铜箔价格由铜价加加工费构成，日度预警先跟随铜价。
2026-05-15,battery_copper_foil_proxy,电池铜箔（铜价代理）,电池集流体,105588.33,元/吨,铜价代理,derived_from,CU,2026-05-15,,104730.0,104710.0,-0.008318438221345148,电池铜箔价格由铜价加加工费构成，日度预警先跟随铜价。
2026-05-18,battery_copper_foil_proxy,电池铜箔（铜价代理）,电池集流体,104278.33,元/吨,铜价代理,derived_from,CU,2026-05-18,,104330.0,104330.0,0.000495500838956664,电池铜箔价格由铜价加加工费构成，日度预警先跟随铜价。
2026-05-19,battery_copper_foil_proxy,电池铜箔（铜价代理）,电池集流体,104185.0,元/吨,铜价代理,derived_from,CU,2026-05-19,,104530.0,104540.0,0.0034074002975477136,电池铜箔价格由铜价加加工费构成，日度预警先跟随铜价。
2026-05-20,battery_copper_foil_proxy,电池铜箔（铜价代理）,电池集流体,103398.33,元/吨,铜价代理,derived_from,CU,2026-05-20,,103950.0,103980.0,0.00562552606023714,电池铜箔价格由铜价加加工费构成，日度预警先跟随铜价。
2026-05-21,battery_copper_foil_proxy,电池铜箔（铜价代理）,电池集流体,105220.0,元/吨,铜价代理,derived_from,CU,2026-05-21,,103940.0,104040.0,-0.01121459798517388,电池铜箔价格由铜价加加工费构成，日度预警先跟随铜价。
2026-05-22,battery_copper_foil_proxy,电池铜箔（铜价代理）,电池集流体,104575.0,元/吨,铜价代理,derived_from,CU,2026-05-22,,104770.0,104870.0,0.0028209419077216413,电池铜箔价格由铜价加加工费构成，日度预警先跟随铜价。
2026-05-25,battery_copper_foil_proxy,电池铜箔（铜价代理）,电池集流体,105661.67,元/吨,铜价代理,derived_from,CU,2026-05-25,,105520.0,105650.0,-0.00011044686308669949,电池铜箔价格由铜价加加工费构成，日度预警先跟随铜价。
2026-05-26,battery_copper_foil_proxy,电池铜箔（铜价代理）,电池集流体,104800.0,元/吨,铜价代理,derived_from,CU,2026-05-26,,104840.0,104960.0,0.0015267175572519776,电池铜箔价格由铜价加加工费构成，日度预警先跟随铜价。
2026-05-27,battery_copper_foil_proxy,电池铜箔（铜价代理）,电池集流体,104938.33,元/吨,铜价代理,derived_from,CU,2026-05-27,,104610.0,104680.0,-0.002461731571295256,电池铜箔价格由铜价加加工费构成，日度预警先跟随铜价。
2026-05-28,battery_copper_foil_proxy,电池铜箔（铜价代理）,电池集流体,103580.0,元/吨,铜价代理,derived_from,CU,2026-05-28,,104080.0,104150.0,0.005502992855763722,电池铜箔价格由铜价加加工费构成，日度预警先跟随铜价。
2026-05-29,battery_copper_foil_proxy,电池铜箔（铜价代理）,电池集流体,104843.33,元/吨,铜价代理,derived_from,CU,2026-05-29,,104800.0,105000.0,0.0014943249131822434,电池铜箔价格由铜价加加工费构成，日度预警先跟随铜价。
2026-06-01,battery_copper_foil_proxy,电池铜箔（铜价代理）,电池集流体,104911.67,元/吨,铜价代理,derived_from,CU,2026-06-01,,104610.0,104680.0,-0.0022082386068204007,电池铜箔价格由铜价加加工费构成，日度预警先跟随铜价。
2026-06-02,battery_copper_foil_proxy,电池铜箔（铜价代理）,电池集流体,105861.67,元/吨,铜价代理,derived_from,CU,2026-06-02,,106460.0,106620.0,0.007163404847098986,电池铜箔价格由铜价加加工费构成，日度预警先跟随铜价。
2026-06-03,battery_copper_foil_proxy,电池铜箔（铜价代理）,电池集流体,106656.67,元/吨,铜价代理,derived_from,CU,2026-06-03,,106280.0,106380.0,-0.0025940243587203593,电池铜箔价格由铜价加加工费构成，日度预警先跟随铜价。
2026-06-04,battery_copper_foil_proxy,电池铜箔（铜价代理）,电池集流体,105340.0,元/吨,铜价代理,derived_from,CU,2026-06-04,,105090.0,105150.0,-0.0018036833111828576,电池铜箔价格由铜价加加工费构成，日度预警先跟随铜价。
2026-06-05,battery_copper_foil_proxy,电池铜箔（铜价代理）,电池集流体,105398.33,元/吨,铜价代理,derived_from,CU,2026-06-05,,105170.0,105150.0,-0.0023561094374076053,电池铜箔价格由铜价加加工费构成，日度预警先跟随铜价。
2026-06-08,battery_copper_foil_proxy,电池铜箔（铜价代理）,电池集流体,104195.0,元/吨,铜价代理,derived_from,CU,2026-06-08,,104120.0,104120.0,-0.0007198042132540161,电池铜箔价格由铜价加加工费构成，日度预警先跟随铜价。
2026-06-09,battery_copper_foil_proxy,电池铜箔（铜价代理）,电池集流体,104210.0,元/吨,铜价代理,derived_from,CU,2026-06-09,,104620.0,104650.0,0.004222243546684545,电池铜箔价格由铜价加加工费构成，日度预警先跟随铜价。
2026-06-10,battery_copper_foil_proxy,电池铜箔（铜价代理）,电池集流体,104126.67,元/吨,铜价代理,derived_from,CU,2026-06-10,,104050.0,104110.0,-0.0001600934707697288,电池铜箔价格由铜价加加工费构成，日度预警先跟随铜价。
2026-06-11,battery_copper_foil_proxy,电池铜箔（铜价代理）,电池集流体,103308.33,元/吨,铜价代理,derived_from,CU,2026-06-11,,103260.0,103160.0,-0.0014357990299523893,电池铜箔价格由铜价加加工费构成，日度预警先跟随铜价。
2026-06-12,battery_copper_foil_proxy,电池铜箔（铜价代理）,电池集流体,104683.33,元/吨,铜价代理,derived_from,CU,2026-06-12,,104570.0,104660.0,-0.00022286260859294416,电池铜箔价格由铜价加加工费构成，日度预警先跟随铜价。
2025-12-15,battery_electrolyte_proxy,电解液/六氟磷酸锂（碳酸锂代理）,电池电解液,96233.33,元/吨,锂盐价格代理,derived_from,LC,2025-12-15,,99100.0,101060.0,0.05015590752185339,电解液核心原料价格与锂盐景气度相关，日度预警先用碳酸锂代理。
2025-12-16,battery_electrolyte_proxy,电解液/六氟磷酸锂（碳酸锂代理）,电池电解液,97733.33,元/吨,锂盐价格代理,derived_from,LC,2025-12-16,,98740.0,100600.0,0.02933154943149896,电解液核心原料价格与锂盐景气度相关，日度预警先用碳酸锂代理。
2025-12-17,battery_electrolyte_proxy,电解液/六氟磷酸锂（碳酸锂代理）,电池电解液,100733.33,元/吨,锂盐价格代理,derived_from,LC,2025-12-17,,106820.0,108620.0,0.07829255719035588,电解液核心原料价格与锂盐景气度相关，日度预警先用碳酸锂代理。
2025-12-18,battery_electrolyte_proxy,电解液/六氟磷酸锂（碳酸锂代理）,电池电解液,101733.33,元/吨,锂盐价格代理,derived_from,LC,2025-12-18,,104440.0,106160.0,0.04351248504300398,电解液核心原料价格与锂盐景气度相关，日度预警先用碳酸锂代理。
2025-12-19,battery_electrolyte_proxy,电解液/六氟磷酸锂（碳酸锂代理）,电池电解液,102733.33,元/吨,锂盐价格代理,derived_from,LC,2025-12-19,,109720.0,111400.0,0.08436083985596499,电解液核心原料价格与锂盐景气度相关，日度预警先用碳酸锂代理。
2025-12-22,battery_electrolyte_proxy,电解液/六氟磷酸锂（碳酸锂代理）,电池电解液,107733.33,元/吨,锂盐价格代理,derived_from,LC,2025-12-22,,112480.0,114380.0,0.06169557740394738,电解液核心原料价格与锂盐景气度相关，日度预警先用碳酸锂代理。
2025-12-23,battery_electrolyte_proxy,电解液/六氟磷酸锂（碳酸锂代理）,电池电解液,108733.33,元/吨,锂盐价格代理,derived_from,LC,2025-12-23,,118440.0,120360.0,0.10692829880221644,电解液核心原料价格与锂盐景气度相关，日度预警先用碳酸锂代理。
2025-12-24,battery_electrolyte_proxy,电解液/六氟磷酸锂（碳酸锂代理）,电池电解液,110733.33,元/吨,锂盐价格代理,derived_from,LC,2025-12-24,,122760.0,124720.0,0.1263094860418268,电解液核心原料价格与锂盐景气度相关，日度预警先用碳酸锂代理。
2025-12-25,battery_electrolyte_proxy,电解液/六氟磷酸锂（碳酸锂代理）,电池电解液,111733.33,元/吨,锂盐价格代理,derived_from,LC,2025-12-25,,121540.0,123520.0,0.105489293123189,电解液核心原料价格与锂盐景气度相关，日度预警先用碳酸锂代理。
2025-12-26,battery_electrolyte_proxy,电解液/六氟磷酸锂（碳酸锂代理）,电池电解液,117733.33,元/吨,锂盐价格代理,derived_from,LC,2025-12-26,,127800.0,130520.0,0.10860705290506933,电解液核心原料价格与锂盐景气度相关，日度预警先用碳酸锂代理。
2025-12-29,battery_electrolyte_proxy,电解液/六氟磷酸锂（碳酸锂代理）,电池电解液,122066.67,元/吨,锂盐价格代理,derived_from,LC,2025-12-29,,117980.0,118820.0,-0.026597514292804103,电解液核心原料价格与锂盐景气度相关，日度预警先用碳酸锂代理。
2025-12-30,battery_electrolyte_proxy,电解液/六氟磷酸锂（碳酸锂代理）,电池电解液,120400.0,元/吨,锂盐价格代理,derived_from,LC,2025-12-30,,119540.0,121580.0,0.009800664451827146,电解液核心原料价格与锂盐景气度相关，日度预警先用碳酸锂代理。
2025-12-31,battery_electrolyte_proxy,电解液/六氟磷酸锂（碳酸锂代理）,电池电解液,119400.0,元/吨,锂盐价格代理,derived_from,LC,2025-12-31,,120000.0,121580.0,0.01825795644891115,电解液核心原料价格与锂盐景气度相关，日度预警先用碳酸锂代理。
2026-01-05,battery_electrolyte_proxy,电解液/六氟磷酸锂（碳酸锂代理）,电池电解液,121566.67,元/吨,锂盐价格代理,derived_from,LC,2026-01-05,,127000.0,129980.0,0.06920753854654405,电解液核心原料价格与锂盐景气度相关，日度预警先用碳酸锂代理。
2026-01-06,battery_electrolyte_proxy,电解液/六氟磷酸锂（碳酸锂代理）,电池电解液,129000.0,元/吨,锂盐价格代理,derived_from,LC,2026-01-06,,134360.0,137940.0,0.06930232558139537,电解液核心原料价格与锂盐景气度相关，日度预警先用碳酸锂代理。
2026-01-07,battery_electrolyte_proxy,电解液/六氟磷酸锂（碳酸锂代理）,电池电解液,135000.0,元/吨,锂盐价格代理,derived_from,LC,2026-01-07,,139960.0,142300.0,0.05407407407407416,电解液核心原料价格与锂盐景气度相关，日度预警先用碳酸锂代理。
2026-01-08,battery_electrolyte_proxy,电解液/六氟磷酸锂（碳酸锂代理）,电池电解液,138000.0,元/吨,锂盐价格代理,derived_from,LC,2026-01-08,,137000.0,145000.0,0.050724637681159424,电解液核心原料价格与锂盐景气度相关，日度预警先用碳酸锂代理。
2026-01-09,battery_electrolyte_proxy,电解液/六氟磷酸锂（碳酸锂代理）,电池电解液,140000.0,元/吨,锂盐价格代理,derived_from,LC,2026-01-09,,138700.0,143420.0,0.024428571428571466,电解液核心原料价格与锂盐景气度相关，日度预警先用碳酸锂代理。
2026-01-12,battery_electrolyte_proxy,电解液/六氟磷酸锂（碳酸锂代理）,电池电解液,150000.0,元/吨,锂盐价格代理,derived_from,LC,2026-01-12,,146000.0,156060.0,0.04039999999999999,电解液核心原料价格与锂盐景气度相关，日度预警先用碳酸锂代理。
2026-01-13,battery_electrolyte_proxy,电解液/六氟磷酸锂（碳酸锂代理）,电池电解液,160000.0,元/吨,锂盐价格代理,derived_from,LC,2026-01-13,,162800.0,166980.0,0.043625000000000025,电解液核心原料价格与锂盐景气度相关，日度预警先用碳酸锂代理。
2026-01-14,battery_electrolyte_proxy,电解液/六氟磷酸锂（碳酸锂代理）,电池电解液,162000.0,元/吨,锂盐价格代理,derived_from,LC,2026-01-14,,166340.0,161940.0,-0.00037037037037035425,电解液核心原料价格与锂盐景气度相关，日度预警先用碳酸锂代理。
2026-01-15,battery_electrolyte_proxy,电解液/六氟磷酸锂（碳酸锂代理）,电池电解液,160000.0,元/吨,锂盐价格代理,derived_from,LC,2026-01-15,,161900.0,163220.0,0.02012499999999995,电解液核心原料价格与锂盐景气度相关，日度预警先用碳酸锂代理。
2026-01-16,battery_electrolyte_proxy,电解液/六氟磷酸锂（碳酸锂代理）,电池电解液,155000.0,元/吨,锂盐价格代理,derived_from,LC,2026-01-16,,156300.0,146200.0,-0.056774193548387086,电解液核心原料价格与锂盐景气度相关，日度预警先用碳酸锂代理。
2026-01-19,battery_electrolyte_proxy,电解液/六氟磷酸锂（碳酸锂代理）,电池电解液,147000.0,元/吨,锂盐价格代理,derived_from,LC,2026-01-19,,145600.0,147260.0,0.0017687074829932925,电解液核心原料价格与锂盐景气度相关，日度预警先用碳酸锂代理。
2026-01-20,battery_electrolyte_proxy,电解液/六氟磷酸锂（碳酸锂代理）,电池电解液,155000.0,元/吨,锂盐价格代理,derived_from,LC,2026-01-20,,158940.0,160500.0,0.03548387096774186,电解液核心原料价格与锂盐景气度相关，日度预警先用碳酸锂代理。
2026-01-21,battery_electrolyte_proxy,电解液/六氟磷酸锂（碳酸锂代理）,电池电解液,159000.0,元/吨,锂盐价格代理,derived_from,LC,2026-01-21,,165080.0,166740.0,0.048679245283018924,电解液核心原料价格与锂盐景气度相关，日度预警先用碳酸锂代理。
2026-01-22,battery_electrolyte_proxy,电解液/六氟磷酸锂（碳酸锂代理）,电池电解液,165000.0,元/吨,锂盐价格代理,derived_from,LC,2026-01-22,,166500.0,168780.0,0.02290909090909099,电解液核心原料价格与锂盐景气度相关，日度预警先用碳酸锂代理。
2026-01-23,battery_electrolyte_proxy,电解液/六氟磷酸锂（碳酸锂代理）,电池电解液,172000.0,元/吨,锂盐价格代理,derived_from,LC,2026-01-23,,179640.0,181520.0,0.05534883720930228,电解液核心原料价格与锂盐景气度相关，日度预警先用碳酸锂代理。
2026-01-26,battery_electrolyte_proxy,电解液/六氟磷酸锂（碳酸锂代理）,电池电解液,170000.0,元/吨,锂盐价格代理,derived_from,LC,2026-01-26,,164580.0,165680.0,-0.025411764705882356,电解液核心原料价格与锂盐景气度相关，日度预警先用碳酸锂代理。
2026-01-27,battery_electrolyte_proxy,电解液/六氟磷酸锂（碳酸锂代理）,电池电解液,169000.0,元/吨,锂盐价格代理,derived_from,LC,2026-01-27,,176120.0,179600.0,0.06272189349112423,电解液核心原料价格与锂盐景气度相关，日度预警先用碳酸锂代理。
2026-01-28,battery_electrolyte_proxy,电解液/六氟磷酸锂（碳酸锂代理）,电池电解液,167000.0,元/吨,锂盐价格代理,derived_from,LC,2026-01-28,,166000.0,166280.0,-0.004311377245509007,电解液核心原料价格与锂盐景气度相关，日度预警先用碳酸锂代理。
2026-01-29,battery_electrolyte_proxy,电解液/六氟磷酸锂（碳酸锂代理）,电池电解液,165000.0,元/吨,锂盐价格代理,derived_from,LC,2026-01-29,,162140.0,164820.0,-0.0010909090909091423,电解液核心原料价格与锂盐景气度相关，日度预警先用碳酸锂代理。
2026-01-30,battery_electrolyte_proxy,电解液/六氟磷酸锂（碳酸锂代理）,电池电解液,150000.0,元/吨,锂盐价格代理,derived_from,LC,2026-01-30,,147220.0,148200.0,-0.01200000000000001,电解液核心原料价格与锂盐景气度相关，日度预警先用碳酸锂代理。
2026-02-02,battery_electrolyte_proxy,电解液/六氟磷酸锂（碳酸锂代理）,电池电解液,145000.0,元/吨,锂盐价格代理,derived_from,LC,2026-02-02,,136860.0,132440.0,-0.08662068965517244,电解液核心原料价格与锂盐景气度相关，日度预警先用碳酸锂代理。
2026-02-03,battery_electrolyte_proxy,电解液/六氟磷酸锂（碳酸锂代理）,电池电解液,146000.0,元/吨,锂盐价格代理,derived_from,LC,2026-02-03,,149000.0,148100.0,0.014383561643835696,电解液核心原料价格与锂盐景气度相关，日度预警先用碳酸锂代理。
2026-02-04,battery_electrolyte_proxy,电解液/六氟磷酸锂（碳酸锂代理）,电池电解液,147000.0,元/吨,锂盐价格代理,derived_from,LC,2026-02-04,,149000.0,147220.0,0.0014965986394557262,电解液核心原料价格与锂盐景气度相关，日度预警先用碳酸锂代理。
2026-02-05,battery_electrolyte_proxy,电解液/六氟磷酸锂（碳酸锂代理）,电池电解液,140000.0,元/吨,锂盐价格代理,derived_from,LC,2026-02-05,,139520.0,132780.0,-0.0515714285714286,电解液核心原料价格与锂盐景气度相关，日度预警先用碳酸锂代理。
2026-02-06,battery_electrolyte_proxy,电解液/六氟磷酸锂（碳酸锂代理）,电池电解液,136000.0,元/吨,锂盐价格代理,derived_from,LC,2026-02-06,,127600.0,132920.0,-0.022647058823529465,电解液核心原料价格与锂盐景气度相关，日度预警先用碳酸锂代理。
2026-02-09,battery_electrolyte_proxy,电解液/六氟磷酸锂（碳酸锂代理）,电池电解液,136000.0,元/吨,锂盐价格代理,derived_from,LC,2026-02-09,,136340.0,137000.0,0.007352941176470562,电解液核心原料价格与锂盐景气度相关，日度预警先用碳酸锂代理。
2026-02-10,battery_electrolyte_proxy,电解液/六氟磷酸锂（碳酸锂代理）,电池电解液,136000.0,元/吨,锂盐价格代理,derived_from,LC,2026-02-10,,135880.0,137340.0,0.009852941176470509,电解液核心原料价格与锂盐景气度相关，日度预警先用碳酸锂代理。
2026-02-11,battery_electrolyte_proxy,电解液/六氟磷酸锂（碳酸锂代理）,电池电解液,138000.0,元/吨,锂盐价格代理,derived_from,LC,2026-02-11,,146860.0,150260.0,0.08884057971014503,电解液核心原料价格与锂盐景气度相关，日度预警先用碳酸锂代理。
2026-02-12,battery_electrolyte_proxy,电解液/六氟磷酸锂（碳酸锂代理）,电池电解液,147000.0,元/吨,锂盐价格代理,derived_from,LC,2026-02-12,,148000.0,149420.0,0.016462585034013655,电解液核心原料价格与锂盐景气度相关，日度预警先用碳酸锂代理。
2026-02-13,battery_electrolyte_proxy,电解液/六氟磷酸锂（碳酸锂代理）,电池电解液,145000.0,元/吨,锂盐价格代理,derived_from,LC,2026-02-13,,144120.0,152640.0,0.05268965517241386,电解液核心原料价格与锂盐景气度相关，日度预警先用碳酸锂代理。
2026-02-24,battery_electrolyte_proxy,电解液/六氟磷酸锂（碳酸锂代理）,电池电解液,152000.0,元/吨,锂盐价格代理,derived_from,LC,2026-02-24,,161460.0,164120.0,0.0797368421052631,电解液核心原料价格与锂盐景气度相关，日度预警先用碳酸锂代理。
2026-02-25,battery_electrolyte_proxy,电解液/六氟磷酸锂（碳酸锂代理）,电池电解液,162000.0,元/吨,锂盐价格代理,derived_from,LC,2026-02-25,,163920.0,166480.0,0.0276543209876543,电解液核心原料价格与锂盐景气度相关，日度预警先用碳酸锂代理。
2026-02-26,battery_electrolyte_proxy,电解液/六氟磷酸锂（碳酸锂代理）,电池电解液,172000.0,元/吨,锂盐价格代理,derived_from,LC,2026-02-26,,170640.0,173660.0,0.009651162790697665,电解液核心原料价格与锂盐景气度相关，日度预警先用碳酸锂代理。
2026-02-27,battery_electrolyte_proxy,电解液/六氟磷酸锂（碳酸锂代理）,电池电解液,173000.0,元/吨,锂盐价格代理,derived_from,LC,2026-02-27,,171900.0,176040.0,0.017572254335260107,电解液核心原料价格与锂盐景气度相关，日度预警先用碳酸锂代理。
2026-03-02,battery_electrolyte_proxy,电解液/六氟磷酸锂（碳酸锂代理）,电池电解液,172000.0,元/吨,锂盐价格代理,derived_from,LC,2026-03-02,,170500.0,172020.0,0.000116279069767522,电解液核心原料价格与锂盐景气度相关，日度预警先用碳酸锂代理。
2026-03-03,battery_electrolyte_proxy,电解液/六氟磷酸锂（碳酸锂代理）,电池电解液,160000.0,元/吨,锂盐价格代理,derived_from,LC,2026-03-03,,148120.0,150860.0,-0.05712499999999998,电解液核心原料价格与锂盐景气度相关，日度预警先用碳酸锂代理。
2026-03-04,battery_electrolyte_proxy,电解液/六氟磷酸锂（碳酸锂代理）,电池电解液,153000.0,元/吨,锂盐价格代理,derived_from,LC,2026-03-04,,149000.0,153060.0,0.00039215686274518546,电解液核心原料价格与锂盐景气度相关，日度预警先用碳酸锂代理。
2026-03-05,battery_electrolyte_proxy,电解液/六氟磷酸锂（碳酸锂代理）,电池电解液,152000.0,元/吨,锂盐价格代理,derived_from,LC,2026-03-05,,153020.0,155860.0,0.025394736842105248,电解液核心原料价格与锂盐景气度相关，日度预警先用碳酸锂代理。
2026-03-06,battery_electrolyte_proxy,电解液/六氟磷酸锂（碳酸锂代理）,电池电解液,154000.0,元/吨,锂盐价格代理,derived_from,LC,2026-03-06,,154020.0,156160.0,0.014025974025974053,电解液核心原料价格与锂盐景气度相关，日度预警先用碳酸锂代理。
2026-03-09,battery_electrolyte_proxy,电解液/六氟磷酸锂（碳酸锂代理）,电池电解液,158000.0,元/吨,锂盐价格代理,derived_from,LC,2026-03-09,,148500.0,161060.0,0.01936708860759495,电解液核心原料价格与锂盐景气度相关，日度预警先用碳酸锂代理。
2026-03-10,battery_electrolyte_proxy,电解液/六氟磷酸锂（碳酸锂代理）,电池电解液,160000.0,元/吨,锂盐价格代理,derived_from,LC,2026-03-10,,163000.0,163000.0,0.018750000000000044,电解液核心原料价格与锂盐景气度相关，日度预警先用碳酸锂代理。
2026-03-11,battery_electrolyte_proxy,电解液/六氟磷酸锂（碳酸锂代理）,电池电解液,158000.0,元/吨,锂盐价格代理,derived_from,LC,2026-03-11,,155000.0,155040.0,-0.018734177215189884,电解液核心原料价格与锂盐景气度相关，日度预警先用碳酸锂代理。
2026-03-12,battery_electrolyte_proxy,电解液/六氟磷酸锂（碳酸锂代理）,电池电解液,157000.0,元/吨,锂盐价格代理,derived_from,LC,2026-03-12,,150000.0,156980.0,-0.0001273885350318027,电解液核心原料价格与锂盐景气度相关，日度预警先用碳酸锂代理。
2026-03-13,battery_electrolyte_proxy,电解液/六氟磷酸锂（碳酸锂代理）,电池电解液,157000.0,元/吨,锂盐价格代理,derived_from,LC,2026-03-13,,156500.0,152080.0,-0.031337579617834344,电解液核心原料价格与锂盐景气度相关，日度预警先用碳酸锂代理。
2026-03-16,battery_electrolyte_proxy,电解液/六氟磷酸锂（碳酸锂代理）,电池电解液,155000.0,元/吨,锂盐价格代理,derived_from,LC,2026-03-16,,159320.0,159620.0,0.029806451612903295,电解液核心原料价格与锂盐景气度相关，日度预警先用碳酸锂代理。
2026-03-17,battery_electrolyte_proxy,电解液/六氟磷酸锂（碳酸锂代理）,电池电解液,155000.0,元/吨,锂盐价格代理,derived_from,LC,2026-03-17,,155440.0,155320.0,0.0020645161290322456,电解液核心原料价格与锂盐景气度相关，日度预警先用碳酸锂代理。
2026-03-18,battery_electrolyte_proxy,电解液/六氟磷酸锂（碳酸锂代理）,电池电解液,153000.0,元/吨,锂盐价格代理,derived_from,LC,2026-03-18,,149880.0,150120.0,-0.018823529411764683,电解液核心原料价格与锂盐景气度相关，日度预警先用碳酸锂代理。
2026-03-19,battery_electrolyte_proxy,电解液/六氟磷酸锂（碳酸锂代理）,电池电解液,150000.0,元/吨,锂盐价格代理,derived_from,LC,2026-03-19,,141920.0,142600.0,-0.04933333333333334,电解液核心原料价格与锂盐景气度相关，日度预警先用碳酸锂代理。
2026-03-20,battery_electrolyte_proxy,电解液/六氟磷酸锂（碳酸锂代理）,电池电解液,150000.0,元/吨,锂盐价格代理,derived_from,LC,2026-03-20,,145000.0,143860.0,-0.04093333333333338,电解液核心原料价格与锂盐景气度相关，日度预警先用碳酸锂代理。
2026-03-23,battery_electrolyte_proxy,电解液/六氟磷酸锂（碳酸锂代理）,电池电解液,142000.0,元/吨,锂盐价格代理,derived_from,LC,2026-03-23,,147860.0,149040.0,0.04957746478873237,电解液核心原料价格与锂盐景气度相关，日度预警先用碳酸锂代理。
2026-03-24,battery_electrolyte_proxy,电解液/六氟磷酸锂（碳酸锂代理）,电池电解液,150000.0,元/吨,锂盐价格代理,derived_from,LC,2026-03-24,,152440.0,152940.0,0.019600000000000062,电解液核心原料价格与锂盐景气度相关，日度预警先用碳酸锂代理。
2026-03-25,battery_electrolyte_proxy,电解液/六氟磷酸锂（碳酸锂代理）,电池电解液,155000.0,元/吨,锂盐价格代理,derived_from,LC,2026-03-25,,158740.0,159120.0,0.026580645161290217,电解液核心原料价格与锂盐景气度相关，日度预警先用碳酸锂代理。
2026-03-26,battery_electrolyte_proxy,电解液/六氟磷酸锂（碳酸锂代理）,电池电解液,155000.0,元/吨,锂盐价格代理,derived_from,LC,2026-03-26,,158100.0,157200.0,0.014193548387096744,电解液核心原料价格与锂盐景气度相关，日度预警先用碳酸锂代理。
2026-03-27,battery_electrolyte_proxy,电解液/六氟磷酸锂（碳酸锂代理）,电池电解液,160000.0,元/吨,锂盐价格代理,derived_from,LC,2026-03-27,,167480.0,168440.0,0.052750000000000075,电解液核心原料价格与锂盐景气度相关，日度预警先用碳酸锂代理。
2026-03-30,battery_electrolyte_proxy,电解液/六氟磷酸锂（碳酸锂代理）,电池电解液,167000.0,元/吨,锂盐价格代理,derived_from,LC,2026-03-30,,170060.0,171620.0,0.027664670658682722,电解液核心原料价格与锂盐景气度相关，日度预警先用碳酸锂代理。
2026-03-31,battery_electrolyte_proxy,电解液/六氟磷酸锂（碳酸锂代理）,电池电解液,159000.0,元/吨,锂盐价格代理,derived_from,LC,2026-03-31,,158040.0,157200.0,-0.01132075471698113,电解液核心原料价格与锂盐景气度相关，日度预警先用碳酸锂代理。
2026-04-01,battery_electrolyte_proxy,电解液/六氟磷酸锂（碳酸锂代理）,电池电解液,158000.0,元/吨,锂盐价格代理,derived_from,LC,2026-04-01,,161500.0,158620.0,0.003924050632911458,电解液核心原料价格与锂盐景气度相关，日度预警先用碳酸锂代理。
2026-04-02,battery_electrolyte_proxy,电解液/六氟磷酸锂（碳酸锂代理）,电池电解液,158000.0,元/吨,锂盐价格代理,derived_from,LC,2026-04-02,,159980.0,160180.0,0.013797468354430409,电解液核心原料价格与锂盐景气度相关，日度预警先用碳酸锂代理。
2026-04-03,battery_electrolyte_proxy,电解液/六氟磷酸锂（碳酸锂代理）,电池电解液,157500.0,元/吨,锂盐价格代理,derived_from,LC,2026-04-03,,157800.0,157860.0,0.0022857142857142243,电解液核心原料价格与锂盐景气度相关，日度预警先用碳酸锂代理。
2026-04-07,battery_electrolyte_proxy,电解液/六氟磷酸锂（碳酸锂代理）,电池电解液,160000.0,元/吨,锂盐价格代理,derived_from,LC,2026-04-07,,163000.0,160860.0,0.005374999999999908,电解液核心原料价格与锂盐景气度相关，日度预警先用碳酸锂代理。
2026-04-08,battery_electrolyte_proxy,电解液/六氟磷酸锂（碳酸锂代理）,电池电解液,158000.0,元/吨,锂盐价格代理,derived_from,LC,2026-04-08,,162000.0,159620.0,0.010253164556962124,电解液核心原料价格与锂盐景气度相关，日度预警先用碳酸锂代理。
2026-04-09,battery_electrolyte_proxy,电解液/六氟磷酸锂（碳酸锂代理）,电池电解液,155000.0,元/吨,锂盐价格代理,derived_from,LC,2026-04-09,,151900.0,153560.0,-0.009290322580645216,电解液核心原料价格与锂盐景气度相关，日度预警先用碳酸锂代理。
2026-04-10,battery_electrolyte_proxy,电解液/六氟磷酸锂（碳酸锂代理）,电池电解液,150000.0,元/吨,锂盐价格代理,derived_from,LC,2026-04-10,,153900.0,157600.0,0.05066666666666664,电解液核心原料价格与锂盐景气度相关，日度预警先用碳酸锂代理。
2026-04-13,battery_electrolyte_proxy,电解液/六氟磷酸锂（碳酸锂代理）,电池电解液,157000.0,元/吨,锂盐价格代理,derived_from,LC,2026-04-13,,161680.0,166500.0,0.060509554140127486,电解液核心原料价格与锂盐景气度相关，日度预警先用碳酸锂代理。
2026-04-14,battery_electrolyte_proxy,电解液/六氟磷酸锂（碳酸锂代理）,电池电解液,161000.0,元/吨,锂盐价格代理,derived_from,LC,2026-04-14,,162000.0,166840.0,0.0362732919254658,电解液核心原料价格与锂盐景气度相关，日度预警先用碳酸锂代理。
2026-04-15,battery_electrolyte_proxy,电解液/六氟磷酸锂（碳酸锂代理）,电池电解液,162000.0,元/吨,锂盐价格代理,derived_from,LC,2026-04-15,,163400.0,168660.0,0.0411111111111111,电解液核心原料价格与锂盐景气度相关，日度预警先用碳酸锂代理。
2026-04-16,battery_electrolyte_proxy,电解液/六氟磷酸锂（碳酸锂代理）,电池电解液,167000.0,元/吨,锂盐价格代理,derived_from,LC,2026-04-16,,172400.0,176000.0,0.05389221556886237,电解液核心原料价格与锂盐景气度相关，日度预警先用碳酸锂代理。
2026-04-17,battery_electrolyte_proxy,电解液/六氟磷酸锂（碳酸锂代理）,电池电解液,168000.0,元/吨,锂盐价格代理,derived_from,LC,2026-04-17,,173760.0,177560.0,0.05690476190476201,电解液核心原料价格与锂盐景气度相关，日度预警先用碳酸锂代理。
2026-04-20,battery_electrolyte_proxy,电解液/六氟磷酸锂（碳酸锂代理）,电池电解液,172000.0,元/吨,锂盐价格代理,derived_from,LC,2026-04-20,,176220.0,180200.0,0.04767441860465116,电解液核心原料价格与锂盐景气度相关，日度预警先用碳酸锂代理。
2026-04-21,battery_electrolyte_proxy,电解液/六氟磷酸锂（碳酸锂代理）,电池电解液,170000.0,元/吨,锂盐价格代理,derived_from,LC,2026-04-21,,170460.0,174260.0,0.0250588235294118,电解液核心原料价格与锂盐景气度相关，日度预警先用碳酸锂代理。
2026-04-22,battery_electrolyte_proxy,电解液/六氟磷酸锂（碳酸锂代理）,电池电解液,169000.0,元/吨,锂盐价格代理,derived_from,LC,2026-04-22,,171580.0,175240.0,0.036923076923076836,电解液核心原料价格与锂盐景气度相关，日度预警先用碳酸锂代理。
2026-04-23,battery_electrolyte_proxy,电解液/六氟磷酸锂（碳酸锂代理）,电池电解液,170000.0,元/吨,锂盐价格代理,derived_from,LC,2026-04-23,,173960.0,177960.0,0.04682352941176471,电解液核心原料价格与锂盐景气度相关，日度预警先用碳酸锂代理。
2026-04-24,battery_electrolyte_proxy,电解液/六氟磷酸锂（碳酸锂代理）,电池电解液,172000.0,元/吨,锂盐价格代理,derived_from,LC,2026-04-24,,173940.0,177900.0,0.034302325581395454,电解液核心原料价格与锂盐景气度相关，日度预警先用碳酸锂代理。
2026-04-27,battery_electrolyte_proxy,电解液/六氟磷酸锂（碳酸锂代理）,电池电解液,176000.0,元/吨,锂盐价格代理,derived_from,LC,2026-04-27,,176700.0,180560.0,0.02590909090909088,电解液核心原料价格与锂盐景气度相关，日度预警先用碳酸锂代理。
2026-04-28,battery_electrolyte_proxy,电解液/六氟磷酸锂（碳酸锂代理）,电池电解液,174000.0,元/吨,锂盐价格代理,derived_from,LC,2026-04-28,,174760.0,178620.0,0.026551724137930943,电解液核心原料价格与锂盐景气度相关，日度预警先用碳酸锂代理。
2026-04-29,battery_electrolyte_proxy,电解液/六氟磷酸锂（碳酸锂代理）,电池电解液,177000.0,元/吨,锂盐价格代理,derived_from,LC,2026-04-29,,179700.0,183880.0,0.03887005649717512,电解液核心原料价格与锂盐景气度相关，日度预警先用碳酸锂代理。
2026-04-30,battery_electrolyte_proxy,电解液/六氟磷酸锂（碳酸锂代理）,电池电解液,177000.0,元/吨,锂盐价格代理,derived_from,LC,2026-04-30,,185180.0,189080.0,0.06824858757062158,电解液核心原料价格与锂盐景气度相关，日度预警先用碳酸锂代理。
2026-05-06,battery_electrolyte_proxy,电解液/六氟磷酸锂（碳酸锂代理）,电池电解液,190000.0,元/吨,锂盐价格代理,derived_from,LC,2026-05-06,,194600.0,199400.0,0.049473684210526336,电解液核心原料价格与锂盐景气度相关，日度预警先用碳酸锂代理。
2026-05-07,battery_electrolyte_proxy,电解液/六氟磷酸锂（碳酸锂代理）,电池电解液,193000.0,元/吨,锂盐价格代理,derived_from,LC,2026-05-07,,193540.0,199060.0,0.03139896373057005,电解液核心原料价格与锂盐景气度相关，日度预警先用碳酸锂代理。
2026-05-08,battery_electrolyte_proxy,电解液/六氟磷酸锂（碳酸锂代理）,电池电解液,190000.0,元/吨,锂盐价格代理,derived_from,LC,2026-05-08,,192000.0,196560.0,0.03452631578947374,电解液核心原料价格与锂盐景气度相关，日度预警先用碳酸锂代理。
2026-05-11,battery_electrolyte_proxy,电解液/六氟磷酸锂（碳酸锂代理）,电池电解液,196000.0,元/吨,锂盐价格代理,derived_from,LC,2026-05-11,,200520.0,205020.0,0.04602040816326536,电解液核心原料价格与锂盐景气度相关，日度预警先用碳酸锂代理。
2026-05-12,battery_electrolyte_proxy,电解液/六氟磷酸锂（碳酸锂代理）,电池电解液,199000.0,元/吨,锂盐价格代理,derived_from,LC,2026-05-12,,200140.0,205260.0,0.031457286432160725,电解液核心原料价格与锂盐景气度相关，日度预警先用碳酸锂代理。
2026-05-13,battery_electrolyte_proxy,电解液/六氟磷酸锂（碳酸锂代理）,电池电解液,195000.0,元/吨,锂盐价格代理,derived_from,LC,2026-05-13,,193060.0,201960.0,0.03569230769230769,电解液核心原料价格与锂盐景气度相关，日度预警先用碳酸锂代理。
2026-05-14,battery_electrolyte_proxy,电解液/六氟磷酸锂（碳酸锂代理）,电池电解液,192000.0,元/吨,锂盐价格代理,derived_from,LC,2026-05-14,,186380.0,191760.0,-0.0012499999999999734,电解液核心原料价格与锂盐景气度相关，日度预警先用碳酸锂代理。
2026-05-15,battery_electrolyte_proxy,电解液/六氟磷酸锂（碳酸锂代理）,电池电解液,191000.0,元/吨,锂盐价格代理,derived_from,LC,2026-05-15,,184000.0,188800.0,-0.011518324607329822,电解液核心原料价格与锂盐景气度相关，日度预警先用碳酸锂代理。
2026-05-18,battery_electrolyte_proxy,电解液/六氟磷酸锂（碳酸锂代理）,电池电解液,190000.0,元/吨,锂盐价格代理,derived_from,LC,2026-05-18,,188000.0,192180.0,0.011473684210526303,电解液核心原料价格与锂盐景气度相关，日度预警先用碳酸锂代理。
2026-05-19,battery_electrolyte_proxy,电解液/六氟磷酸锂（碳酸锂代理）,电池电解液,184000.0,元/吨,锂盐价格代理,derived_from,LC,2026-05-19,,179500.0,184400.0,0.0021739130434783593,电解液核心原料价格与锂盐景气度相关，日度预警先用碳酸锂代理。
2026-05-20,battery_electrolyte_proxy,电解液/六氟磷酸锂（碳酸锂代理）,电池电解液,179000.0,元/吨,锂盐价格代理,derived_from,LC,2026-05-20,,178640.0,183100.0,0.022905027932960786,电解液核心原料价格与锂盐景气度相关，日度预警先用碳酸锂代理。
2026-05-21,battery_electrolyte_proxy,电解液/六氟磷酸锂（碳酸锂代理）,电池电解液,179000.0,元/吨,锂盐价格代理,derived_from,LC,2026-05-21,,173400.0,177600.0,-0.007821229050279377,电解液核心原料价格与锂盐景气度相关，日度预警先用碳酸锂代理。
2026-05-22,battery_electrolyte_proxy,电解液/六氟磷酸锂（碳酸锂代理）,电池电解液,179000.0,元/吨,锂盐价格代理,derived_from,LC,2026-05-22,,179460.0,184460.0,0.030502793296089292,电解液核心原料价格与锂盐景气度相关，日度预警先用碳酸锂代理。
2026-05-25,battery_electrolyte_proxy,电解液/六氟磷酸锂（碳酸锂代理）,电池电解液,180000.0,元/吨,锂盐价格代理,derived_from,LC,2026-05-25,,177020.0,181200.0,0.006666666666666599,电解液核心原料价格与锂盐景气度相关，日度预警先用碳酸锂代理。
2026-05-26,battery_electrolyte_proxy,电解液/六氟磷酸锂（碳酸锂代理）,电池电解液,177000.0,元/吨,锂盐价格代理,derived_from,LC,2026-05-26,,171780.0,175960.0,-0.005875706214689247,电解液核心原料价格与锂盐景气度相关，日度预警先用碳酸锂代理。
2026-05-27,battery_electrolyte_proxy,电解液/六氟磷酸锂（碳酸锂代理）,电池电解液,175000.0,元/吨,锂盐价格代理,derived_from,LC,2026-05-27,,168960.0,173000.0,-0.011428571428571455,电解液核心原料价格与锂盐景气度相关，日度预警先用碳酸锂代理。
2026-05-28,battery_electrolyte_proxy,电解液/六氟磷酸锂（碳酸锂代理）,电池电解液,176000.0,元/吨,锂盐价格代理,derived_from,LC,2026-05-28,,174800.0,178860.0,0.016250000000000098,电解液核心原料价格与锂盐景气度相关，日度预警先用碳酸锂代理。
2026-05-29,battery_electrolyte_proxy,电解液/六氟磷酸锂（碳酸锂代理）,电池电解液,178000.0,元/吨,锂盐价格代理,derived_from,LC,2026-05-29,,174600.0,179740.0,0.00977528089887647,电解液核心原料价格与锂盐景气度相关，日度预警先用碳酸锂代理。
2026-06-01,battery_electrolyte_proxy,电解液/六氟磷酸锂（碳酸锂代理）,电池电解液,177000.0,元/吨,锂盐价格代理,derived_from,LC,2026-06-01,,174880.0,178900.0,0.010734463276836248,电解液核心原料价格与锂盐景气度相关，日度预警先用碳酸锂代理。
2026-06-02,battery_electrolyte_proxy,电解液/六氟磷酸锂（碳酸锂代理）,电池电解液,174000.0,元/吨,锂盐价格代理,derived_from,LC,2026-06-02,,168300.0,172980.0,-0.00586206896551722,电解液核心原料价格与锂盐景气度相关，日度预警先用碳酸锂代理。
2026-06-03,battery_electrolyte_proxy,电解液/六氟磷酸锂（碳酸锂代理）,电池电解液,170000.0,元/吨,锂盐价格代理,derived_from,LC,2026-06-03,,162080.0,166760.0,-0.019058823529411795,电解液核心原料价格与锂盐景气度相关，日度预警先用碳酸锂代理。
2026-06-04,battery_electrolyte_proxy,电解液/六氟磷酸锂（碳酸锂代理）,电池电解液,166000.0,元/吨,锂盐价格代理,derived_from,LC,2026-06-04,,154760.0,160740.0,-0.03168674698795182,电解液核心原料价格与锂盐景气度相关，日度预警先用碳酸锂代理。
2026-06-05,battery_electrolyte_proxy,电解液/六氟磷酸锂（碳酸锂代理）,电池电解液,160000.0,元/吨,锂盐价格代理,derived_from,LC,2026-06-05,,158820.0,164360.0,0.027249999999999996,电解液核心原料价格与锂盐景气度相关，日度预警先用碳酸锂代理。
2026-06-08,battery_electrolyte_proxy,电解液/六氟磷酸锂（碳酸锂代理）,电池电解液,162000.0,元/吨,锂盐价格代理,derived_from,LC,2026-06-08,,158500.0,163340.0,0.008271604938271615,电解液核心原料价格与锂盐景气度相关，日度预警先用碳酸锂代理。
2026-06-09,battery_electrolyte_proxy,电解液/六氟磷酸锂（碳酸锂代理）,电池电解液,162000.0,元/吨,锂盐价格代理,derived_from,LC,2026-06-09,,162800.0,168460.0,0.039876543209876436,电解液核心原料价格与锂盐景气度相关，日度预警先用碳酸锂代理。
2026-06-10,battery_electrolyte_proxy,电解液/六氟磷酸锂（碳酸锂代理）,电池电解液,164000.0,元/吨,锂盐价格代理,derived_from,LC,2026-06-10,,162860.0,167400.0,0.02073170731707319,电解液核心原料价格与锂盐景气度相关，日度预警先用碳酸锂代理。
2026-06-11,battery_electrolyte_proxy,电解液/六氟磷酸锂（碳酸锂代理）,电池电解液,167000.0,元/吨,锂盐价格代理,derived_from,LC,2026-06-11,,169000.0,174600.0,0.045508982035928236,电解液核心原料价格与锂盐景气度相关，日度预警先用碳酸锂代理。
2026-06-12,battery_electrolyte_proxy,电解液/六氟磷酸锂（碳酸锂代理）,电池电解液,172000.0,元/吨,锂盐价格代理,derived_from,LC,2026-06-12,,172800.0,175300.0,0.019186046511627808,电解液核心原料价格与锂盐景气度相关，日度预警先用碳酸锂代理。
2026-05-22,bisphenol_a,双酚A,PCB/环氧上游,9680.0,元/吨,生意社基准价,sunsirs_vane,,2026-05-22,0.0,,,,
2026-05-28,bisphenol_a,双酚A,PCB/环氧上游,9040.0,元/吨,生意社基准价,sunsirs_vane,,2026-05-28,-6.61,,,,
2026-06-02,bisphenol_a,双酚A,PCB/环氧上游,8820.0,元/吨,生意社基准价,sunsirs_vane,,2026-06-02,-2.43,,,,
2026-06-06,bisphenol_a,双酚A,PCB/环氧上游,8540.0,元/吨,生意社基准价,sunsirs_vane,,2026-06-06,-3.17,,,,
2026-06-09,bisphenol_a,双酚A,PCB/环氧上游,8540.0,元/吨,生意社基准价,sunsirs_vane,,2026-06-09,0.0,,,,
2026-06-11,bisphenol_a,双酚A,PCB/环氧上游,8740.0,元/吨,生意社基准价,sunsirs_vane,,2026-06-11,2.34,,,,
2026-06-12,bisphenol_a,双酚A,PCB/环氧上游,8740.0,元/吨,生意社基准价,sunsirs_vane,,2026-06-12,0.0,,,,
2025-12-15,clip_steel_proxy,启动夹钢件（热卷代理）,线束/启动夹结构,3303.33,元/吨,热轧卷板代理,derived_from,HC,2025-12-15,,3244.0,3233.0,-0.0212906370238517,启动夹弹片、钢件受钢材价格影响，日度预警先跟随热轧卷板。
2025-12-16,clip_steel_proxy,启动夹钢件（热卷代理）,线束/启动夹结构,3306.67,元/吨,热轧卷板代理,derived_from,HC,2025-12-16,,3254.0,3246.0,-0.018347763762334934,启动夹弹片、钢件受钢材价格影响，日度预警先跟随热轧卷板。
2025-12-17,clip_steel_proxy,启动夹钢件（热卷代理）,线束/启动夹结构,3310.0,元/吨,热轧卷板代理,derived_from,HC,2025-12-17,,3255.0,3245.0,-0.01963746223564955,启动夹弹片、钢件受钢材价格影响，日度预警先跟随热轧卷板。
2025-12-18,clip_steel_proxy,启动夹钢件（热卷代理）,线束/启动夹结构,3320.0,元/吨,热轧卷板代理,derived_from,HC,2025-12-18,,3288.0,3277.0,-0.012951807228915646,启动夹弹片、钢件受钢材价格影响，日度预警先跟随热轧卷板。
2025-12-19,clip_steel_proxy,启动夹钢件（热卷代理）,线束/启动夹结构,3320.0,元/吨,热轧卷板代理,derived_from,HC,2025-12-19,,3276.0,3269.0,-0.015361445783132477,启动夹弹片、钢件受钢材价格影响，日度预警先跟随热轧卷板。
2025-12-22,clip_steel_proxy,启动夹钢件（热卷代理）,线束/启动夹结构,3313.33,元/吨,热轧卷板代理,derived_from,HC,2025-12-22,,3282.0,3277.0,-0.010964799763380051,启动夹弹片、钢件受钢材价格影响，日度预警先跟随热轧卷板。
2025-12-23,clip_steel_proxy,启动夹钢件（热卷代理）,线束/启动夹结构,3313.33,元/吨,热轧卷板代理,derived_from,HC,2025-12-23,,3280.0,3281.0,-0.009757555088083514,启动夹弹片、钢件受钢材价格影响，日度预警先跟随热轧卷板。
2025-12-24,clip_steel_proxy,启动夹钢件（热卷代理）,线束/启动夹结构,3310.0,元/吨,热轧卷板代理,derived_from,HC,2025-12-24,,3287.0,3285.0,-0.007552870090634434,启动夹弹片、钢件受钢材价格影响，日度预警先跟随热轧卷板。
2025-12-25,clip_steel_proxy,启动夹钢件（热卷代理）,线束/启动夹结构,3313.33,元/吨,热轧卷板代理,derived_from,HC,2025-12-25,,3282.0,3280.0,-0.010059366256907731,启动夹弹片、钢件受钢材价格影响，日度预警先跟随热轧卷板。
2025-12-26,clip_steel_proxy,启动夹钢件（热卷代理）,线束/启动夹结构,3306.67,元/吨,热轧卷板代理,derived_from,HC,2025-12-26,,3288.0,3283.0,-0.0071582589130454455,启动夹弹片、钢件受钢材价格影响，日度预警先跟随热轧卷板。
2025-12-29,clip_steel_proxy,启动夹钢件（热卷代理）,线束/启动夹结构,3320.0,元/吨,热轧卷板代理,derived_from,HC,2025-12-29,,3280.0,3287.0,-0.009939759036144524,启动夹弹片、钢件受钢材价格影响，日度预警先跟随热轧卷板。
2025-12-30,clip_steel_proxy,启动夹钢件（热卷代理）,线束/启动夹结构,3323.33,元/吨,热轧卷板代理,derived_from,HC,2025-12-30,,3277.0,3282.0,-0.012436321400522976,启动夹弹片、钢件受钢材价格影响，日度预警先跟随热轧卷板。
2025-12-31,clip_steel_proxy,启动夹钢件（热卷代理）,线束/启动夹结构,3313.33,元/吨,热轧卷板代理,derived_from,HC,2025-12-31,,3221.0,3270.0,-0.013077477945148797,启动夹弹片、钢件受钢材价格影响，日度预警先跟随热轧卷板。
2026-01-05,clip_steel_proxy,启动夹钢件（热卷代理）,线束/启动夹结构,3296.67,元/吨,热轧卷板代理,derived_from,HC,2026-01-05,,3220.0,3248.0,-0.014763382443496065,启动夹弹片、钢件受钢材价格影响，日度预警先跟随热轧卷板。
2026-01-06,clip_steel_proxy,启动夹钢件（热卷代理）,线束/启动夹结构,3293.33,元/吨,热轧卷板代理,derived_from,HC,2026-01-06,,3240.0,3263.0,-0.009209523491420568,启动夹弹片、钢件受钢材价格影响，日度预警先跟随热轧卷板。
2026-01-07,clip_steel_proxy,启动夹钢件（热卷代理）,线束/启动夹结构,3323.33,元/吨,热轧卷板代理,derived_from,HC,2026-01-07,,3299.0,3332.0,0.002608829096117482,启动夹弹片、钢件受钢材价格影响，日度预警先跟随热轧卷板。
2026-01-08,clip_steel_proxy,启动夹钢件（热卷代理）,线束/启动夹结构,3336.67,元/吨,热轧卷板代理,derived_from,HC,2026-01-08,,3300.0,3317.0,-0.0058950990058951325,启动夹弹片、钢件受钢材价格影响，日度预警先跟随热轧卷板。
2026-01-09,clip_steel_proxy,启动夹钢件（热卷代理）,线束/启动夹结构,3313.33,元/吨,热轧卷板代理,derived_from,HC,2026-01-09,,3255.0,3294.0,-0.005834009893370129,启动夹弹片、钢件受钢材价格影响，日度预警先跟随热轧卷板。
2026-01-12,clip_steel_proxy,启动夹钢件（热卷代理）,线束/启动夹结构,3330.0,元/吨,热轧卷板代理,derived_from,HC,2026-01-12,,3300.0,3311.0,-0.0057057057057057214,启动夹弹片、钢件受钢材价格影响，日度预警先跟随热轧卷板。
2026-01-13,clip_steel_proxy,启动夹钢件（热卷代理）,线束/启动夹结构,3330.0,元/吨,热轧卷板代理,derived_from,HC,2026-01-13,,3280.0,3303.0,-0.008108108108108136,启动夹弹片、钢件受钢材价格影响，日度预警先跟随热轧卷板。
2026-01-14,clip_steel_proxy,启动夹钢件（热卷代理）,线束/启动夹结构,3320.0,元/吨,热轧卷板代理,derived_from,HC,2026-01-14,,3251.0,3306.0,-0.004216867469879482,启动夹弹片、钢件受钢材价格影响，日度预警先跟随热轧卷板。
2026-01-15,clip_steel_proxy,启动夹钢件（热卷代理）,线束/启动夹结构,3306.67,元/吨,热轧卷板代理,derived_from,HC,2026-01-15,,3329.0,3307.0,9.979828649364642e-05,启动夹弹片、钢件受钢材价格影响，日度预警先跟随热轧卷板。
2026-01-16,clip_steel_proxy,启动夹钢件（热卷代理）,线束/启动夹结构,3316.67,元/吨,热轧卷板代理,derived_from,HC,2026-01-16,,3284.0,3315.0,-0.0005035170818924461,启动夹弹片、钢件受钢材价格影响，日度预警先跟随热轧卷板。
2026-01-19,clip_steel_proxy,启动夹钢件（热卷代理）,线束/启动夹结构,3323.33,元/吨,热轧卷板代理,derived_from,HC,2026-01-19,,3235.0,3299.0,-0.007320970231665225,启动夹弹片、钢件受钢材价格影响，日度预警先跟随热轧卷板。
2026-01-20,clip_steel_proxy,启动夹钢件（热卷代理）,线束/启动夹结构,3313.33,元/吨,热轧卷板代理,derived_from,HC,2026-01-20,,3262.0,3276.0,-0.011266610932204157,启动夹弹片、钢件受钢材价格影响，日度预警先跟随热轧卷板。
2026-01-21,clip_steel_proxy,启动夹钢件（热卷代理）,线束/启动夹结构,3313.33,元/吨,热轧卷板代理,derived_from,HC,2026-01-21,,3260.0,3286.0,-0.008248499243962981,启动夹弹片、钢件受钢材价格影响，日度预警先跟随热轧卷板。
2026-01-22,clip_steel_proxy,启动夹钢件（热卷代理）,线束/启动夹结构,3313.33,元/吨,热轧卷板代理,derived_from,HC,2026-01-22,,3273.0,3287.0,-0.007946688075138875,启动夹弹片、钢件受钢材价格影响，日度预警先跟随热轧卷板。
2026-01-23,clip_steel_proxy,启动夹钢件（热卷代理）,线束/启动夹结构,3313.33,元/吨,热轧卷板代理,derived_from,HC,2026-01-23,,3278.0,3305.0,-0.002514087036304846,启动夹弹片、钢件受钢材价格影响，日度预警先跟随热轧卷板。
2026-01-26,clip_steel_proxy,启动夹钢件（热卷代理）,线束/启动夹结构,3323.33,元/吨,热轧卷板代理,derived_from,HC,2026-01-26,,3300.0,3302.0,-0.006418261201866726,启动夹弹片、钢件受钢材价格影响，日度预警先跟随热轧卷板。
2026-01-27,clip_steel_proxy,启动夹钢件（热卷代理）,线束/启动夹结构,3320.0,元/吨,热轧卷板代理,derived_from,HC,2026-01-27,,3270.0,3289.0,-0.009337349397590344,启动夹弹片、钢件受钢材价格影响，日度预警先跟随热轧卷板。
2026-01-28,clip_steel_proxy,启动夹钢件（热卷代理）,线束/启动夹结构,3320.0,元/吨,热轧卷板代理,derived_from,HC,2026-01-28,,3271.0,3280.0,-0.012048192771084376,启动夹弹片、钢件受钢材价格影响，日度预警先跟随热轧卷板。
2026-01-29,clip_steel_proxy,启动夹钢件（热卷代理）,线束/启动夹结构,3313.33,元/吨,热轧卷板代理,derived_from,HC,2026-01-29,,3283.0,3308.0,-0.0016086535298325266,启动夹弹片、钢件受钢材价格影响，日度预警先跟随热轧卷板。
2026-01-30,clip_steel_proxy,启动夹钢件（热卷代理）,线束/启动夹结构,3323.33,元/吨,热轧卷板代理,derived_from,HC,2026-01-30,,3260.0,3288.0,-0.01063090334092609,启动夹弹片、钢件受钢材价格影响，日度预警先跟随热轧卷板。
2026-02-02,clip_steel_proxy,启动夹钢件（热卷代理）,线束/启动夹结构,3316.67,元/吨,热轧卷板代理,derived_from,HC,2026-02-02,,3250.0,3261.0,-0.016784907753861544,启动夹弹片、钢件受钢材价格影响，日度预警先跟随热轧卷板。
2026-02-03,clip_steel_proxy,启动夹钢件（热卷代理）,线束/启动夹结构,3313.33,元/吨,热轧卷板代理,derived_from,HC,2026-02-03,,3255.0,3265.0,-0.01458653378926933,启动夹弹片、钢件受钢材价格影响，日度预警先跟随热轧卷板。
2026-02-04,clip_steel_proxy,启动夹钢件（热卷代理）,线束/启动夹结构,3313.33,元/吨,热轧卷板代理,derived_from,HC,2026-02-04,,3250.0,3274.0,-0.01187023326985237,启动夹弹片、钢件受钢材价格影响，日度预警先跟随热轧卷板。
2026-02-05,clip_steel_proxy,启动夹钢件（热卷代理）,线束/启动夹结构,3310.0,元/吨,热轧卷板代理,derived_from,HC,2026-02-05,,3250.0,3263.0,-0.014199395770392753,启动夹弹片、钢件受钢材价格影响，日度预警先跟随热轧卷板。
2026-02-06,clip_steel_proxy,启动夹钢件（热卷代理）,线束/启动夹结构,3313.33,元/吨,热轧卷板代理,derived_from,HC,2026-02-06,,3250.0,3251.0,-0.01881189015280693,启动夹弹片、钢件受钢材价格影响，日度预警先跟随热轧卷板。
2026-02-09,clip_steel_proxy,启动夹钢件（热卷代理）,线束/启动夹结构,3310.0,元/吨,热轧卷板代理,derived_from,HC,2026-02-09,,3220.0,3239.0,-0.02145015105740178,启动夹弹片、钢件受钢材价格影响，日度预警先跟随热轧卷板。
2026-02-10,clip_steel_proxy,启动夹钢件（热卷代理）,线束/启动夹结构,3303.33,元/吨,热轧卷板代理,derived_from,HC,2026-02-10,,3210.0,3220.0,-0.025226059763935105,启动夹弹片、钢件受钢材价格影响，日度预警先跟随热轧卷板。
2026-02-11,clip_steel_proxy,启动夹钢件（热卷代理）,线束/启动夹结构,3313.33,元/吨,热轧卷板代理,derived_from,HC,2026-02-11,,3215.0,3228.0,-0.025753547035761604,启动夹弹片、钢件受钢材价格影响，日度预警先跟随热轧卷板。
2026-02-12,clip_steel_proxy,启动夹钢件（热卷代理）,线束/启动夹结构,3313.33,元/吨,热轧卷板代理,derived_from,HC,2026-02-12,,3200.0,3218.0,-0.02877165872400267,启动夹弹片、钢件受钢材价格影响，日度预警先跟随热轧卷板。
2026-02-13,clip_steel_proxy,启动夹钢件（热卷代理）,线束/启动夹结构,3310.0,元/吨,热轧卷板代理,derived_from,HC,2026-02-13,,3200.0,3222.0,-0.026586102719033278,启动夹弹片、钢件受钢材价格影响，日度预警先跟随热轧卷板。
2026-02-24,clip_steel_proxy,启动夹钢件（热卷代理）,线束/启动夹结构,3264.0,元/吨,热轧卷板代理,derived_from,HC,2026-02-24,,3220.0,3195.0,-0.02113970588235292,启动夹弹片、钢件受钢材价格影响，日度预警先跟随热轧卷板。
2026-02-25,clip_steel_proxy,启动夹钢件（热卷代理）,线束/启动夹结构,3242.0,元/吨,热轧卷板代理,derived_from,HC,2026-02-25,,3225.0,3236.0,-0.0018507094386180922,启动夹弹片、钢件受钢材价格影响，日度预警先跟随热轧卷板。
2026-02-26,clip_steel_proxy,启动夹钢件（热卷代理）,线束/启动夹结构,3250.0,元/吨,热轧卷板代理,derived_from,HC,2026-02-26,,3209.0,3218.0,-0.009846153846153838,启动夹弹片、钢件受钢材价格影响，日度预警先跟随热轧卷板。
2026-02-27,clip_steel_proxy,启动夹钢件（热卷代理）,线束/启动夹结构,3244.0,元/吨,热轧卷板代理,derived_from,HC,2026-02-27,,3230.0,3215.0,-0.008939580764488309,启动夹弹片、钢件受钢材价格影响，日度预警先跟随热轧卷板。
2026-03-02,clip_steel_proxy,启动夹钢件（热卷代理）,线束/启动夹结构,3246.0,元/吨,热轧卷板代理,derived_from,HC,2026-03-02,,3192.0,3219.0,-0.008317929759704246,启动夹弹片、钢件受钢材价格影响，日度预警先跟随热轧卷板。
2026-03-03,clip_steel_proxy,启动夹钢件（热卷代理）,线束/启动夹结构,3246.0,元/吨,热轧卷板代理,derived_from,HC,2026-03-03,,3210.0,3219.0,-0.008317929759704246,启动夹弹片、钢件受钢材价格影响，日度预警先跟随热轧卷板。
2026-03-04,clip_steel_proxy,启动夹钢件（热卷代理）,线束/启动夹结构,3244.0,元/吨,热轧卷板代理,derived_from,HC,2026-03-04,,3202.0,3212.0,-0.009864364981504337,启动夹弹片、钢件受钢材价格影响，日度预警先跟随热轧卷板。
2026-03-05,clip_steel_proxy,启动夹钢件（热卷代理）,线束/启动夹结构,3254.0,元/吨,热轧卷板代理,derived_from,HC,2026-03-05,,3200.0,3209.0,-0.013829133374308578,启动夹弹片、钢件受钢材价格影响，日度预警先跟随热轧卷板。
2026-03-06,clip_steel_proxy,启动夹钢件（热卷代理）,线束/启动夹结构,3254.0,元/吨,热轧卷板代理,derived_from,HC,2026-03-06,,3215.0,3230.0,-0.007375537799631182,启动夹弹片、钢件受钢材价格影响，日度预警先跟随热轧卷板。
2026-03-09,clip_steel_proxy,启动夹钢件（热卷代理）,线束/启动夹结构,3286.0,元/吨,热轧卷板代理,derived_from,HC,2026-03-09,,3258.0,3270.0,-0.004869141813755307,启动夹弹片、钢件受钢材价格影响，日度预警先跟随热轧卷板。
2026-03-10,clip_steel_proxy,启动夹钢件（热卷代理）,线束/启动夹结构,3274.0,元/吨,热轧卷板代理,derived_from,HC,2026-03-10,,3245.0,3256.0,-0.005497861942577842,启动夹弹片、钢件受钢材价格影响，日度预警先跟随热轧卷板。
2026-03-11,clip_steel_proxy,启动夹钢件（热卷代理）,线束/启动夹结构,3280.0,元/吨,热轧卷板代理,derived_from,HC,2026-03-11,,3242.0,3269.0,-0.0033536585365853133,启动夹弹片、钢件受钢材价格影响，日度预警先跟随热轧卷板。
2026-03-12,clip_steel_proxy,启动夹钢件（热卷代理）,线束/启动夹结构,3291.0,元/吨,热轧卷板代理,derived_from,HC,2026-03-12,,3249.0,3275.0,-0.0048617441507140535,启动夹弹片、钢件受钢材价格影响，日度预警先跟随热轧卷板。
2026-03-13,clip_steel_proxy,启动夹钢件（热卷代理）,线束/启动夹结构,3312.0,元/吨,热轧卷板代理,derived_from,HC,2026-03-13,,3290.0,3295.0,-0.005132850241545861,启动夹弹片、钢件受钢材价格影响，日度预警先跟随热轧卷板。
2026-03-16,clip_steel_proxy,启动夹钢件（热卷代理）,线束/启动夹结构,3306.0,元/吨,热轧卷板代理,derived_from,HC,2026-03-16,,3285.0,3299.0,-0.0021173623714458856,启动夹弹片、钢件受钢材价格影响，日度预警先跟随热轧卷板。
2026-03-17,clip_steel_proxy,启动夹钢件（热卷代理）,线束/启动夹结构,3316.0,元/吨,热轧卷板代理,derived_from,HC,2026-03-17,,3304.0,3313.0,-0.000904704463208672,启动夹弹片、钢件受钢材价格影响，日度预警先跟随热轧卷板。
2026-03-18,clip_steel_proxy,启动夹钢件（热卷代理）,线束/启动夹结构,3340.0,元/吨,热轧卷板代理,derived_from,HC,2026-03-18,,3295.0,3310.0,-0.008982035928143728,启动夹弹片、钢件受钢材价格影响，日度预警先跟随热轧卷板。
2026-03-19,clip_steel_proxy,启动夹钢件（热卷代理）,线束/启动夹结构,3314.0,元/吨,热轧卷板代理,derived_from,HC,2026-03-19,,3294.0,3302.0,-0.0036210018105009567,启动夹弹片、钢件受钢材价格影响，日度预警先跟随热轧卷板。
2026-03-20,clip_steel_proxy,启动夹钢件（热卷代理）,线束/启动夹结构,3319.0,元/吨,热轧卷板代理,derived_from,HC,2026-03-20,,3299.0,3297.0,-0.006628502561012328,启动夹弹片、钢件受钢材价格影响，日度预警先跟随热轧卷板。
2026-03-23,clip_steel_proxy,启动夹钢件（热卷代理）,线束/启动夹结构,3328.0,元/吨,热轧卷板代理,derived_from,HC,2026-03-23,,3332.0,3330.0,0.0006009615384614531,启动夹弹片、钢件受钢材价格影响，日度预警先跟随热轧卷板。
2026-03-24,clip_steel_proxy,启动夹钢件（热卷代理）,线束/启动夹结构,3332.0,元/吨,热轧卷板代理,derived_from,HC,2026-03-24,,3318.0,3324.0,-0.0024009603841537164,启动夹弹片、钢件受钢材价格影响，日度预警先跟随热轧卷板。
2026-03-25,clip_steel_proxy,启动夹钢件（热卷代理）,线束/启动夹结构,3319.0,元/吨,热轧卷板代理,derived_from,HC,2026-03-25,,3295.0,3313.0,-0.0018077734257306854,启动夹弹片、钢件受钢材价格影响，日度预警先跟随热轧卷板。
2026-03-26,clip_steel_proxy,启动夹钢件（热卷代理）,线束/启动夹结构,3318.0,元/吨,热轧卷板代理,derived_from,HC,2026-03-26,,3299.0,3305.0,-0.003918022905364693,启动夹弹片、钢件受钢材价格影响，日度预警先跟随热轧卷板。
2026-03-27,clip_steel_proxy,启动夹钢件（热卷代理）,线束/启动夹结构,3308.0,元/吨,热轧卷板代理,derived_from,HC,2026-03-27,,3280.0,3299.0,-0.0027206771463119672,启动夹弹片、钢件受钢材价格影响，日度预警先跟随热轧卷板。
2026-03-30,clip_steel_proxy,启动夹钢件（热卷代理）,线束/启动夹结构,3318.0,元/吨,热轧卷板代理,derived_from,HC,2026-03-30,,3305.0,3308.0,-0.003013863773357439,启动夹弹片、钢件受钢材价格影响，日度预警先跟随热轧卷板。
2026-03-31,clip_steel_proxy,启动夹钢件（热卷代理）,线束/启动夹结构,3314.0,元/吨,热轧卷板代理,derived_from,HC,2026-03-31,,3282.0,3310.0,-0.001207000603500319,启动夹弹片、钢件受钢材价格影响，日度预警先跟随热轧卷板。
2026-04-01,clip_steel_proxy,启动夹钢件（热卷代理）,线束/启动夹结构,3313.0,元/吨,热轧卷板代理,derived_from,HC,2026-04-01,,3290.0,3308.0,-0.001509206157561116,启动夹弹片、钢件受钢材价格影响，日度预警先跟随热轧卷板。
2026-04-02,clip_steel_proxy,启动夹钢件（热卷代理）,线束/启动夹结构,3296.0,元/吨,热轧卷板代理,derived_from,HC,2026-04-02,,3275.0,3295.0,-0.00030339805825241317,启动夹弹片、钢件受钢材价格影响，日度预警先跟随热轧卷板。
2026-04-03,clip_steel_proxy,启动夹钢件（热卷代理）,线束/启动夹结构,3295.0,元/吨,热轧卷板代理,derived_from,HC,2026-04-03,,3250.0,3285.0,-0.003034901365705611,启动夹弹片、钢件受钢材价格影响，日度预警先跟随热轧卷板。
2026-04-07,clip_steel_proxy,启动夹钢件（热卷代理）,线束/启动夹结构,3292.0,元/吨,热轧卷板代理,derived_from,HC,2026-04-07,,3250.0,3275.0,-0.005164034021871156,启动夹弹片、钢件受钢材价格影响，日度预警先跟随热轧卷板。
2026-04-08,clip_steel_proxy,启动夹钢件（热卷代理）,线束/启动夹结构,3274.0,元/吨,热轧卷板代理,derived_from,HC,2026-04-08,,3255.0,3282.0,0.0024434941967013124,启动夹弹片、钢件受钢材价格影响，日度预警先跟随热轧卷板。
2026-04-09,clip_steel_proxy,启动夹钢件（热卷代理）,线束/启动夹结构,3278.0,元/吨,热轧卷板代理,derived_from,HC,2026-04-09,,3255.0,3270.0,-0.0024405125076265577,启动夹弹片、钢件受钢材价格影响，日度预警先跟随热轧卷板。
2026-04-10,clip_steel_proxy,启动夹钢件（热卷代理）,线束/启动夹结构,3292.0,元/吨,热轧卷板代理,derived_from,HC,2026-04-10,,3255.0,3273.0,-0.005771567436208991,启动夹弹片、钢件受钢材价格影响，日度预警先跟随热轧卷板。
2026-04-13,clip_steel_proxy,启动夹钢件（热卷代理）,线束/启动夹结构,3290.0,元/吨,热轧卷板代理,derived_from,HC,2026-04-13,,3250.0,3278.0,-0.0036474164133738496,启动夹弹片、钢件受钢材价格影响，日度预警先跟随热轧卷板。
2026-04-14,clip_steel_proxy,启动夹钢件（热卷代理）,线束/启动夹结构,3289.0,元/吨,热轧卷板代理,derived_from,HC,2026-04-14,,3252.0,3279.0,-0.0030404378230465268,启动夹弹片、钢件受钢材价格影响，日度预警先跟随热轧卷板。
2026-04-15,clip_steel_proxy,启动夹钢件（热卷代理）,线束/启动夹结构,3289.0,元/吨,热轧卷板代理,derived_from,HC,2026-04-15,,3275.0,3290.0,0.0003040437823047526,启动夹弹片、钢件受钢材价格影响，日度预警先跟随热轧卷板。
2026-04-16,clip_steel_proxy,启动夹钢件（热卷代理）,线束/启动夹结构,3314.0,元/吨,热轧卷板代理,derived_from,HC,2026-04-16,,3306.0,3326.0,0.0036210018105009567,启动夹弹片、钢件受钢材价格影响，日度预警先跟随热轧卷板。
2026-04-17,clip_steel_proxy,启动夹钢件（热卷代理）,线束/启动夹结构,3328.0,元/吨,热轧卷板代理,derived_from,HC,2026-04-17,,3307.0,3324.0,-0.0012019230769231282,启动夹弹片、钢件受钢材价格影响，日度预警先跟随热轧卷板。
2026-04-20,clip_steel_proxy,启动夹钢件（热卷代理）,线束/启动夹结构,3360.0,元/吨,热轧卷板代理,derived_from,HC,2026-04-20,,3339.0,3362.0,0.0005952380952380931,启动夹弹片、钢件受钢材价格影响，日度预警先跟随热轧卷板。
2026-04-21,clip_steel_proxy,启动夹钢件（热卷代理）,线束/启动夹结构,3366.0,元/吨,热轧卷板代理,derived_from,HC,2026-04-21,,3340.0,3366.0,0.0,启动夹弹片、钢件受钢材价格影响，日度预警先跟随热轧卷板。
2026-04-22,clip_steel_proxy,启动夹钢件（热卷代理）,线束/启动夹结构,3382.0,元/吨,热轧卷板代理,derived_from,HC,2026-04-22,,3361.0,3388.0,0.0017740981667653255,启动夹弹片、钢件受钢材价格影响，日度预警先跟随热轧卷板。
2026-04-23,clip_steel_proxy,启动夹钢件（热卷代理）,线束/启动夹结构,3400.0,元/吨,热轧卷板代理,derived_from,HC,2026-04-23,,3361.0,3385.0,-0.004411764705882337,启动夹弹片、钢件受钢材价格影响，日度预警先跟随热轧卷板。
2026-04-24,clip_steel_proxy,启动夹钢件（热卷代理）,线束/启动夹结构,3400.0,元/吨,热轧卷板代理,derived_from,HC,2026-04-24,,3366.0,3392.0,-0.0023529411764705577,启动夹弹片、钢件受钢材价格影响，日度预警先跟随热轧卷板。
2026-04-27,clip_steel_proxy,启动夹钢件（热卷代理）,线束/启动夹结构,3408.0,元/吨,热轧卷板代理,derived_from,HC,2026-04-27,,3375.0,3394.0,-0.004107981220657253,启动夹弹片、钢件受钢材价格影响，日度预警先跟随热轧卷板。
2026-04-28,clip_steel_proxy,启动夹钢件（热卷代理）,线束/启动夹结构,3396.0,元/吨,热轧卷板代理,derived_from,HC,2026-04-28,,3357.0,3378.0,-0.005300353356890497,启动夹弹片、钢件受钢材价格影响，日度预警先跟随热轧卷板。
2026-04-29,clip_steel_proxy,启动夹钢件（热卷代理）,线束/启动夹结构,3408.0,元/吨,热轧卷板代理,derived_from,HC,2026-04-29,,3380.0,3407.0,-0.0002934272300469942,启动夹弹片、钢件受钢材价格影响，日度预警先跟随热轧卷板。
2026-04-30,clip_steel_proxy,启动夹钢件（热卷代理）,线束/启动夹结构,3424.0,元/吨,热轧卷板代理,derived_from,HC,2026-04-30,,3431.0,3425.0,0.00029205607476634476,启动夹弹片、钢件受钢材价格影响，日度预警先跟随热轧卷板。
2026-05-06,clip_steel_proxy,启动夹钢件（热卷代理）,线束/启动夹结构,3488.0,元/吨,热轧卷板代理,derived_from,HC,2026-05-06,,3470.0,3493.0,0.0014334862385321223,启动夹弹片、钢件受钢材价格影响，日度预警先跟随热轧卷板。
2026-05-07,clip_steel_proxy,启动夹钢件（热卷代理）,线束/启动夹结构,3496.0,元/吨,热轧卷板代理,derived_from,HC,2026-05-07,,3473.0,3492.0,-0.0011441647597254523,启动夹弹片、钢件受钢材价格影响，日度预警先跟随热轧卷板。
2026-05-08,clip_steel_proxy,启动夹钢件（热卷代理）,线束/启动夹结构,3498.0,元/吨,热轧卷板代理,derived_from,HC,2026-05-08,,3455.0,3473.0,-0.007146941109205218,启动夹弹片、钢件受钢材价格影响，日度预警先跟随热轧卷板。
2026-05-11,clip_steel_proxy,启动夹钢件（热卷代理）,线束/启动夹结构,3502.0,元/吨,热轧卷板代理,derived_from,HC,2026-05-11,,3472.0,3497.0,-0.0014277555682467025,启动夹弹片、钢件受钢材价格影响，日度预警先跟随热轧卷板。
2026-05-12,clip_steel_proxy,启动夹钢件（热卷代理）,线束/启动夹结构,3488.0,元/吨,热轧卷板代理,derived_from,HC,2026-05-12,,3447.0,3471.0,-0.004873853211009194,启动夹弹片、钢件受钢材价格影响，日度预警先跟随热轧卷板。
2026-05-13,clip_steel_proxy,启动夹钢件（热卷代理）,线束/启动夹结构,3482.0,元/吨,热轧卷板代理,derived_from,HC,2026-05-13,,3449.0,3481.0,-0.0002871912693853673,启动夹弹片、钢件受钢材价格影响，日度预警先跟随热轧卷板。
2026-05-14,clip_steel_proxy,启动夹钢件（热卷代理）,线束/启动夹结构,3482.0,元/吨,热轧卷板代理,derived_from,HC,2026-05-14,,3455.0,3478.0,-0.0011487650775416913,启动夹弹片、钢件受钢材价格影响，日度预警先跟随热轧卷板。
2026-05-15,clip_steel_proxy,启动夹钢件（热卷代理）,线束/启动夹结构,3457.0,元/吨,热轧卷板代理,derived_from,HC,2026-05-15,,3440.0,3446.0,-0.0031819496673416436,启动夹弹片、钢件受钢材价格影响，日度预警先跟随热轧卷板。
2026-05-18,clip_steel_proxy,启动夹钢件（热卷代理）,线束/启动夹结构,3450.0,元/吨,热轧卷板代理,derived_from,HC,2026-05-18,,3413.0,3429.0,-0.006086956521739184,启动夹弹片、钢件受钢材价格影响，日度预警先跟随热轧卷板。
2026-05-19,clip_steel_proxy,启动夹钢件（热卷代理）,线束/启动夹结构,3434.0,元/吨,热轧卷板代理,derived_from,HC,2026-05-19,,3400.0,3428.0,-0.0017472335468841083,启动夹弹片、钢件受钢材价格影响，日度预警先跟随热轧卷板。
2026-05-20,clip_steel_proxy,启动夹钢件（热卷代理）,线束/启动夹结构,3432.0,元/吨,热轧卷板代理,derived_from,HC,2026-05-20,,3385.0,3418.0,-0.004079254079254024,启动夹弹片、钢件受钢材价格影响，日度预警先跟随热轧卷板。
2026-05-21,clip_steel_proxy,启动夹钢件（热卷代理）,线束/启动夹结构,3420.0,元/吨,热轧卷板代理,derived_from,HC,2026-05-21,,3390.0,3394.0,-0.007602339181286499,启动夹弹片、钢件受钢材价格影响，日度预警先跟随热轧卷板。
2026-05-22,clip_steel_proxy,启动夹钢件（热卷代理）,线束/启动夹结构,3412.0,元/吨,热轧卷板代理,derived_from,HC,2026-05-22,,3375.0,3385.0,-0.007913247362250853,启动夹弹片、钢件受钢材价格影响，日度预警先跟随热轧卷板。
2026-05-25,clip_steel_proxy,启动夹钢件（热卷代理）,线束/启动夹结构,3450.0,元/吨,热轧卷板代理,derived_from,HC,2026-05-25,,3418.0,3432.0,-0.00521739130434784,启动夹弹片、钢件受钢材价格影响，日度预警先跟随热轧卷板。
2026-05-26,clip_steel_proxy,启动夹钢件（热卷代理）,线束/启动夹结构,3398.0,元/吨,热轧卷板代理,derived_from,HC,2026-05-26,,3343.0,3366.0,-0.009417304296645113,启动夹弹片、钢件受钢材价格影响，日度预警先跟随热轧卷板。
2026-05-27,clip_steel_proxy,启动夹钢件（热卷代理）,线束/启动夹结构,3384.0,元/吨,热轧卷板代理,derived_from,HC,2026-05-27,,3328.0,3363.0,-0.006205673758865271,启动夹弹片、钢件受钢材价格影响，日度预警先跟随热轧卷板。
2026-05-28,clip_steel_proxy,启动夹钢件（热卷代理）,线束/启动夹结构,3398.0,元/吨,热轧卷板代理,derived_from,HC,2026-05-28,,3340.0,3365.0,-0.009711595055915234,启动夹弹片、钢件受钢材价格影响，日度预警先跟随热轧卷板。
2026-05-29,clip_steel_proxy,启动夹钢件（热卷代理）,线束/启动夹结构,3398.0,元/吨,热轧卷板代理,derived_from,HC,2026-05-29,,3427.0,3382.0,-0.004708652148322501,启动夹弹片、钢件受钢材价格影响，日度预警先跟随热轧卷板。
2026-06-01,clip_steel_proxy,启动夹钢件（热卷代理）,线束/启动夹结构,3418.0,元/吨,热轧卷板代理,derived_from,HC,2026-06-01,,3390.0,3400.0,-0.0052662375658280025,启动夹弹片、钢件受钢材价格影响，日度预警先跟随热轧卷板。
2026-06-02,clip_steel_proxy,启动夹钢件（热卷代理）,线束/启动夹结构,3418.0,元/吨,热轧卷板代理,derived_from,HC,2026-06-02,,3375.0,3399.0,-0.005558806319485132,启动夹弹片、钢件受钢材价格影响，日度预警先跟随热轧卷板。
2026-06-03,clip_steel_proxy,启动夹钢件（热卷代理）,线束/启动夹结构,3412.0,元/吨,热轧卷板代理,derived_from,HC,2026-06-03,,3350.0,3386.0,-0.007620164126611928,启动夹弹片、钢件受钢材价格影响，日度预警先跟随热轧卷板。
2026-06-04,clip_steel_proxy,启动夹钢件（热卷代理）,线束/启动夹结构,3403.0,元/吨,热轧卷板代理,derived_from,HC,2026-06-04,,3360.0,3377.0,-0.007640317367029081,启动夹弹片、钢件受钢材价格影响，日度预警先跟随热轧卷板。
2026-06-05,clip_steel_proxy,启动夹钢件（热卷代理）,线束/启动夹结构,3404.0,元/吨,热轧卷板代理,derived_from,HC,2026-06-05,,3366.0,3381.0,-0.006756756756756799,启动夹弹片、钢件受钢材价格影响，日度预警先跟随热轧卷板。
2026-06-08,clip_steel_proxy,启动夹钢件（热卷代理）,线束/启动夹结构,3394.0,元/吨,热轧卷板代理,derived_from,HC,2026-06-08,,3349.0,3373.0,-0.006187389510901586,启动夹弹片、钢件受钢材价格影响，日度预警先跟随热轧卷板。
2026-06-09,clip_steel_proxy,启动夹钢件（热卷代理）,线束/启动夹结构,3378.0,元/吨,热轧卷板代理,derived_from,HC,2026-06-09,,3324.0,3361.0,-0.005032563647128452,启动夹弹片、钢件受钢材价格影响，日度预警先跟随热轧卷板。
2026-06-10,clip_steel_proxy,启动夹钢件（热卷代理）,线束/启动夹结构,3390.0,元/吨,热轧卷板代理,derived_from,HC,2026-06-10,,3324.0,3380.0,-0.002949852507374673,启动夹弹片、钢件受钢材价格影响，日度预警先跟随热轧卷板。
2026-06-11,clip_steel_proxy,启动夹钢件（热卷代理）,线束/启动夹结构,3380.0,元/吨,热轧卷板代理,derived_from,HC,2026-06-11,,3324.0,3358.0,-0.0065088757396449815,启动夹弹片、钢件受钢材价格影响，日度预警先跟随热轧卷板。
2026-06-12,clip_steel_proxy,启动夹钢件（热卷代理）,线束/启动夹结构,3390.0,元/吨,热轧卷板代理,derived_from,HC,2026-06-12,,3360.0,3379.0,-0.003244837758112129,启动夹弹片、钢件受钢材价格影响，日度预警先跟随热轧卷板。
2025-12-15,connector_nickel_plating_proxy,连接器镀镍（镍价代理）,连接器/镀层金属,117633.33,元/吨,镍价代理,derived_from,NI,2025-12-15,,114350.0,114690.0,-0.025021224851834112,夹子和连接器镀层受镍价影响，日度预警先跟随镍价。
2025-12-16,connector_nickel_plating_proxy,连接器镀镍（镍价代理）,连接器/镀层金属,115050.0,元/吨,镍价代理,derived_from,NI,2025-12-16,,112290.0,112290.0,-0.023989569752281614,夹子和连接器镀层受镍价影响，日度预警先跟随镍价。
2025-12-17,connector_nickel_plating_proxy,连接器镀镍（镍价代理）,连接器/镀层金属,115533.33,元/吨,镍价代理,derived_from,NI,2025-12-17,,113800.0,113800.0,-0.0150028567513808,夹子和连接器镀层受镍价影响，日度预警先跟随镍价。
2025-12-18,connector_nickel_plating_proxy,连接器镀镍（镍价代理）,连接器/镀层金属,116866.67,元/吨,镍价代理,derived_from,NI,2025-12-18,,113940.0,114120.0,-0.02350259488013129,夹子和连接器镀层受镍价影响，日度预警先跟随镍价。
2025-12-19,connector_nickel_plating_proxy,连接器镀镍（镍价代理）,连接器/镀层金属,120416.67,元/吨,镍价代理,derived_from,NI,2025-12-19,,117180.0,117460.0,-0.024553660219967854,夹子和连接器镀层受镍价影响，日度预警先跟随镍价。
2025-12-22,connector_nickel_plating_proxy,连接器镀镍（镍价代理）,连接器/镀层金属,121950.0,元/吨,镍价代理,derived_from,NI,2025-12-22,,121260.0,121700.0,-0.0020500205002049743,夹子和连接器镀层受镍价影响，日度预警先跟随镍价。
2025-12-23,connector_nickel_plating_proxy,连接器镀镍（镍价代理）,连接器/镀层金属,125700.0,元/吨,镍价代理,derived_from,NI,2025-12-23,,123040.0,123440.0,-0.01797931583134449,夹子和连接器镀层受镍价影响，日度预警先跟随镍价。
2025-12-24,connector_nickel_plating_proxy,连接器镀镍（镍价代理）,连接器/镀层金属,130800.0,元/吨,镍价代理,derived_from,NI,2025-12-24,,127650.0,128000.0,-0.021406727828746197,夹子和连接器镀层受镍价影响，日度预警先跟随镍价。
2025-12-25,connector_nickel_plating_proxy,连接器镀镍（镍价代理）,连接器/镀层金属,127383.33,元/吨,镍价代理,derived_from,NI,2025-12-25,,124980.0,125410.0,-0.015491273465688238,夹子和连接器镀层受镍价影响，日度预警先跟随镍价。
2025-12-26,connector_nickel_plating_proxy,连接器镀镍（镍价代理）,连接器/镀层金属,130550.0,元/吨,镍价代理,derived_from,NI,2025-12-26,,126440.0,126750.0,-0.029107621600919176,夹子和连接器镀层受镍价影响，日度预警先跟随镍价。
2025-12-29,connector_nickel_plating_proxy,连接器镀镍（镍价代理）,连接器/镀层金属,132316.67,元/吨,镍价代理,derived_from,NI,2025-12-29,,125310.0,125710.0,-0.049930745687599365,夹子和连接器镀层受镍价影响，日度预警先跟随镍价。
2025-12-30,connector_nickel_plating_proxy,连接器镀镍（镍价代理）,连接器/镀层金属,133250.0,元/吨,镍价代理,derived_from,NI,2025-12-30,,132080.0,132390.0,-0.006454033771106982,夹子和连接器镀层受镍价影响，日度预警先跟随镍价。
2025-12-31,connector_nickel_plating_proxy,连接器镀镍（镍价代理）,连接器/镀层金属,137733.33,元/吨,镍价代理,derived_from,NI,2025-12-31,,130400.0,132850.0,-0.03545496213588961,夹子和连接器镀层受镍价影响，日度预警先跟随镍价。
2026-01-05,connector_nickel_plating_proxy,连接器镀镍（镍价代理）,连接器/镀层金属,139250.0,元/吨,镍价代理,derived_from,NI,2026-01-05,,133750.0,134100.0,-0.03698384201077198,夹子和连接器镀层受镍价影响，日度预警先跟随镍价。
2026-01-06,connector_nickel_plating_proxy,连接器镀镍（镍价代理）,连接器/镀层金属,144216.67,元/吨,镍价代理,derived_from,NI,2026-01-06,,139410.0,139800.0,-0.030625239093372558,夹子和连接器镀层受镍价影响，日度预警先跟随镍价。
2026-01-07,connector_nickel_plating_proxy,连接器镀镍（镍价代理）,连接器/镀层金属,151183.33,元/吨,镍价代理,derived_from,NI,2026-01-07,,147400.0,147720.0,-0.02290814734666835,夹子和连接器镀层受镍价影响，日度预警先跟随镍价。
2026-01-08,connector_nickel_plating_proxy,连接器镀镍（镍价代理）,连接器/镀层金属,149350.0,元/吨,镍价代理,derived_from,NI,2026-01-08,,136000.0,136440.0,-0.08644124539671916,夹子和连接器镀层受镍价影响，日度预警先跟随镍价。
2026-01-09,connector_nickel_plating_proxy,连接器镀镍（镍价代理）,连接器/镀层金属,142816.67,元/吨,镍价代理,derived_from,NI,2026-01-09,,138000.0,139090.0,-0.02609408271457392,夹子和连接器镀层受镍价影响，日度预警先跟随镍价。
2026-01-12,connector_nickel_plating_proxy,连接器镀镍（镍价代理）,连接器/镀层金属,147133.33,元/吨,镍价代理,derived_from,NI,2026-01-12,,141800.0,144200.0,-0.019936543269971407,夹子和连接器镀层受镍价影响，日度预警先跟随镍价。
2026-01-13,connector_nickel_plating_proxy,连接器镀镍（镍价代理）,连接器/镀层金属,145750.0,元/吨,镍价代理,derived_from,NI,2026-01-13,,140200.0,138450.0,-0.05008576329331049,夹子和连接器镀层受镍价影响，日度预警先跟随镍价。
2026-01-14,connector_nickel_plating_proxy,连接器镀镍（镍价代理）,连接器/镀层金属,146716.67,元/吨,镍价代理,derived_from,NI,2026-01-14,,141800.0,140940.0,-0.03937296286781866,夹子和连接器镀层受镍价影响，日度预警先跟随镍价。
2026-01-15,connector_nickel_plating_proxy,连接器镀镍（镍价代理）,连接器/镀层金属,149716.67,元/吨,镍价代理,derived_from,NI,2026-01-15,,145400.0,147020.0,-0.018011821930049687,夹子和连接器镀层受镍价影响，日度预警先跟随镍价。
2026-01-16,connector_nickel_plating_proxy,连接器镀镍（镍价代理）,连接器/镀层金属,149150.0,元/吨,镍价代理,derived_from,NI,2026-01-16,,141350.0,141590.0,-0.050687227623198106,夹子和连接器镀层受镍价影响，日度预警先跟随镍价。
2026-01-19,connector_nickel_plating_proxy,连接器镀镍（镍价代理）,连接器/镀层金属,146416.67,元/吨,镍价代理,derived_from,NI,2026-01-19,,142320.0,142530.0,-0.026545269742851096,夹子和连接器镀层受镍价影响，日度预警先跟随镍价。
2026-01-20,connector_nickel_plating_proxy,连接器镀镍（镍价代理）,连接器/镀层金属,145633.33,元/吨,镍价代理,derived_from,NI,2026-01-20,,141360.0,141560.0,-0.0279697648882985,夹子和连接器镀层受镍价影响，日度预警先跟随镍价。
2026-01-21,connector_nickel_plating_proxy,连接器镀镍（镍价代理）,连接器/镀层金属,145100.0,元/吨,镍价代理,derived_from,NI,2026-01-21,,143060.0,143170.0,-0.013301171605789142,夹子和连接器镀层受镍价影响，日度预警先跟随镍价。
2026-01-22,connector_nickel_plating_proxy,连接器镀镍（镍价代理）,连接器/镀层金属,145633.33,元/吨,镍价代理,derived_from,NI,2026-01-22,,142500.0,142740.0,-0.01986722407569741,夹子和连接器镀层受镍价影响，日度预警先跟随镍价。
2026-01-23,connector_nickel_plating_proxy,连接器镀镍（镍价代理）,连接器/镀层金属,149416.67,元/吨,镍价代理,derived_from,NI,2026-01-23,,148010.0,148360.0,-0.007071968609660528,夹子和连接器镀层受镍价影响，日度预警先跟随镍价。
2026-01-26,connector_nickel_plating_proxy,连接器镀镍（镍价代理）,连接器/镀层金属,153883.33,元/吨,镍价代理,derived_from,NI,2026-01-26,,145380.0,145730.0,-0.052983841719567604,夹子和连接器镀层受镍价影响，日度预警先跟随镍价。
2026-01-27,connector_nickel_plating_proxy,连接器镀镍（镍价代理）,连接器/镀层金属,148500.0,元/吨,镍价代理,derived_from,NI,2026-01-27,,146110.0,146370.0,-0.014343434343434325,夹子和连接器镀层受镍价影响，日度预警先跟随镍价。
2026-01-28,connector_nickel_plating_proxy,连接器镀镍（镍价代理）,连接器/镀层金属,146083.33,元/吨,镍价代理,derived_from,NI,2026-01-28,,144370.0,144730.0,-0.009264096047098547,夹子和连接器镀层受镍价影响，日度预警先跟随镍价。
2026-01-29,connector_nickel_plating_proxy,连接器镀镍（镍价代理）,连接器/镀层金属,147950.0,元/吨,镍价代理,derived_from,NI,2026-01-29,,146990.0,147470.0,-0.003244339303818844,夹子和连接器镀层受镍价影响，日度预警先跟随镍价。
2026-01-30,connector_nickel_plating_proxy,连接器镀镍（镍价代理）,连接器/镀层金属,146016.67,元/吨,镍价代理,derived_from,NI,2026-01-30,,139910.0,140000.0,-0.04120536374374251,夹子和连接器镀层受镍价影响，日度预警先跟随镍价。
2026-02-02,connector_nickel_plating_proxy,连接器镀镍（镍价代理）,连接器/镀层金属,140150.0,元/吨,镍价代理,derived_from,NI,2026-02-02,,129500.0,129720.0,-0.07442026400285406,夹子和连接器镀层受镍价影响，日度预警先跟随镍价。
2026-02-03,connector_nickel_plating_proxy,连接器镀镍（镍价代理）,连接器/镀层金属,138933.33,元/吨,镍价代理,derived_from,NI,2026-02-03,,134120.0,135430.0,-0.02521590751477698,夹子和连接器镀层受镍价影响，日度预警先跟随镍价。
2026-02-04,connector_nickel_plating_proxy,连接器镀镍（镍价代理）,连接器/镀层金属,142116.67,元/吨,镍价代理,derived_from,NI,2026-02-04,,136880.0,138270.0,-0.02706698658222162,夹子和连接器镀层受镍价影响，日度预警先跟随镍价。
2026-02-05,connector_nickel_plating_proxy,连接器镀镍（镍价代理）,连接器/镀层金属,139516.67,元/吨,镍价代理,derived_from,NI,2026-02-05,,134140.0,135100.0,-0.03165693389901014,夹子和连接器镀层受镍价影响，日度预警先跟随镍价。
2026-02-06,connector_nickel_plating_proxy,连接器镀镍（镍价代理）,连接器/镀层金属,136250.0,元/吨,镍价代理,derived_from,NI,2026-02-06,,131230.0,132330.0,-0.028770642201834895,夹子和连接器镀层受镍价影响，日度预警先跟随镍价。
2026-02-09,connector_nickel_plating_proxy,连接器镀镍（镍价代理）,连接器/镀层金属,138650.0,元/吨,镍价代理,derived_from,NI,2026-02-09,,134710.0,135020.0,-0.026181031373963215,夹子和连接器镀层受镍价影响，日度预警先跟随镍价。
2026-02-10,connector_nickel_plating_proxy,连接器镀镍（镍价代理）,连接器/镀层金属,139250.0,元/吨,镍价代理,derived_from,NI,2026-02-10,,133090.0,133900.0,-0.03842010771992821,夹子和连接器镀层受镍价影响，日度预警先跟随镍价。
2026-02-11,connector_nickel_plating_proxy,连接器镀镍（镍价代理）,连接器/镀层金属,142583.33,元/吨,镍价代理,derived_from,NI,2026-02-11,,138590.0,140000.0,-0.018118036659685144,夹子和连接器镀层受镍价影响，日度预警先跟随镍价。
2026-02-12,connector_nickel_plating_proxy,连接器镀镍（镍价代理）,连接器/镀层金属,145300.0,元/吨,镍价代理,derived_from,NI,2026-02-12,,139810.0,140160.0,-0.03537508602890571,夹子和连接器镀层受镍价影响，日度预警先跟随镍价。
2026-02-13,connector_nickel_plating_proxy,连接器镀镍（镍价代理）,连接器/镀层金属,140100.0,元/吨,镍价代理,derived_from,NI,2026-02-13,,134130.0,135950.0,-0.029621698786581052,夹子和连接器镀层受镍价影响，日度预警先跟随镍价。
2026-02-24,connector_nickel_plating_proxy,连接器镀镍（镍价代理）,连接器/镀层金属,142533.33,元/吨,镍价代理,derived_from,NI,2026-02-24,,137500.0,138970.0,-0.024999977198315593,夹子和连接器镀层受镍价影响，日度预警先跟随镍价。
2026-02-25,connector_nickel_plating_proxy,连接器镀镍（镍价代理）,连接器/镀层金属,145233.33,元/吨,镍价代理,derived_from,NI,2026-02-25,,141250.0,142180.0,-0.02102361765030103,夹子和连接器镀层受镍价影响，日度预警先跟随镍价。
2026-02-26,connector_nickel_plating_proxy,连接器镀镍（镍价代理）,连接器/镀层金属,143833.33,元/吨,镍价代理,derived_from,NI,2026-02-26,,140080.0,141040.0,-0.019420602999318692,夹子和连接器镀层受镍价影响，日度预警先跟随镍价。
2026-02-27,connector_nickel_plating_proxy,连接器镀镍（镍价代理）,连接器/镀层金属,143216.67,元/吨,镍价代理,derived_from,NI,2026-02-27,,140320.0,141560.0,-0.01156757799214303,夹子和连接器镀层受镍价影响，日度预警先跟随镍价。
2026-03-02,connector_nickel_plating_proxy,连接器镀镍（镍价代理）,连接器/镀层金属,141583.33,元/吨,镍价代理,derived_from,NI,2026-03-02,,139930.0,140890.0,-0.00489697480628537,夹子和连接器镀层受镍价影响，日度预警先跟随镍价。
2026-03-03,connector_nickel_plating_proxy,连接器镀镍（镍价代理）,连接器/镀层金属,139516.67,元/吨,镍价代理,derived_from,NI,2026-03-03,,134610.0,135450.0,-0.02914827310600243,夹子和连接器镀层受镍价影响，日度预警先跟随镍价。
2026-03-04,connector_nickel_plating_proxy,连接器镀镍（镍价代理）,连接器/镀层金属,140883.33,元/吨,镍价代理,derived_from,NI,2026-03-04,,136730.0,137410.0,-0.024653945928166165,夹子和连接器镀层受镍价影响，日度预警先跟随镍价。
2026-03-05,connector_nickel_plating_proxy,连接器镀镍（镍价代理）,连接器/镀层金属,140516.67,元/吨,镍价代理,derived_from,NI,2026-03-05,,134850.0,136270.0,-0.03022182350321856,夹子和连接器镀层受镍价影响，日度预警先跟随镍价。
2026-03-06,connector_nickel_plating_proxy,连接器镀镍（镍价代理）,连接器/镀层金属,140633.33,元/吨,镍价代理,derived_from,NI,2026-03-06,,136300.0,137140.0,-0.02483998636738527,夹子和连接器镀层受镍价影响，日度预警先跟随镍价。
2026-03-09,connector_nickel_plating_proxy,连接器镀镍（镍价代理）,连接器/镀层金属,140300.0,元/吨,镍价代理,derived_from,NI,2026-03-09,,135430.0,136520.0,-0.026942266571632234,夹子和连接器镀层受镍价影响，日度预警先跟随镍价。
2026-03-10,connector_nickel_plating_proxy,连接器镀镍（镍价代理）,连接器/镀层金属,141633.33,元/吨,镍价代理,derived_from,NI,2026-03-10,,136600.0,137050.0,-0.03236053265145988,夹子和连接器镀层受镍价影响，日度预警先跟随镍价。
2026-03-11,connector_nickel_plating_proxy,连接器镀镍（镍价代理）,连接器/镀层金属,139766.67,元/吨,镍价代理,derived_from,NI,2026-03-11,,136500.0,137160.0,-0.01865015457547936,夹子和连接器镀层受镍价影响，日度预警先跟随镍价。
2026-03-12,connector_nickel_plating_proxy,连接器镀镍（镍价代理）,连接器/镀层金属,141050.0,元/吨,镍价代理,derived_from,NI,2026-03-12,,137110.0,138100.0,-0.02091456930166613,夹子和连接器镀层受镍价影响，日度预警先跟随镍价。
2026-03-13,connector_nickel_plating_proxy,连接器镀镍（镍价代理）,连接器/镀层金属,141500.0,元/吨,镍价代理,derived_from,NI,2026-03-13,,137000.0,136930.0,-0.03229681978798582,夹子和连接器镀层受镍价影响，日度预警先跟随镍价。
2026-03-16,connector_nickel_plating_proxy,连接器镀镍（镍价代理）,连接器/镀层金属,138666.67,元/吨,镍价代理,derived_from,NI,2026-03-16,,136400.0,136400.0,-0.01634617749167855,夹子和连接器镀层受镍价影响，日度预警先跟随镍价。
2026-03-17,connector_nickel_plating_proxy,连接器镀镍（镍价代理）,连接器/镀层金属,140100.0,元/吨,镍价代理,derived_from,NI,2026-03-17,,135560.0,135940.0,-0.029693076374018523,夹子和连接器镀层受镍价影响，日度预警先跟随镍价。
2026-03-18,connector_nickel_plating_proxy,连接器镀镍（镍价代理）,连接器/镀层金属,138100.0,元/吨,镍价代理,derived_from,NI,2026-03-18,,134780.0,135200.0,-0.020999275887038427,夹子和连接器镀层受镍价影响，日度预警先跟随镍价。
2026-03-19,connector_nickel_plating_proxy,连接器镀镍（镍价代理）,连接器/镀层金属,134833.33,元/吨,镍价代理,derived_from,NI,2026-03-19,,131220.0,131550.0,-0.024351026559975897,夹子和连接器镀层受镍价影响，日度预警先跟随镍价。
2026-03-20,connector_nickel_plating_proxy,连接器镀镍（镍价代理）,连接器/镀层金属,137633.33,元/吨,镍价代理,derived_from,NI,2026-03-20,,132750.0,133160.0,-0.032501792988660405,夹子和连接器镀层受镍价影响，日度预警先跟随镍价。
2026-03-23,connector_nickel_plating_proxy,连接器镀镍（镍价代理）,连接器/镀层金属,138066.67,元/吨,镍价代理,derived_from,NI,2026-03-23,,132570.0,132980.0,-0.036842128516607286,夹子和连接器镀层受镍价影响，日度预警先跟随镍价。
2026-03-24,connector_nickel_plating_proxy,连接器镀镍（镍价代理）,连接器/镀层金属,136100.0,元/吨,镍价代理,derived_from,NI,2026-03-24,,133200.0,133480.0,-0.019250551065393084,夹子和连接器镀层受镍价影响，日度预警先跟随镍价。
2026-03-25,connector_nickel_plating_proxy,连接器镀镍（镍价代理）,连接器/镀层金属,137883.33,元/吨,镍价代理,derived_from,NI,2026-03-25,,135790.0,136130.0,-0.012716040437955711,夹子和连接器镀层受镍价影响，日度预警先跟随镍价。
2026-03-26,connector_nickel_plating_proxy,连接器镀镍（镍价代理）,连接器/镀层金属,139433.33,元/吨,镍价代理,derived_from,NI,2026-03-26,,135380.0,135860.0,-0.025627516749402668,夹子和连接器镀层受镍价影响，日度预警先跟随镍价。
2026-03-27,connector_nickel_plating_proxy,连接器镀镍（镍价代理）,连接器/镀层金属,139233.33,元/吨,镍价代理,derived_from,NI,2026-03-27,,136620.0,137100.0,-0.015321977862628011,夹子和连接器镀层受镍价影响，日度预警先跟随镍价。
2026-03-30,connector_nickel_plating_proxy,连接器镀镍（镍价代理）,连接器/镀层金属,137683.33,元/吨,镍价代理,derived_from,NI,2026-03-30,,136540.0,137120.0,-0.004091490233421813,夹子和连接器镀层受镍价影响，日度预警先跟随镍价。
2026-03-31,connector_nickel_plating_proxy,连接器镀镍（镍价代理）,连接器/镀层金属,136766.67,元/吨,镍价代理,derived_from,NI,2026-03-31,,137480.0,134780.0,-0.014525980635486824,夹子和连接器镀层受镍价影响，日度预警先跟随镍价。
2026-04-01,connector_nickel_plating_proxy,连接器镀镍（镍价代理）,连接器/镀层金属,137383.33,元/吨,镍价代理,derived_from,NI,2026-04-01,,133950.0,134540.0,-0.02069632465598259,夹子和连接器镀层受镍价影响，日度预警先跟随镍价。
2026-04-02,connector_nickel_plating_proxy,连接器镀镍（镍价代理）,连接器/镀层金属,135583.33,元/吨,镍价代理,derived_from,NI,2026-04-02,,133480.0,133730.0,-0.01366930580625203,夹子和连接器镀层受镍价影响，日度预警先跟随镍价。
2026-04-03,connector_nickel_plating_proxy,连接器镀镍（镍价代理）,连接器/镀层金属,135650.0,元/吨,镍价代理,derived_from,NI,2026-04-03,,133440.0,133990.0,-0.012237375598967981,夹子和连接器镀层受镍价影响，日度预警先跟随镍价。
2026-04-07,connector_nickel_plating_proxy,连接器镀镍（镍价代理）,连接器/镀层金属,135416.67,元/吨,镍价代理,derived_from,NI,2026-04-07,,133000.0,133230.0,-0.01614771652559477,夹子和连接器镀层受镍价影响，日度预警先跟随镍价。
2026-04-08,connector_nickel_plating_proxy,连接器镀镍（镍价代理）,连接器/镀层金属,135450.0,元/吨,镍价代理,derived_from,NI,2026-04-08,,133940.0,134380.0,-0.00789959394610562,夹子和连接器镀层受镍价影响，日度预警先跟随镍价。
2026-04-09,connector_nickel_plating_proxy,连接器镀镍（镍价代理）,连接器/镀层金属,135300.0,元/吨,镍价代理,derived_from,NI,2026-04-09,,133000.0,133300.0,-0.014781966001478186,夹子和连接器镀层受镍价影响，日度预警先跟随镍价。
2026-04-10,connector_nickel_plating_proxy,连接器镀镍（镍价代理）,连接器/镀层金属,135333.33,元/吨,镍价代理,derived_from,NI,2026-04-10,,133500.0,133010.0,-0.01716746347703102,夹子和连接器镀层受镍价影响，日度预警先跟随镍价。
2026-04-13,connector_nickel_plating_proxy,连接器镀镍（镍价代理）,连接器/镀层金属,135016.67,元/吨,镍价代理,derived_from,NI,2026-04-13,,134700.0,136900.0,0.013948870165439553,夹子和连接器镀层受镍价影响，日度预警先跟随镍价。
2026-04-14,connector_nickel_plating_proxy,连接器镀镍（镍价代理）,连接器/镀层金属,138883.33,元/吨,镍价代理,derived_from,NI,2026-04-14,,136660.0,139480.0,0.0042961959509468794,夹子和连接器镀层受镍价影响，日度预警先跟随镍价。
2026-04-15,connector_nickel_plating_proxy,连接器镀镍（镍价代理）,连接器/镀层金属,142783.33,元/吨,镍价代理,derived_from,NI,2026-04-15,,140900.0,141400.0,-0.00968831585591956,夹子和连接器镀层受镍价影响，日度预警先跟随镍价。
2026-04-16,connector_nickel_plating_proxy,连接器镀镍（镍价代理）,连接器/镀层金属,142900.0,元/吨,镍价代理,derived_from,NI,2026-04-16,,141900.0,142270.0,-0.004408677396780969,夹子和连接器镀层受镍价影响，日度预警先跟随镍价。
2026-04-17,connector_nickel_plating_proxy,连接器镀镍（镍价代理）,连接器/镀层金属,144000.0,元/吨,镍价代理,derived_from,NI,2026-04-17,,143730.0,144240.0,0.0016666666666667052,夹子和连接器镀层受镍价影响，日度预警先跟随镍价。
2026-04-20,connector_nickel_plating_proxy,连接器镀镍（镍价代理）,连接器/镀层金属,142850.0,元/吨,镍价代理,derived_from,NI,2026-04-20,,141490.0,141930.0,-0.006440322016100786,夹子和连接器镀层受镍价影响，日度预警先跟随镍价。
2026-04-21,connector_nickel_plating_proxy,连接器镀镍（镍价代理）,连接器/镀层金属,141416.67,元/吨,镍价代理,derived_from,NI,2026-04-21,,140010.0,140460.0,-0.006764902610137957,夹子和连接器镀层受镍价影响，日度预警先跟随镍价。
2026-04-22,connector_nickel_plating_proxy,连接器镀镍（镍价代理）,连接器/镀层金属,142366.67,元/吨,镍价代理,derived_from,NI,2026-04-22,,141540.0,142010.0,-0.0025052914421613837,夹子和连接器镀层受镍价影响，日度预警先跟随镍价。
2026-04-23,connector_nickel_plating_proxy,连接器镀镍（镍价代理）,连接器/镀层金属,141933.33,元/吨,镍价代理,derived_from,NI,2026-04-23,,141630.0,142120.0,0.001315194958083632,夹子和连接器镀层受镍价影响，日度预警先跟随镍价。
2026-04-24,connector_nickel_plating_proxy,连接器镀镍（镍价代理）,连接器/镀层金属,145933.33,元/吨,镍价代理,derived_from,NI,2026-04-24,,144180.0,144750.0,-0.00810870278914344,夹子和连接器镀层受镍价影响，日度预警先跟随镍价。
2026-04-27,connector_nickel_plating_proxy,连接器镀镍（镍价代理）,连接器/镀层金属,149666.67,元/吨,镍价代理,derived_from,NI,2026-04-27,,148780.0,149310.0,-0.0023830957152986,夹子和连接器镀层受镍价影响，日度预警先跟随镍价。
2026-04-28,connector_nickel_plating_proxy,连接器镀镍（镍价代理）,连接器/镀层金属,148200.0,元/吨,镍价代理,derived_from,NI,2026-04-28,,148780.0,149340.0,0.007692307692307665,夹子和连接器镀层受镍价影响，日度预警先跟随镍价。
2026-04-29,connector_nickel_plating_proxy,连接器镀镍（镍价代理）,连接器/镀层金属,151550.0,元/吨,镍价代理,derived_from,NI,2026-04-29,,149970.0,150550.0,-0.006598482349059687,夹子和连接器镀层受镍价影响，日度预警先跟随镍价。
2026-04-30,connector_nickel_plating_proxy,连接器镀镍（镍价代理）,连接器/镀层金属,150683.33,元/吨,镍价代理,derived_from,NI,2026-04-30,,148100.0,148870.0,-0.01203404517274731,夹子和连接器镀层受镍价影响，日度预警先跟随镍价。
2026-05-06,connector_nickel_plating_proxy,连接器镀镍（镍价代理）,连接器/镀层金属,153933.33,元/吨,镍价代理,derived_from,NI,2026-05-06,,154180.0,154690.0,0.004915569617054416,夹子和连接器镀层受镍价影响，日度预警先跟随镍价。
2026-05-07,connector_nickel_plating_proxy,连接器镀镍（镍价代理）,连接器/镀层金属,148300.0,元/吨,镍价代理,derived_from,NI,2026-05-07,,149060.0,149700.0,0.009440323668240103,夹子和连接器镀层受镍价影响，日度预警先跟随镍价。
2026-05-08,connector_nickel_plating_proxy,连接器镀镍（镍价代理）,连接器/镀层金属,146666.67,元/吨,镍价代理,derived_from,NI,2026-05-08,,145600.0,146450.0,-0.0014772954209706368,夹子和连接器镀层受镍价影响，日度预警先跟随镍价。
2026-05-11,connector_nickel_plating_proxy,连接器镀镍（镍价代理）,连接器/镀层金属,148433.33,元/吨,镍价代理,derived_from,NI,2026-05-11,,147290.0,147620.0,-0.0054794297210740694,夹子和连接器镀层受镍价影响，日度预警先跟随镍价。
2026-05-12,connector_nickel_plating_proxy,连接器镀镍（镍价代理）,连接器/镀层金属,146250.0,元/吨,镍价代理,derived_from,NI,2026-05-12,,144150.0,145280.0,-0.006632478632478622,夹子和连接器镀层受镍价影响，日度预警先跟随镍价。
2026-05-13,connector_nickel_plating_proxy,连接器镀镍（镍价代理）,连接器/镀层金属,147533.33,元/吨,镍价代理,derived_from,NI,2026-05-13,,146630.0,147190.0,-0.0023271351632880855,夹子和连接器镀层受镍价影响，日度预警先跟随镍价。
2026-05-14,connector_nickel_plating_proxy,连接器镀镍（镍价代理）,连接器/镀层金属,145900.0,元/吨,镍价代理,derived_from,NI,2026-05-14,,145550.0,144470.0,-0.009801233721727254,夹子和连接器镀层受镍价影响，日度预警先跟随镍价。
2026-05-15,connector_nickel_plating_proxy,连接器镀镍（镍价代理）,连接器/镀层金属,144033.33,元/吨,镍价代理,derived_from,NI,2026-05-15,,141910.0,143330.0,-0.00488310587556362,夹子和连接器镀层受镍价影响，日度预警先跟随镍价。
2026-05-18,connector_nickel_plating_proxy,连接器镀镍（镍价代理）,连接器/镀层金属,143066.67,元/吨,镍价代理,derived_from,NI,2026-05-18,,142970.0,142970.0,-0.0006756989590938067,夹子和连接器镀层受镍价影响，日度预警先跟随镍价。
2026-05-19,connector_nickel_plating_proxy,连接器镀镍（镍价代理）,连接器/镀层金属,142116.67,元/吨,镍价代理,derived_from,NI,2026-05-19,,144990.0,144990.0,0.020218106714715356,夹子和连接器镀层受镍价影响，日度预警先跟随镍价。
2026-05-20,connector_nickel_plating_proxy,连接器镀镍（镍价代理）,连接器/镀层金属,143233.33,元/吨,镍价代理,derived_from,NI,2026-05-20,,145390.0,145390.0,0.015057040145614264,夹子和连接器镀层受镍价影响，日度预警先跟随镍价。
2026-05-21,connector_nickel_plating_proxy,连接器镀镍（镍价代理）,连接器/镀层金属,144816.67,元/吨,镍价代理,derived_from,NI,2026-05-21,,142770.0,142770.0,-0.01413283429317913,夹子和连接器镀层受镍价影响，日度预警先跟随镍价。
2026-05-22,connector_nickel_plating_proxy,连接器镀镍（镍价代理）,连接器/镀层金属,144400.0,元/吨,镍价代理,derived_from,NI,2026-05-22,,143330.0,143830.0,-0.003947368421052588,夹子和连接器镀层受镍价影响，日度预警先跟随镍价。
2026-05-25,connector_nickel_plating_proxy,连接器镀镍（镍价代理）,连接器/镀层金属,144883.33,元/吨,镍价代理,derived_from,NI,2026-05-25,,144000.0,144480.0,-0.002783826130997813,夹子和连接器镀层受镍价影响，日度预警先跟随镍价。
2026-05-26,connector_nickel_plating_proxy,连接器镀镍（镍价代理）,连接器/镀层金属,142266.67,元/吨,镍价代理,derived_from,NI,2026-05-26,,142120.0,142600.0,0.00234299432186047,夹子和连接器镀层受镍价影响，日度预警先跟随镍价。
2026-05-27,connector_nickel_plating_proxy,连接器镀镍（镍价代理）,连接器/镀层金属,145250.0,元/吨,镍价代理,derived_from,NI,2026-05-27,,143130.0,143680.0,-0.010808950086058533,夹子和连接器镀层受镍价影响，日度预警先跟随镍价。
2026-05-28,connector_nickel_plating_proxy,连接器镀镍（镍价代理）,连接器/镀层金属,142966.67,元/吨,镍价代理,derived_from,NI,2026-05-28,,142810.0,143370.0,0.00282114705476455,夹子和连接器镀层受镍价影响，日度预警先跟随镍价。
2026-05-29,connector_nickel_plating_proxy,连接器镀镍（镍价代理）,连接器/镀层金属,143750.0,元/吨,镍价代理,derived_from,NI,2026-05-29,,142160.0,143670.0,-0.0005565217391304556,夹子和连接器镀层受镍价影响，日度预警先跟随镍价。
2026-06-01,connector_nickel_plating_proxy,连接器镀镍（镍价代理）,连接器/镀层金属,143716.67,元/吨,镍价代理,derived_from,NI,2026-06-01,,142940.0,143580.0,-0.0009509683184283357,夹子和连接器镀层受镍价影响，日度预警先跟随镍价。
2026-06-02,connector_nickel_plating_proxy,连接器镀镍（镍价代理）,连接器/镀层金属,143766.67,元/吨,镍价代理,derived_from,NI,2026-06-02,,144260.0,144850.0,0.007535334858907117,夹子和连接器镀层受镍价影响，日度预警先跟随镍价。
2026-06-03,connector_nickel_plating_proxy,连接器镀镍（镍价代理）,连接器/镀层金属,143550.0,元/吨,镍价代理,derived_from,NI,2026-06-03,,142420.0,143070.0,-0.0033437826541274918,夹子和连接器镀层受镍价影响，日度预警先跟随镍价。
2026-06-04,connector_nickel_plating_proxy,连接器镀镍（镍价代理）,连接器/镀层金属,140833.33,元/吨,镍价代理,derived_from,NI,2026-06-04,,138120.0,138770.0,-0.014650864252091389,夹子和连接器镀层受镍价影响，日度预警先跟随镍价。
2026-06-05,connector_nickel_plating_proxy,连接器镀镍（镍价代理）,连接器/镀层金属,138983.33,元/吨,镍价代理,derived_from,NI,2026-06-05,,138040.0,138490.0,-0.003549562382769156,夹子和连接器镀层受镍价影响，日度预警先跟随镍价。
2026-06-08,connector_nickel_plating_proxy,连接器镀镍（镍价代理）,连接器/镀层金属,140433.33,元/吨,镍价代理,derived_from,NI,2026-06-08,,138250.0,139090.0,-0.009565606683256678,夹子和连接器镀层受镍价影响，日度预警先跟随镍价。
2026-06-09,connector_nickel_plating_proxy,连接器镀镍（镍价代理）,连接器/镀层金属,137850.0,元/吨,镍价代理,derived_from,NI,2026-06-09,,137000.0,137620.0,-0.0016684802321363934,夹子和连接器镀层受镍价影响，日度预警先跟随镍价。
2026-06-10,connector_nickel_plating_proxy,连接器镀镍（镍价代理）,连接器/镀层金属,135666.67,元/吨,镍价代理,derived_from,NI,2026-06-10,,134350.0,135100.0,-0.004176928644301636,夹子和连接器镀层受镍价影响，日度预警先跟随镍价。
2026-06-11,connector_nickel_plating_proxy,连接器镀镍（镍价代理）,连接器/镀层金属,134683.33,元/吨,镍价代理,derived_from,NI,2026-06-11,,133000.0,133980.0,-0.005222101354339759,夹子和连接器镀层受镍价影响，日度预警先跟随镍价。
2026-06-12,connector_nickel_plating_proxy,连接器镀镍（镍价代理）,连接器/镀层金属,136033.33,元/吨,镍价代理,derived_from,NI,2026-06-12,,132520.0,134540.0,-0.01097767730893584,夹子和连接器镀层受镍价影响，日度预警先跟随镍价。
2025-12-15,copper,铜,导电金属/铜材,92298.33,元/吨,AKShare/生意社现货与期货,akshare_basis,CU,2025-12-15,,92440.0,92490.0,0.0020766356227679417,
2025-12-16,copper,铜,导电金属/铜材,91851.67,元/吨,AKShare/生意社现货与期货,akshare_basis,CU,2025-12-16,,91840.0,91920.0,0.0007439167954159664,
2025-12-17,copper,铜,导电金属/铜材,92196.67,元/吨,AKShare/生意社现货与期货,akshare_basis,CU,2025-12-17,,92720.0,92820.0,0.006760873250628352,
2025-12-18,copper,铜,导电金属/铜材,92316.67,元/吨,AKShare/生意社现货与期货,akshare_basis,CU,2025-12-18,,92450.0,92600.0,0.003069109836825845,
2025-12-19,copper,铜,导电金属/铜材,92496.67,元/吨,AKShare/生意社现货与期货,akshare_basis,CU,2025-12-19,,93000.0,93180.0,0.007387617305574468,
2025-12-22,copper,铜,导电金属/铜材,93843.33,元/吨,AKShare/生意社现货与期货,akshare_basis,CU,2025-12-22,,94110.0,94320.0,0.005079423332484012,
2025-12-23,copper,铜,导电金属/铜材,93570.0,元/吨,AKShare/生意社现货与期货,akshare_basis,CU,2025-12-23,,93740.0,93930.0,0.0038473869830073504,
2025-12-24,copper,铜,导电金属/铜材,94853.33,元/吨,AKShare/生意社现货与期货,akshare_basis,CU,2025-12-24,,95860.0,96100.0,0.013143133720239453,
2025-12-25,copper,铜,导电金属/铜材,94901.67,元/吨,AKShare/生意社现货与期货,akshare_basis,CU,2025-12-25,,95990.0,96210.0,0.013786164142316926,
2025-12-26,copper,铜,导电金属/铜材,97885.0,元/吨,AKShare/生意社现货与期货,akshare_basis,CU,2025-12-26,,98600.0,98720.0,0.008530418348061453,
2025-12-29,copper,铜,导电金属/铜材,101053.33,元/吨,AKShare/生意社现货与期货,akshare_basis,CU,2025-12-29,,98720.0,98860.0,-0.021704678114021547,
2025-12-30,copper,铜,导电金属/铜材,97675.0,元/吨,AKShare/生意社现货与期货,akshare_basis,CU,2025-12-30,,98010.0,98090.0,0.004248784233427116,
2025-12-31,copper,铜,导电金属/铜材,99180.0,元/吨,AKShare/生意社现货与期货,akshare_basis,CU,2025-12-31,,98800.0,98240.0,-0.009477717281709985,
2026-01-05,copper,铜,导电金属/铜材,100653.33,元/吨,AKShare/生意社现货与期货,akshare_basis,CU,2026-01-05,,101190.0,101350.0,0.006921479895399374,
2026-01-06,copper,铜,导电金属/铜材,103741.67,元/吨,AKShare/生意社现货与期货,akshare_basis,CU,2026-01-06,,105330.0,105320.0,0.015214040799613082,
2026-01-07,copper,铜,导电金属/铜材,103571.67,元/吨,AKShare/生意社现货与期货,akshare_basis,CU,2026-01-07,,103170.0,103410.0,-0.0015609480855141022,
2026-01-08,copper,铜,导电金属/铜材,102418.33,元/吨,AKShare/生意社现货与期货,akshare_basis,CU,2026-01-08,,100970.0,101250.0,-0.011407430681597774,
2026-01-09,copper,铜,导电金属/铜材,100515.0,元/吨,AKShare/生意社现货与期货,akshare_basis,CU,2026-01-09,,101210.0,101580.0,0.010595433517385455,
2026-01-12,copper,铜,导电金属/铜材,103276.67,元/吨,AKShare/生意社现货与期货,akshare_basis,CU,2026-01-12,,103430.0,103980.0,0.006810153735592017,
2026-01-13,copper,铜,导电金属/铜材,102405.0,元/吨,AKShare/生意社现货与期货,akshare_basis,CU,2026-01-13,,102090.0,102480.0,0.0007323861139592047,
2026-01-14,copper,铜,导电金属/铜材,104121.67,元/吨,AKShare/生意社现货与期货,akshare_basis,CU,2026-01-14,,103450.0,104120.0,-1.60389283038187e-05,
2026-01-15,copper,铜,导电金属/铜材,102551.67,元/吨,AKShare/生意社现货与期货,akshare_basis,CU,2026-01-15,,102200.0,102810.0,0.0025190228496523304,
2026-01-16,copper,铜,导电金属/铜材,101810.0,元/吨,AKShare/生意社现货与期货,akshare_basis,CU,2026-01-16,,100590.0,100770.0,-0.010215106571063726,
2026-01-19,copper,铜,导电金属/铜材,101140.0,元/吨,AKShare/生意社现货与期货,akshare_basis,CU,2026-01-19,,100990.0,101180.0,0.0003954913980621644,
2026-01-20,copper,铜,导电金属/铜材,100660.0,元/吨,AKShare/生意社现货与期货,akshare_basis,CU,2026-01-20,,100940.0,101230.0,0.0056626266640174006,
2026-01-21,copper,铜,导电金属/铜材,100221.67,元/吨,AKShare/生意社现货与期货,akshare_basis,CU,2026-01-21,,101050.0,101280.0,0.010559891887652606,
2026-01-22,copper,铜,导电金属/铜材,100231.67,元/吨,AKShare/生意社现货与期货,akshare_basis,CU,2026-01-22,,100440.0,100700.0,0.004672475276526811,
2026-01-23,copper,铜,导电金属/铜材,100920.0,元/吨,AKShare/生意社现货与期货,akshare_basis,CU,2026-01-23,,101050.0,101340.0,0.004161712247324534,
2026-01-26,copper,铜,导电金属/铜材,102426.67,元/吨,AKShare/生意社现货与期货,akshare_basis,CU,2026-01-26,,101510.0,101880.0,-0.005337184153306973,
2026-01-27,copper,铜,导电金属/铜材,101520.0,元/吨,AKShare/生意社现货与期货,akshare_basis,CU,2026-01-27,,102280.0,102600.0,0.010638297872340496,
2026-01-28,copper,铜,导电金属/铜材,101628.33,元/吨,AKShare/生意社现货与期货,akshare_basis,CU,2026-01-28,,102670.0,103060.0,0.014087312071348501,
2026-01-29,copper,铜,导电金属/铜材,103206.67,元/吨,AKShare/生意社现货与期货,akshare_basis,CU,2026-01-29,,108670.0,109110.0,0.05719911319685056,
2026-01-30,copper,铜,导电金属/铜材,104496.67,元/吨,AKShare/生意社现货与期货,akshare_basis,CU,2026-01-30,,103170.0,103680.0,-0.007815272965157605,
2026-02-02,copper,铜,导电金属/铜材,100853.33,元/吨,AKShare/生意社现货与期货,akshare_basis,CU,2026-02-02,,97690.0,98580.0,-0.02254095130026945,
2026-02-03,copper,铜,导电金属/铜材,101388.33,元/吨,AKShare/生意社现货与期货,akshare_basis,CU,2026-02-03,,104140.0,104500.0,0.03069061301236542,
2026-02-04,copper,铜,导电金属/铜材,104786.67,元/吨,AKShare/生意社现货与期货,akshare_basis,CU,2026-02-04,,104730.0,105160.0,0.0035627623246354823,
2026-02-05,copper,铜,导电金属/铜材,101288.33,元/吨,AKShare/生意社现货与期货,akshare_basis,CU,2026-02-05,,100680.0,100980.0,-0.0030440821761006376,
2026-02-06,copper,铜,导电金属/铜材,100035.0,元/吨,AKShare/生意社现货与期货,akshare_basis,CU,2026-02-06,,99810.0,100100.0,0.0006497725795970855,
2026-02-09,copper,铜,导电金属/铜材,101646.67,元/吨,AKShare/生意社现货与期货,akshare_basis,CU,2026-02-09,,101500.0,101840.0,0.0019019806551459073,
2026-02-10,copper,铜,导电金属/铜材,101858.33,元/吨,AKShare/生意社现货与期货,akshare_basis,CU,2026-02-10,,101150.0,101560.0,-0.002928871894915197,
2026-02-11,copper,铜,导电金属/铜材,101353.33,元/吨,AKShare/生意社现货与期货,akshare_basis,CU,2026-02-11,,101740.0,102180.0,0.008156318100253745,
2026-02-12,copper,铜,导电金属/铜材,102133.33,元/吨,AKShare/生意社现货与期货,akshare_basis,CU,2026-02-12,,101970.0,102680.0,0.005352513229520683,
2026-02-13,copper,铜,导电金属/铜材,100356.67,元/吨,AKShare/生意社现货与期货,akshare_basis,CU,2026-02-13,,99870.0,100630.0,0.0027235857865750557,
2026-02-24,copper,铜,导电金属/铜材,101598.33,元/吨,AKShare/生意社现货与期货,akshare_basis,CU,2026-02-24,,101210.0,101810.0,0.00208340038660082,
2026-02-25,copper,铜,导电金属/铜材,102146.67,元/吨,AKShare/生意社现货与期货,akshare_basis,CU,2026-02-25,,102460.0,102890.0,0.0072770849994425735,
2026-02-26,copper,铜,导电金属/铜材,101981.67,元/吨,AKShare/生意社现货与期货,akshare_basis,CU,2026-02-26,,102260.0,102670.0,0.0067495462665005945,
2026-02-27,copper,铜,导电金属/铜材,102136.67,元/吨,AKShare/生意社现货与期货,akshare_basis,CU,2026-02-27,,103320.0,103920.0,0.017460232451283142,
2026-03-02,copper,铜,导电金属/铜材,102186.67,元/吨,AKShare/生意社现货与期货,akshare_basis,CU,2026-03-02,,103500.0,103850.0,0.01627736768406285,
2026-03-03,copper,铜,导电金属/铜材,101821.67,元/吨,AKShare/生意社现货与期货,akshare_basis,CU,2026-03-03,,101880.0,102100.0,0.0027335045673479996,
2026-03-04,copper,铜,导电金属/铜材,101851.67,元/吨,AKShare/生意社现货与期货,akshare_basis,CU,2026-03-04,,101410.0,101660.0,-0.0018818542690561824,
2026-03-05,copper,铜,导电金属/铜材,101608.33,元/吨,AKShare/生意社现货与期货,akshare_basis,CU,2026-03-05,,100870.0,101080.0,-0.005199672113497034,
2026-03-06,copper,铜,导电金属/铜材,101121.67,元/吨,AKShare/生意社现货与期货,akshare_basis,CU,2026-03-06,,100750.0,101050.0,-0.0007087501620571812,
2026-03-09,copper,铜,导电金属/铜材,100168.33,元/吨,AKShare/生意社现货与期货,akshare_basis,CU,2026-03-09,,99880.0,100190.0,0.00021633584187741306,
2026-03-10,copper,铜,导电金属/铜材,101503.33,元/吨,AKShare/生意社现货与期货,akshare_basis,CU,2026-03-10,,101180.0,101520.0,0.00016423106512863939,
2026-03-11,copper,铜,导电金属/铜材,101356.67,元/吨,AKShare/生意社现货与期货,akshare_basis,CU,2026-03-11,,100780.0,101150.0,-0.002039036996775878,
2026-03-12,copper,铜,导电金属/铜材,100871.67,元/吨,AKShare/生意社现货与期货,akshare_basis,CU,2026-03-12,,100740.0,101010.0,0.0013713463849662766,
2026-03-13,copper,铜,导电金属/铜材,100615.0,元/吨,AKShare/生意社现货与期货,akshare_basis,CU,2026-03-13,,100000.0,100310.0,-0.003031357153505887,
2026-03-16,copper,铜,导电金属/铜材,99333.33,元/吨,AKShare/生意社现货与期货,akshare_basis,CU,2026-03-16,,99600.0,99720.0,0.0038926511373371664,
2026-03-17,copper,铜,导电金属/铜材,100351.67,元/吨,AKShare/生意社现货与期货,akshare_basis,CU,2026-03-17,,99340.0,99420.0,-0.009284050778626818,
2026-03-18,copper,铜,导电金属/铜材,99083.33,元/吨,AKShare/生意社现货与期货,akshare_basis,CU,2026-03-18,,98590.0,98610.0,-0.004777090152299102,
2026-03-19,copper,铜,导电金属/铜材,95633.33,元/吨,AKShare/生意社现货与期货,akshare_basis,CU,2026-03-19,,94430.0,94420.0,-0.012687313094712938,
2026-03-20,copper,铜,导电金属/铜材,95813.33,元/吨,AKShare/生意社现货与期货,akshare_basis,CU,2026-03-20,,94780.0,94740.0,-0.011202303479067033,
2026-03-23,copper,铜,导电金属/铜材,93006.67,元/吨,AKShare/生意社现货与期货,akshare_basis,CU,2026-03-23,,92120.0,92100.0,-0.009748440622591836,
2026-03-24,copper,铜,导电金属/铜材,93955.0,元/吨,AKShare/生意社现货与期货,akshare_basis,CU,2026-03-24,,94110.0,94030.0,0.000798254483529437,
2026-03-25,copper,铜,导电金属/铜材,95731.67,元/吨,AKShare/生意社现货与期货,akshare_basis,CU,2026-03-25,,95550.0,95590.0,-0.0014798655450176668,
2026-03-26,copper,铜,导电金属/铜材,95521.67,元/吨,AKShare/生意社现货与期货,akshare_basis,CU,2026-03-26,,95320.0,95350.0,-0.0017971838222677894,
2026-03-27,copper,铜,导电金属/铜材,95520.0,元/吨,AKShare/生意社现货与期货,akshare_basis,CU,2026-03-27,,95950.0,95930.0,0.004292294807370256,
2026-03-30,copper,铜,导电金属/铜材,95260.0,元/吨,AKShare/生意社现货与期货,akshare_basis,CU,2026-03-30,,95700.0,95760.0,0.005248792777661215,
2026-03-31,copper,铜,导电金属/铜材,95666.67,元/吨,AKShare/生意社现货与期货,akshare_basis,CU,2026-03-31,,95300.0,95340.0,-0.00341466887056896,
2026-04-01,copper,铜,导电金属/铜材,96953.33,元/吨,AKShare/生意社现货与期货,akshare_basis,CU,2026-04-01,,96980.0,97030.0,0.0007907928484767179,
2026-04-02,copper,铜,导电金属/铜材,96155.0,元/吨,AKShare/生意社现货与期货,akshare_basis,CU,2026-04-02,,95800.0,95880.0,-0.0028599656804118023,
2026-04-03,copper,铜,导电金属/铜材,96186.67,元/吨,AKShare/生意社现货与期货,akshare_basis,CU,2026-04-03,,96240.0,96250.0,0.0006584072408371,
2026-04-07,copper,铜,导电金属/铜材,96750.0,元/吨,AKShare/生意社现货与期货,akshare_basis,CU,2026-04-07,,96510.0,96560.0,-0.001963824289405669,
2026-04-08,copper,铜,导电金属/铜材,97785.0,元/吨,AKShare/生意社现货与期货,akshare_basis,CU,2026-04-08,,98140.0,98220.0,0.004448535051388314,
2026-04-09,copper,铜,导电金属/铜材,97606.67,元/吨,AKShare/生意社现货与期货,akshare_basis,CU,2026-04-09,,97730.0,97810.0,0.002083156817049403,
2026-04-10,copper,铜,导电金属/铜材,98331.67,元/吨,AKShare/生意社现货与期货,akshare_basis,CU,2026-04-10,,98390.0,98440.0,0.0011016796521405858,
2026-04-13,copper,铜,导电金属/铜材,98875.0,元/吨,AKShare/生意社现货与期货,akshare_basis,CU,2026-04-13,,99600.0,99610.0,0.0074336283185840735,
2026-04-14,copper,铜,导电金属/铜材,101080.0,元/吨,AKShare/生意社现货与期货,akshare_basis,CU,2026-04-14,,101180.0,101190.0,0.001088246933122372,
2026-04-15,copper,铜,导电金属/铜材,102910.0,元/吨,AKShare/生意社现货与期货,akshare_basis,CU,2026-04-15,,101630.0,102160.0,-0.0072879214847925144,
2026-04-16,copper,铜,导电金属/铜材,102398.33,元/吨,AKShare/生意社现货与期货,akshare_basis,CU,2026-04-16,,102680.0,102720.0,0.0031413598249112606,
2026-04-17,copper,铜,导电金属/铜材,102035.0,元/吨,AKShare/生意社现货与期货,akshare_basis,CU,2026-04-17,,102290.0,102330.0,0.0028911647963933973,
2026-04-20,copper,铜,导电金属/铜材,102871.67,元/吨,AKShare/生意社现货与期货,akshare_basis,CU,2026-04-20,,102460.0,102620.0,-0.0024464461401277893,
2026-04-21,copper,铜,导电金属/铜材,102190.0,元/吨,AKShare/生意社现货与期货,akshare_basis,CU,2026-04-21,,102020.0,102140.0,-0.0004892846658185457,
2026-04-22,copper,铜,导电金属/铜材,102288.33,元/吨,AKShare/生意社现货与期货,akshare_basis,CU,2026-04-22,,102530.0,102640.0,0.003438026605772082,
2026-04-23,copper,铜,导电金属/铜材,102933.33,元/吨,AKShare/生意社现货与期货,akshare_basis,CU,2026-04-23,,102640.0,102780.0,-0.00148960497051831,
2026-04-24,copper,铜,导电金属/铜材,102618.33,元/吨,AKShare/生意社现货与期货,akshare_basis,CU,2026-04-24,,102340.0,102460.0,-0.0015429017408488122,
2026-04-27,copper,铜,导电金属/铜材,102950.0,元/吨,AKShare/生意社现货与期货,akshare_basis,CU,2026-04-27,,102720.0,102800.0,-0.0014570179698882857,
2026-04-28,copper,铜,导电金属/铜材,102080.0,元/吨,AKShare/生意社现货与期货,akshare_basis,CU,2026-04-28,,102140.0,102260.0,0.001763322884012597,
2026-04-29,copper,铜,导电金属/铜材,101635.0,元/吨,AKShare/生意社现货与期货,akshare_basis,CU,2026-04-29,,101620.0,101630.0,-4.91956511043945e-05,
2026-04-30,copper,铜,导电金属/铜材,101498.33,元/吨,AKShare/生意社现货与期货,akshare_basis,CU,2026-04-30,,100970.0,101030.0,-0.004614164587732672,
2026-05-06,copper,铜,导电金属/铜材,102590.0,元/吨,AKShare/生意社现货与期货,akshare_basis,CU,2026-05-06,,102620.0,102660.0,0.0006823277122527394,
2026-05-07,copper,铜,导电金属/铜材,102858.33,元/吨,AKShare/生意社现货与期货,akshare_basis,CU,2026-05-07,,102950.0,103000.0,0.0013773313255232011,
2026-05-08,copper,铜,导电金属/铜材,102853.33,元/吨,AKShare/生意社现货与期货,akshare_basis,CU,2026-05-08,,104460.0,104550.0,0.01649601427586256,
2026-05-11,copper,铜,导电金属/铜材,104373.33,元/吨,AKShare/生意社现货与期货,akshare_basis,CU,2026-05-11,,104600.0,104620.0,0.0023633432027128087,
2026-05-12,copper,铜,导电金属/铜材,106546.67,元/吨,AKShare/生意社现货与期货,akshare_basis,CU,2026-05-12,,106450.0,106510.0,-0.0003441684287270874,
2026-05-13,copper,铜,导电金属/铜材,108573.33,元/吨,AKShare/生意社现货与期货,akshare_basis,CU,2026-05-13,,108500.0,108510.0,-0.0005832924162867403,
2026-05-14,copper,铜,导电金属/铜材,107511.67,元/吨,AKShare/生意社现货与期货,akshare_basis,CU,2026-05-14,,106740.0,106750.0,-0.007084533241833224,
2026-05-15,copper,铜,导电金属/铜材,105588.33,元/吨,AKShare/生意社现货与期货,akshare_basis,CU,2026-05-15,,104730.0,104710.0,-0.008318438221345148,
2026-05-18,copper,铜,导电金属/铜材,104278.33,元/吨,AKShare/生意社现货与期货,akshare_basis,CU,2026-05-18,,104330.0,104330.0,0.000495500838956664,
2026-05-19,copper,铜,导电金属/铜材,104185.0,元/吨,AKShare/生意社现货与期货,akshare_basis,CU,2026-05-19,,104530.0,104540.0,0.0034074002975477136,
2026-05-20,copper,铜,导电金属/铜材,103398.33,元/吨,AKShare/生意社现货与期货,akshare_basis,CU,2026-05-20,,103950.0,103980.0,0.00562552606023714,
2026-05-21,copper,铜,导电金属/铜材,105220.0,元/吨,AKShare/生意社现货与期货,akshare_basis,CU,2026-05-21,,103940.0,104040.0,-0.01121459798517388,
2026-05-22,copper,铜,导电金属/铜材,104575.0,元/吨,AKShare/生意社现货与期货,akshare_basis,CU,2026-05-22,,104770.0,104870.0,0.0028209419077216413,
2026-05-25,copper,铜,导电金属/铜材,105661.67,元/吨,AKShare/生意社现货与期货,akshare_basis,CU,2026-05-25,,105520.0,105650.0,-0.00011044686308669949,
2026-05-26,copper,铜,导电金属/铜材,104800.0,元/吨,AKShare/生意社现货与期货,akshare_basis,CU,2026-05-26,,104840.0,104960.0,0.0015267175572519776,
2026-05-27,copper,铜,导电金属/铜材,104938.33,元/吨,AKShare/生意社现货与期货,akshare_basis,CU,2026-05-27,,104610.0,104680.0,-0.002461731571295256,
2026-05-28,copper,铜,导电金属/铜材,103580.0,元/吨,AKShare/生意社现货与期货,akshare_basis,CU,2026-05-28,,104080.0,104150.0,0.005502992855763722,
2026-05-29,copper,铜,导电金属/铜材,104843.33,元/吨,AKShare/生意社现货与期货,akshare_basis,CU,2026-05-29,,104800.0,105000.0,0.0014943249131822434,
2026-06-01,copper,铜,导电金属/铜材,104911.67,元/吨,AKShare/生意社现货与期货,akshare_basis,CU,2026-06-01,,104610.0,104680.0,-0.0022082386068204007,
2026-06-02,copper,铜,导电金属/铜材,105861.67,元/吨,AKShare/生意社现货与期货,akshare_basis,CU,2026-06-02,,106460.0,106620.0,0.007163404847098986,
2026-06-03,copper,铜,导电金属/铜材,106656.67,元/吨,AKShare/生意社现货与期货,akshare_basis,CU,2026-06-03,,106280.0,106380.0,-0.0025940243587203593,
2026-06-04,copper,铜,导电金属/铜材,105340.0,元/吨,AKShare/生意社现货与期货,akshare_basis,CU,2026-06-04,,105090.0,105150.0,-0.0018036833111828576,
2026-06-05,copper,铜,导电金属/铜材,105398.33,元/吨,AKShare/生意社现货与期货,akshare_basis,CU,2026-06-05,,105170.0,105150.0,-0.0023561094374076053,
2026-06-08,copper,铜,导电金属/铜材,104195.0,元/吨,AKShare/生意社现货与期货,akshare_basis,CU,2026-06-08,,104120.0,104120.0,-0.0007198042132540161,
2026-06-09,copper,铜,导电金属/铜材,104210.0,元/吨,AKShare/生意社现货与期货,akshare_basis,CU,2026-06-09,,104620.0,104650.0,0.004222243546684545,
2026-06-10,copper,铜,导电金属/铜材,104126.67,元/吨,AKShare/生意社现货与期货,akshare_basis,CU,2026-06-10,,104050.0,104110.0,-0.0001600934707697288,
2026-06-11,copper,铜,导电金属/铜材,103308.33,元/吨,AKShare/生意社现货与期货,akshare_basis,CU,2026-06-11,,103260.0,103160.0,-0.0014357990299523893,
2026-06-12,copper,铜,导电金属/铜材,104683.33,元/吨,AKShare/生意社现货与期货,akshare_basis,CU,2026-06-12,,104570.0,104660.0,-0.00022286260859294416,
2025-12-15,copper_foil_proxy,PCB铜箔（铜价代理）,PCB/覆铜板铜箔,92298.33,元/吨,铜价代理,derived_from,CU,2025-12-15,,92440.0,92490.0,0.0020766356227679417,覆铜板铜箔价格与铜价及加工费强相关，日度预警先跟随铜价。
2025-12-16,copper_foil_proxy,PCB铜箔（铜价代理）,PCB/覆铜板铜箔,91851.67,元/吨,铜价代理,derived_from,CU,2025-12-16,,91840.0,91920.0,0.0007439167954159664,覆铜板铜箔价格与铜价及加工费强相关，日度预警先跟随铜价。
2025-12-17,copper_foil_proxy,PCB铜箔（铜价代理）,PCB/覆铜板铜箔,92196.67,元/吨,铜价代理,derived_from,CU,2025-12-17,,92720.0,92820.0,0.006760873250628352,覆铜板铜箔价格与铜价及加工费强相关，日度预警先跟随铜价。
2025-12-18,copper_foil_proxy,PCB铜箔（铜价代理）,PCB/覆铜板铜箔,92316.67,元/吨,铜价代理,derived_from,CU,2025-12-18,,92450.0,92600.0,0.003069109836825845,覆铜板铜箔价格与铜价及加工费强相关，日度预警先跟随铜价。
2025-12-19,copper_foil_proxy,PCB铜箔（铜价代理）,PCB/覆铜板铜箔,92496.67,元/吨,铜价代理,derived_from,CU,2025-12-19,,93000.0,93180.0,0.007387617305574468,覆铜板铜箔价格与铜价及加工费强相关，日度预警先跟随铜价。
2025-12-22,copper_foil_proxy,PCB铜箔（铜价代理）,PCB/覆铜板铜箔,93843.33,元/吨,铜价代理,derived_from,CU,2025-12-22,,94110.0,94320.0,0.005079423332484012,覆铜板铜箔价格与铜价及加工费强相关，日度预警先跟随铜价。
2025-12-23,copper_foil_proxy,PCB铜箔（铜价代理）,PCB/覆铜板铜箔,93570.0,元/吨,铜价代理,derived_from,CU,2025-12-23,,93740.0,93930.0,0.0038473869830073504,覆铜板铜箔价格与铜价及加工费强相关，日度预警先跟随铜价。
2025-12-24,copper_foil_proxy,PCB铜箔（铜价代理）,PCB/覆铜板铜箔,94853.33,元/吨,铜价代理,derived_from,CU,2025-12-24,,95860.0,96100.0,0.013143133720239453,覆铜板铜箔价格与铜价及加工费强相关，日度预警先跟随铜价。
2025-12-25,copper_foil_proxy,PCB铜箔（铜价代理）,PCB/覆铜板铜箔,94901.67,元/吨,铜价代理,derived_from,CU,2025-12-25,,95990.0,96210.0,0.013786164142316926,覆铜板铜箔价格与铜价及加工费强相关，日度预警先跟随铜价。
2025-12-26,copper_foil_proxy,PCB铜箔（铜价代理）,PCB/覆铜板铜箔,97885.0,元/吨,铜价代理,derived_from,CU,2025-12-26,,98600.0,98720.0,0.008530418348061453,覆铜板铜箔价格与铜价及加工费强相关，日度预警先跟随铜价。
2025-12-29,copper_foil_proxy,PCB铜箔（铜价代理）,PCB/覆铜板铜箔,101053.33,元/吨,铜价代理,derived_from,CU,2025-12-29,,98720.0,98860.0,-0.021704678114021547,覆铜板铜箔价格与铜价及加工费强相关，日度预警先跟随铜价。
2025-12-30,copper_foil_proxy,PCB铜箔（铜价代理）,PCB/覆铜板铜箔,97675.0,元/吨,铜价代理,derived_from,CU,2025-12-30,,98010.0,98090.0,0.004248784233427116,覆铜板铜箔价格与铜价及加工费强相关，日度预警先跟随铜价。
2025-12-31,copper_foil_proxy,PCB铜箔（铜价代理）,PCB/覆铜板铜箔,99180.0,元/吨,铜价代理,derived_from,CU,2025-12-31,,98800.0,98240.0,-0.009477717281709985,覆铜板铜箔价格与铜价及加工费强相关，日度预警先跟随铜价。
2026-01-05,copper_foil_proxy,PCB铜箔（铜价代理）,PCB/覆铜板铜箔,100653.33,元/吨,铜价代理,derived_from,CU,2026-01-05,,101190.0,101350.0,0.006921479895399374,覆铜板铜箔价格与铜价及加工费强相关，日度预警先跟随铜价。
2026-01-06,copper_foil_proxy,PCB铜箔（铜价代理）,PCB/覆铜板铜箔,103741.67,元/吨,铜价代理,derived_from,CU,2026-01-06,,105330.0,105320.0,0.015214040799613082,覆铜板铜箔价格与铜价及加工费强相关，日度预警先跟随铜价。
2026-01-07,copper_foil_proxy,PCB铜箔（铜价代理）,PCB/覆铜板铜箔,103571.67,元/吨,铜价代理,derived_from,CU,2026-01-07,,103170.0,103410.0,-0.0015609480855141022,覆铜板铜箔价格与铜价及加工费强相关，日度预警先跟随铜价。
2026-01-08,copper_foil_proxy,PCB铜箔（铜价代理）,PCB/覆铜板铜箔,102418.33,元/吨,铜价代理,derived_from,CU,2026-01-08,,100970.0,101250.0,-0.011407430681597774,覆铜板铜箔价格与铜价及加工费强相关，日度预警先跟随铜价。
2026-01-09,copper_foil_proxy,PCB铜箔（铜价代理）,PCB/覆铜板铜箔,100515.0,元/吨,铜价代理,derived_from,CU,2026-01-09,,101210.0,101580.0,0.010595433517385455,覆铜板铜箔价格与铜价及加工费强相关，日度预警先跟随铜价。
2026-01-12,copper_foil_proxy,PCB铜箔（铜价代理）,PCB/覆铜板铜箔,103276.67,元/吨,铜价代理,derived_from,CU,2026-01-12,,103430.0,103980.0,0.006810153735592017,覆铜板铜箔价格与铜价及加工费强相关，日度预警先跟随铜价。
2026-01-13,copper_foil_proxy,PCB铜箔（铜价代理）,PCB/覆铜板铜箔,102405.0,元/吨,铜价代理,derived_from,CU,2026-01-13,,102090.0,102480.0,0.0007323861139592047,覆铜板铜箔价格与铜价及加工费强相关，日度预警先跟随铜价。
2026-01-14,copper_foil_proxy,PCB铜箔（铜价代理）,PCB/覆铜板铜箔,104121.67,元/吨,铜价代理,derived_from,CU,2026-01-14,,103450.0,104120.0,-1.60389283038187e-05,覆铜板铜箔价格与铜价及加工费强相关，日度预警先跟随铜价。
2026-01-15,copper_foil_proxy,PCB铜箔（铜价代理）,PCB/覆铜板铜箔,102551.67,元/吨,铜价代理,derived_from,CU,2026-01-15,,102200.0,102810.0,0.0025190228496523304,覆铜板铜箔价格与铜价及加工费强相关，日度预警先跟随铜价。
2026-01-16,copper_foil_proxy,PCB铜箔（铜价代理）,PCB/覆铜板铜箔,101810.0,元/吨,铜价代理,derived_from,CU,2026-01-16,,100590.0,100770.0,-0.010215106571063726,覆铜板铜箔价格与铜价及加工费强相关，日度预警先跟随铜价。
2026-01-19,copper_foil_proxy,PCB铜箔（铜价代理）,PCB/覆铜板铜箔,101140.0,元/吨,铜价代理,derived_from,CU,2026-01-19,,100990.0,101180.0,0.0003954913980621644,覆铜板铜箔价格与铜价及加工费强相关，日度预警先跟随铜价。
2026-01-20,copper_foil_proxy,PCB铜箔（铜价代理）,PCB/覆铜板铜箔,100660.0,元/吨,铜价代理,derived_from,CU,2026-01-20,,100940.0,101230.0,0.0056626266640174006,覆铜板铜箔价格与铜价及加工费强相关，日度预警先跟随铜价。
2026-01-21,copper_foil_proxy,PCB铜箔（铜价代理）,PCB/覆铜板铜箔,100221.67,元/吨,铜价代理,derived_from,CU,2026-01-21,,101050.0,101280.0,0.010559891887652606,覆铜板铜箔价格与铜价及加工费强相关，日度预警先跟随铜价。
2026-01-22,copper_foil_proxy,PCB铜箔（铜价代理）,PCB/覆铜板铜箔,100231.67,元/吨,铜价代理,derived_from,CU,2026-01-22,,100440.0,100700.0,0.004672475276526811,覆铜板铜箔价格与铜价及加工费强相关，日度预警先跟随铜价。
2026-01-23,copper_foil_proxy,PCB铜箔（铜价代理）,PCB/覆铜板铜箔,100920.0,元/吨,铜价代理,derived_from,CU,2026-01-23,,101050.0,101340.0,0.004161712247324534,覆铜板铜箔价格与铜价及加工费强相关，日度预警先跟随铜价。
2026-01-26,copper_foil_proxy,PCB铜箔（铜价代理）,PCB/覆铜板铜箔,102426.67,元/吨,铜价代理,derived_from,CU,2026-01-26,,101510.0,101880.0,-0.005337184153306973,覆铜板铜箔价格与铜价及加工费强相关，日度预警先跟随铜价。
2026-01-27,copper_foil_proxy,PCB铜箔（铜价代理）,PCB/覆铜板铜箔,101520.0,元/吨,铜价代理,derived_from,CU,2026-01-27,,102280.0,102600.0,0.010638297872340496,覆铜板铜箔价格与铜价及加工费强相关，日度预警先跟随铜价。
2026-01-28,copper_foil_proxy,PCB铜箔（铜价代理）,PCB/覆铜板铜箔,101628.33,元/吨,铜价代理,derived_from,CU,2026-01-28,,102670.0,103060.0,0.014087312071348501,覆铜板铜箔价格与铜价及加工费强相关，日度预警先跟随铜价。
2026-01-29,copper_foil_proxy,PCB铜箔（铜价代理）,PCB/覆铜板铜箔,103206.67,元/吨,铜价代理,derived_from,CU,2026-01-29,,108670.0,109110.0,0.05719911319685056,覆铜板铜箔价格与铜价及加工费强相关，日度预警先跟随铜价。
2026-01-30,copper_foil_proxy,PCB铜箔（铜价代理）,PCB/覆铜板铜箔,104496.67,元/吨,铜价代理,derived_from,CU,2026-01-30,,103170.0,103680.0,-0.007815272965157605,覆铜板铜箔价格与铜价及加工费强相关，日度预警先跟随铜价。
2026-02-02,copper_foil_proxy,PCB铜箔（铜价代理）,PCB/覆铜板铜箔,100853.33,元/吨,铜价代理,derived_from,CU,2026-02-02,,97690.0,98580.0,-0.02254095130026945,覆铜板铜箔价格与铜价及加工费强相关，日度预警先跟随铜价。
2026-02-03,copper_foil_proxy,PCB铜箔（铜价代理）,PCB/覆铜板铜箔,101388.33,元/吨,铜价代理,derived_from,CU,2026-02-03,,104140.0,104500.0,0.03069061301236542,覆铜板铜箔价格与铜价及加工费强相关，日度预警先跟随铜价。
2026-02-04,copper_foil_proxy,PCB铜箔（铜价代理）,PCB/覆铜板铜箔,104786.67,元/吨,铜价代理,derived_from,CU,2026-02-04,,104730.0,105160.0,0.0035627623246354823,覆铜板铜箔价格与铜价及加工费强相关，日度预警先跟随铜价。
2026-02-05,copper_foil_proxy,PCB铜箔（铜价代理）,PCB/覆铜板铜箔,101288.33,元/吨,铜价代理,derived_from,CU,2026-02-05,,100680.0,100980.0,-0.0030440821761006376,覆铜板铜箔价格与铜价及加工费强相关，日度预警先跟随铜价。
2026-02-06,copper_foil_proxy,PCB铜箔（铜价代理）,PCB/覆铜板铜箔,100035.0,元/吨,铜价代理,derived_from,CU,2026-02-06,,99810.0,100100.0,0.0006497725795970855,覆铜板铜箔价格与铜价及加工费强相关，日度预警先跟随铜价。
2026-02-09,copper_foil_proxy,PCB铜箔（铜价代理）,PCB/覆铜板铜箔,101646.67,元/吨,铜价代理,derived_from,CU,2026-02-09,,101500.0,101840.0,0.0019019806551459073,覆铜板铜箔价格与铜价及加工费强相关，日度预警先跟随铜价。
2026-02-10,copper_foil_proxy,PCB铜箔（铜价代理）,PCB/覆铜板铜箔,101858.33,元/吨,铜价代理,derived_from,CU,2026-02-10,,101150.0,101560.0,-0.002928871894915197,覆铜板铜箔价格与铜价及加工费强相关，日度预警先跟随铜价。
2026-02-11,copper_foil_proxy,PCB铜箔（铜价代理）,PCB/覆铜板铜箔,101353.33,元/吨,铜价代理,derived_from,CU,2026-02-11,,101740.0,102180.0,0.008156318100253745,覆铜板铜箔价格与铜价及加工费强相关，日度预警先跟随铜价。
2026-02-12,copper_foil_proxy,PCB铜箔（铜价代理）,PCB/覆铜板铜箔,102133.33,元/吨,铜价代理,derived_from,CU,2026-02-12,,101970.0,102680.0,0.005352513229520683,覆铜板铜箔价格与铜价及加工费强相关，日度预警先跟随铜价。
2026-02-13,copper_foil_proxy,PCB铜箔（铜价代理）,PCB/覆铜板铜箔,100356.67,元/吨,铜价代理,derived_from,CU,2026-02-13,,99870.0,100630.0,0.0027235857865750557,覆铜板铜箔价格与铜价及加工费强相关，日度预警先跟随铜价。
2026-02-24,copper_foil_proxy,PCB铜箔（铜价代理）,PCB/覆铜板铜箔,101598.33,元/吨,铜价代理,derived_from,CU,2026-02-24,,101210.0,101810.0,0.00208340038660082,覆铜板铜箔价格与铜价及加工费强相关，日度预警先跟随铜价。
2026-02-25,copper_foil_proxy,PCB铜箔（铜价代理）,PCB/覆铜板铜箔,102146.67,元/吨,铜价代理,derived_from,CU,2026-02-25,,102460.0,102890.0,0.0072770849994425735,覆铜板铜箔价格与铜价及加工费强相关，日度预警先跟随铜价。
2026-02-26,copper_foil_proxy,PCB铜箔（铜价代理）,PCB/覆铜板铜箔,101981.67,元/吨,铜价代理,derived_from,CU,2026-02-26,,102260.0,102670.0,0.0067495462665005945,覆铜板铜箔价格与铜价及加工费强相关，日度预警先跟随铜价。
2026-02-27,copper_foil_proxy,PCB铜箔（铜价代理）,PCB/覆铜板铜箔,102136.67,元/吨,铜价代理,derived_from,CU,2026-02-27,,103320.0,103920.0,0.017460232451283142,覆铜板铜箔价格与铜价及加工费强相关，日度预警先跟随铜价。
2026-03-02,copper_foil_proxy,PCB铜箔（铜价代理）,PCB/覆铜板铜箔,102186.67,元/吨,铜价代理,derived_from,CU,2026-03-02,,103500.0,103850.0,0.01627736768406285,覆铜板铜箔价格与铜价及加工费强相关，日度预警先跟随铜价。
2026-03-03,copper_foil_proxy,PCB铜箔（铜价代理）,PCB/覆铜板铜箔,101821.67,元/吨,铜价代理,derived_from,CU,2026-03-03,,101880.0,102100.0,0.0027335045673479996,覆铜板铜箔价格与铜价及加工费强相关，日度预警先跟随铜价。
2026-03-04,copper_foil_proxy,PCB铜箔（铜价代理）,PCB/覆铜板铜箔,101851.67,元/吨,铜价代理,derived_from,CU,2026-03-04,,101410.0,101660.0,-0.0018818542690561824,覆铜板铜箔价格与铜价及加工费强相关，日度预警先跟随铜价。
2026-03-05,copper_foil_proxy,PCB铜箔（铜价代理）,PCB/覆铜板铜箔,101608.33,元/吨,铜价代理,derived_from,CU,2026-03-05,,100870.0,101080.0,-0.005199672113497034,覆铜板铜箔价格与铜价及加工费强相关，日度预警先跟随铜价。
2026-03-06,copper_foil_proxy,PCB铜箔（铜价代理）,PCB/覆铜板铜箔,101121.67,元/吨,铜价代理,derived_from,CU,2026-03-06,,100750.0,101050.0,-0.0007087501620571812,覆铜板铜箔价格与铜价及加工费强相关，日度预警先跟随铜价。
2026-03-09,copper_foil_proxy,PCB铜箔（铜价代理）,PCB/覆铜板铜箔,100168.33,元/吨,铜价代理,derived_from,CU,2026-03-09,,99880.0,100190.0,0.00021633584187741306,覆铜板铜箔价格与铜价及加工费强相关，日度预警先跟随铜价。
2026-03-10,copper_foil_proxy,PCB铜箔（铜价代理）,PCB/覆铜板铜箔,101503.33,元/吨,铜价代理,derived_from,CU,2026-03-10,,101180.0,101520.0,0.00016423106512863939,覆铜板铜箔价格与铜价及加工费强相关，日度预警先跟随铜价。
2026-03-11,copper_foil_proxy,PCB铜箔（铜价代理）,PCB/覆铜板铜箔,101356.67,元/吨,铜价代理,derived_from,CU,2026-03-11,,100780.0,101150.0,-0.002039036996775878,覆铜板铜箔价格与铜价及加工费强相关，日度预警先跟随铜价。
2026-03-12,copper_foil_proxy,PCB铜箔（铜价代理）,PCB/覆铜板铜箔,100871.67,元/吨,铜价代理,derived_from,CU,2026-03-12,,100740.0,101010.0,0.0013713463849662766,覆铜板铜箔价格与铜价及加工费强相关，日度预警先跟随铜价。
2026-03-13,copper_foil_proxy,PCB铜箔（铜价代理）,PCB/覆铜板铜箔,100615.0,元/吨,铜价代理,derived_from,CU,2026-03-13,,100000.0,100310.0,-0.003031357153505887,覆铜板铜箔价格与铜价及加工费强相关，日度预警先跟随铜价。
2026-03-16,copper_foil_proxy,PCB铜箔（铜价代理）,PCB/覆铜板铜箔,99333.33,元/吨,铜价代理,derived_from,CU,2026-03-16,,99600.0,99720.0,0.0038926511373371664,覆铜板铜箔价格与铜价及加工费强相关，日度预警先跟随铜价。
2026-03-17,copper_foil_proxy,PCB铜箔（铜价代理）,PCB/覆铜板铜箔,100351.67,元/吨,铜价代理,derived_from,CU,2026-03-17,,99340.0,99420.0,-0.009284050778626818,覆铜板铜箔价格与铜价及加工费强相关，日度预警先跟随铜价。
2026-03-18,copper_foil_proxy,PCB铜箔（铜价代理）,PCB/覆铜板铜箔,99083.33,元/吨,铜价代理,derived_from,CU,2026-03-18,,98590.0,98610.0,-0.004777090152299102,覆铜板铜箔价格与铜价及加工费强相关，日度预警先跟随铜价。
2026-03-19,copper_foil_proxy,PCB铜箔（铜价代理）,PCB/覆铜板铜箔,95633.33,元/吨,铜价代理,derived_from,CU,2026-03-19,,94430.0,94420.0,-0.012687313094712938,覆铜板铜箔价格与铜价及加工费强相关，日度预警先跟随铜价。
2026-03-20,copper_foil_proxy,PCB铜箔（铜价代理）,PCB/覆铜板铜箔,95813.33,元/吨,铜价代理,derived_from,CU,2026-03-20,,94780.0,94740.0,-0.011202303479067033,覆铜板铜箔价格与铜价及加工费强相关，日度预警先跟随铜价。
2026-03-23,copper_foil_proxy,PCB铜箔（铜价代理）,PCB/覆铜板铜箔,93006.67,元/吨,铜价代理,derived_from,CU,2026-03-23,,92120.0,92100.0,-0.009748440622591836,覆铜板铜箔价格与铜价及加工费强相关，日度预警先跟随铜价。
2026-03-24,copper_foil_proxy,PCB铜箔（铜价代理）,PCB/覆铜板铜箔,93955.0,元/吨,铜价代理,derived_from,CU,2026-03-24,,94110.0,94030.0,0.000798254483529437,覆铜板铜箔价格与铜价及加工费强相关，日度预警先跟随铜价。
2026-03-25,copper_foil_proxy,PCB铜箔（铜价代理）,PCB/覆铜板铜箔,95731.67,元/吨,铜价代理,derived_from,CU,2026-03-25,,95550.0,95590.0,-0.0014798655450176668,覆铜板铜箔价格与铜价及加工费强相关，日度预警先跟随铜价。
2026-03-26,copper_foil_proxy,PCB铜箔（铜价代理）,PCB/覆铜板铜箔,95521.67,元/吨,铜价代理,derived_from,CU,2026-03-26,,95320.0,95350.0,-0.0017971838222677894,覆铜板铜箔价格与铜价及加工费强相关，日度预警先跟随铜价。
2026-03-27,copper_foil_proxy,PCB铜箔（铜价代理）,PCB/覆铜板铜箔,95520.0,元/吨,铜价代理,derived_from,CU,2026-03-27,,95950.0,95930.0,0.004292294807370256,覆铜板铜箔价格与铜价及加工费强相关，日度预警先跟随铜价。
2026-03-30,copper_foil_proxy,PCB铜箔（铜价代理）,PCB/覆铜板铜箔,95260.0,元/吨,铜价代理,derived_from,CU,2026-03-30,,95700.0,95760.0,0.005248792777661215,覆铜板铜箔价格与铜价及加工费强相关，日度预警先跟随铜价。
2026-03-31,copper_foil_proxy,PCB铜箔（铜价代理）,PCB/覆铜板铜箔,95666.67,元/吨,铜价代理,derived_from,CU,2026-03-31,,95300.0,95340.0,-0.00341466887056896,覆铜板铜箔价格与铜价及加工费强相关，日度预警先跟随铜价。
2026-04-01,copper_foil_proxy,PCB铜箔（铜价代理）,PCB/覆铜板铜箔,96953.33,元/吨,铜价代理,derived_from,CU,2026-04-01,,96980.0,97030.0,0.0007907928484767179,覆铜板铜箔价格与铜价及加工费强相关，日度预警先跟随铜价。
2026-04-02,copper_foil_proxy,PCB铜箔（铜价代理）,PCB/覆铜板铜箔,96155.0,元/吨,铜价代理,derived_from,CU,2026-04-02,,95800.0,95880.0,-0.0028599656804118023,覆铜板铜箔价格与铜价及加工费强相关，日度预警先跟随铜价。
2026-04-03,copper_foil_proxy,PCB铜箔（铜价代理）,PCB/覆铜板铜箔,96186.67,元/吨,铜价代理,derived_from,CU,2026-04-03,,96240.0,96250.0,0.0006584072408371,覆铜板铜箔价格与铜价及加工费强相关，日度预警先跟随铜价。
2026-04-07,copper_foil_proxy,PCB铜箔（铜价代理）,PCB/覆铜板铜箔,96750.0,元/吨,铜价代理,derived_from,CU,2026-04-07,,96510.0,96560.0,-0.001963824289405669,覆铜板铜箔价格与铜价及加工费强相关，日度预警先跟随铜价。
2026-04-08,copper_foil_proxy,PCB铜箔（铜价代理）,PCB/覆铜板铜箔,97785.0,元/吨,铜价代理,derived_from,CU,2026-04-08,,98140.0,98220.0,0.004448535051388314,覆铜板铜箔价格与铜价及加工费强相关，日度预警先跟随铜价。
2026-04-09,copper_foil_proxy,PCB铜箔（铜价代理）,PCB/覆铜板铜箔,97606.67,元/吨,铜价代理,derived_from,CU,2026-04-09,,97730.0,97810.0,0.002083156817049403,覆铜板铜箔价格与铜价及加工费强相关，日度预警先跟随铜价。
2026-04-10,copper_foil_proxy,PCB铜箔（铜价代理）,PCB/覆铜板铜箔,98331.67,元/吨,铜价代理,derived_from,CU,2026-04-10,,98390.0,98440.0,0.0011016796521405858,覆铜板铜箔价格与铜价及加工费强相关，日度预警先跟随铜价。
2026-04-13,copper_foil_proxy,PCB铜箔（铜价代理）,PCB/覆铜板铜箔,98875.0,元/吨,铜价代理,derived_from,CU,2026-04-13,,99600.0,99610.0,0.0074336283185840735,覆铜板铜箔价格与铜价及加工费强相关，日度预警先跟随铜价。
2026-04-14,copper_foil_proxy,PCB铜箔（铜价代理）,PCB/覆铜板铜箔,101080.0,元/吨,铜价代理,derived_from,CU,2026-04-14,,101180.0,101190.0,0.001088246933122372,覆铜板铜箔价格与铜价及加工费强相关，日度预警先跟随铜价。
2026-04-15,copper_foil_proxy,PCB铜箔（铜价代理）,PCB/覆铜板铜箔,102910.0,元/吨,铜价代理,derived_from,CU,2026-04-15,,101630.0,102160.0,-0.0072879214847925144,覆铜板铜箔价格与铜价及加工费强相关，日度预警先跟随铜价。
2026-04-16,copper_foil_proxy,PCB铜箔（铜价代理）,PCB/覆铜板铜箔,102398.33,元/吨,铜价代理,derived_from,CU,2026-04-16,,102680.0,102720.0,0.0031413598249112606,覆铜板铜箔价格与铜价及加工费强相关，日度预警先跟随铜价。
2026-04-17,copper_foil_proxy,PCB铜箔（铜价代理）,PCB/覆铜板铜箔,102035.0,元/吨,铜价代理,derived_from,CU,2026-04-17,,102290.0,102330.0,0.0028911647963933973,覆铜板铜箔价格与铜价及加工费强相关，日度预警先跟随铜价。
2026-04-20,copper_foil_proxy,PCB铜箔（铜价代理）,PCB/覆铜板铜箔,102871.67,元/吨,铜价代理,derived_from,CU,2026-04-20,,102460.0,102620.0,-0.0024464461401277893,覆铜板铜箔价格与铜价及加工费强相关，日度预警先跟随铜价。
2026-04-21,copper_foil_proxy,PCB铜箔（铜价代理）,PCB/覆铜板铜箔,102190.0,元/吨,铜价代理,derived_from,CU,2026-04-21,,102020.0,102140.0,-0.0004892846658185457,覆铜板铜箔价格与铜价及加工费强相关，日度预警先跟随铜价。
2026-04-22,copper_foil_proxy,PCB铜箔（铜价代理）,PCB/覆铜板铜箔,102288.33,元/吨,铜价代理,derived_from,CU,2026-04-22,,102530.0,102640.0,0.003438026605772082,覆铜板铜箔价格与铜价及加工费强相关，日度预警先跟随铜价。
2026-04-23,copper_foil_proxy,PCB铜箔（铜价代理）,PCB/覆铜板铜箔,102933.33,元/吨,铜价代理,derived_from,CU,2026-04-23,,102640.0,102780.0,-0.00148960497051831,覆铜板铜箔价格与铜价及加工费强相关，日度预警先跟随铜价。
2026-04-24,copper_foil_proxy,PCB铜箔（铜价代理）,PCB/覆铜板铜箔,102618.33,元/吨,铜价代理,derived_from,CU,2026-04-24,,102340.0,102460.0,-0.0015429017408488122,覆铜板铜箔价格与铜价及加工费强相关，日度预警先跟随铜价。
2026-04-27,copper_foil_proxy,PCB铜箔（铜价代理）,PCB/覆铜板铜箔,102950.0,元/吨,铜价代理,derived_from,CU,2026-04-27,,102720.0,102800.0,-0.0014570179698882857,覆铜板铜箔价格与铜价及加工费强相关，日度预警先跟随铜价。
2026-04-28,copper_foil_proxy,PCB铜箔（铜价代理）,PCB/覆铜板铜箔,102080.0,元/吨,铜价代理,derived_from,CU,2026-04-28,,102140.0,102260.0,0.001763322884012597,覆铜板铜箔价格与铜价及加工费强相关，日度预警先跟随铜价。
2026-04-29,copper_foil_proxy,PCB铜箔（铜价代理）,PCB/覆铜板铜箔,101635.0,元/吨,铜价代理,derived_from,CU,2026-04-29,,101620.0,101630.0,-4.91956511043945e-05,覆铜板铜箔价格与铜价及加工费强相关，日度预警先跟随铜价。
2026-04-30,copper_foil_proxy,PCB铜箔（铜价代理）,PCB/覆铜板铜箔,101498.33,元/吨,铜价代理,derived_from,CU,2026-04-30,,100970.0,101030.0,-0.004614164587732672,覆铜板铜箔价格与铜价及加工费强相关，日度预警先跟随铜价。
2026-05-06,copper_foil_proxy,PCB铜箔（铜价代理）,PCB/覆铜板铜箔,102590.0,元/吨,铜价代理,derived_from,CU,2026-05-06,,102620.0,102660.0,0.0006823277122527394,覆铜板铜箔价格与铜价及加工费强相关，日度预警先跟随铜价。
2026-05-07,copper_foil_proxy,PCB铜箔（铜价代理）,PCB/覆铜板铜箔,102858.33,元/吨,铜价代理,derived_from,CU,2026-05-07,,102950.0,103000.0,0.0013773313255232011,覆铜板铜箔价格与铜价及加工费强相关，日度预警先跟随铜价。
2026-05-08,copper_foil_proxy,PCB铜箔（铜价代理）,PCB/覆铜板铜箔,102853.33,元/吨,铜价代理,derived_from,CU,2026-05-08,,104460.0,104550.0,0.01649601427586256,覆铜板铜箔价格与铜价及加工费强相关，日度预警先跟随铜价。
2026-05-11,copper_foil_proxy,PCB铜箔（铜价代理）,PCB/覆铜板铜箔,104373.33,元/吨,铜价代理,derived_from,CU,2026-05-11,,104600.0,104620.0,0.0023633432027128087,覆铜板铜箔价格与铜价及加工费强相关，日度预警先跟随铜价。
2026-05-12,copper_foil_proxy,PCB铜箔（铜价代理）,PCB/覆铜板铜箔,106546.67,元/吨,铜价代理,derived_from,CU,2026-05-12,,106450.0,106510.0,-0.0003441684287270874,覆铜板铜箔价格与铜价及加工费强相关，日度预警先跟随铜价。
2026-05-13,copper_foil_proxy,PCB铜箔（铜价代理）,PCB/覆铜板铜箔,108573.33,元/吨,铜价代理,derived_from,CU,2026-05-13,,108500.0,108510.0,-0.0005832924162867403,覆铜板铜箔价格与铜价及加工费强相关，日度预警先跟随铜价。
2026-05-14,copper_foil_proxy,PCB铜箔（铜价代理）,PCB/覆铜板铜箔,107511.67,元/吨,铜价代理,derived_from,CU,2026-05-14,,106740.0,106750.0,-0.007084533241833224,覆铜板铜箔价格与铜价及加工费强相关，日度预警先跟随铜价。
2026-05-15,copper_foil_proxy,PCB铜箔（铜价代理）,PCB/覆铜板铜箔,105588.33,元/吨,铜价代理,derived_from,CU,2026-05-15,,104730.0,104710.0,-0.008318438221345148,覆铜板铜箔价格与铜价及加工费强相关，日度预警先跟随铜价。
2026-05-18,copper_foil_proxy,PCB铜箔（铜价代理）,PCB/覆铜板铜箔,104278.33,元/吨,铜价代理,derived_from,CU,2026-05-18,,104330.0,104330.0,0.000495500838956664,覆铜板铜箔价格与铜价及加工费强相关，日度预警先跟随铜价。
2026-05-19,copper_foil_proxy,PCB铜箔（铜价代理）,PCB/覆铜板铜箔,104185.0,元/吨,铜价代理,derived_from,CU,2026-05-19,,104530.0,104540.0,0.0034074002975477136,覆铜板铜箔价格与铜价及加工费强相关，日度预警先跟随铜价。
2026-05-20,copper_foil_proxy,PCB铜箔（铜价代理）,PCB/覆铜板铜箔,103398.33,元/吨,铜价代理,derived_from,CU,2026-05-20,,103950.0,103980.0,0.00562552606023714,覆铜板铜箔价格与铜价及加工费强相关，日度预警先跟随铜价。
2026-05-21,copper_foil_proxy,PCB铜箔（铜价代理）,PCB/覆铜板铜箔,105220.0,元/吨,铜价代理,derived_from,CU,2026-05-21,,103940.0,104040.0,-0.01121459798517388,覆铜板铜箔价格与铜价及加工费强相关，日度预警先跟随铜价。
2026-05-22,copper_foil_proxy,PCB铜箔（铜价代理）,PCB/覆铜板铜箔,104575.0,元/吨,铜价代理,derived_from,CU,2026-05-22,,104770.0,104870.0,0.0028209419077216413,覆铜板铜箔价格与铜价及加工费强相关，日度预警先跟随铜价。
2026-05-25,copper_foil_proxy,PCB铜箔（铜价代理）,PCB/覆铜板铜箔,105661.67,元/吨,铜价代理,derived_from,CU,2026-05-25,,105520.0,105650.0,-0.00011044686308669949,覆铜板铜箔价格与铜价及加工费强相关，日度预警先跟随铜价。
2026-05-26,copper_foil_proxy,PCB铜箔（铜价代理）,PCB/覆铜板铜箔,104800.0,元/吨,铜价代理,derived_from,CU,2026-05-26,,104840.0,104960.0,0.0015267175572519776,覆铜板铜箔价格与铜价及加工费强相关，日度预警先跟随铜价。
2026-05-27,copper_foil_proxy,PCB铜箔（铜价代理）,PCB/覆铜板铜箔,104938.33,元/吨,铜价代理,derived_from,CU,2026-05-27,,104610.0,104680.0,-0.002461731571295256,覆铜板铜箔价格与铜价及加工费强相关，日度预警先跟随铜价。
2026-05-28,copper_foil_proxy,PCB铜箔（铜价代理）,PCB/覆铜板铜箔,103580.0,元/吨,铜价代理,derived_from,CU,2026-05-28,,104080.0,104150.0,0.005502992855763722,覆铜板铜箔价格与铜价及加工费强相关，日度预警先跟随铜价。
2026-05-29,copper_foil_proxy,PCB铜箔（铜价代理）,PCB/覆铜板铜箔,104843.33,元/吨,铜价代理,derived_from,CU,2026-05-29,,104800.0,105000.0,0.0014943249131822434,覆铜板铜箔价格与铜价及加工费强相关，日度预警先跟随铜价。
2026-06-01,copper_foil_proxy,PCB铜箔（铜价代理）,PCB/覆铜板铜箔,104911.67,元/吨,铜价代理,derived_from,CU,2026-06-01,,104610.0,104680.0,-0.0022082386068204007,覆铜板铜箔价格与铜价及加工费强相关，日度预警先跟随铜价。
2026-06-02,copper_foil_proxy,PCB铜箔（铜价代理）,PCB/覆铜板铜箔,105861.67,元/吨,铜价代理,derived_from,CU,2026-06-02,,106460.0,106620.0,0.007163404847098986,覆铜板铜箔价格与铜价及加工费强相关，日度预警先跟随铜价。
2026-06-03,copper_foil_proxy,PCB铜箔（铜价代理）,PCB/覆铜板铜箔,106656.67,元/吨,铜价代理,derived_from,CU,2026-06-03,,106280.0,106380.0,-0.0025940243587203593,覆铜板铜箔价格与铜价及加工费强相关，日度预警先跟随铜价。
2026-06-04,copper_foil_proxy,PCB铜箔（铜价代理）,PCB/覆铜板铜箔,105340.0,元/吨,铜价代理,derived_from,CU,2026-06-04,,105090.0,105150.0,-0.0018036833111828576,覆铜板铜箔价格与铜价及加工费强相关，日度预警先跟随铜价。
2026-06-05,copper_foil_proxy,PCB铜箔（铜价代理）,PCB/覆铜板铜箔,105398.33,元/吨,铜价代理,derived_from,CU,2026-06-05,,105170.0,105150.0,-0.0023561094374076053,覆铜板铜箔价格与铜价及加工费强相关，日度预警先跟随铜价。
2026-06-08,copper_foil_proxy,PCB铜箔（铜价代理）,PCB/覆铜板铜箔,104195.0,元/吨,铜价代理,derived_from,CU,2026-06-08,,104120.0,104120.0,-0.0007198042132540161,覆铜板铜箔价格与铜价及加工费强相关，日度预警先跟随铜价。
2026-06-09,copper_foil_proxy,PCB铜箔（铜价代理）,PCB/覆铜板铜箔,104210.0,元/吨,铜价代理,derived_from,CU,2026-06-09,,104620.0,104650.0,0.004222243546684545,覆铜板铜箔价格与铜价及加工费强相关，日度预警先跟随铜价。
2026-06-10,copper_foil_proxy,PCB铜箔（铜价代理）,PCB/覆铜板铜箔,104126.67,元/吨,铜价代理,derived_from,CU,2026-06-10,,104050.0,104110.0,-0.0001600934707697288,覆铜板铜箔价格与铜价及加工费强相关，日度预警先跟随铜价。
2026-06-11,copper_foil_proxy,PCB铜箔（铜价代理）,PCB/覆铜板铜箔,103308.33,元/吨,铜价代理,derived_from,CU,2026-06-11,,103260.0,103160.0,-0.0014357990299523893,覆铜板铜箔价格与铜价及加工费强相关，日度预警先跟随铜价。
2026-06-12,copper_foil_proxy,PCB铜箔（铜价代理）,PCB/覆铜板铜箔,104683.33,元/吨,铜价代理,derived_from,CU,2026-06-12,,104570.0,104660.0,-0.00022286260859294416,覆铜板铜箔价格与铜价及加工费强相关，日度预警先跟随铜价。
2026-05-22,corrugated_paper,瓦楞原纸,包装纸箱,2830.0,元/吨,生意社基准价,sunsirs_vane,,2026-05-22,1.65,,,,
2026-05-28,corrugated_paper,瓦楞原纸,包装纸箱,2866.0,元/吨,生意社基准价,sunsirs_vane,,2026-05-28,1.27,,,,
2026-06-02,corrugated_paper,瓦楞原纸,包装纸箱,2882.0,元/吨,生意社基准价,sunsirs_vane,,2026-06-02,0.56,,,,
2026-06-06,corrugated_paper,瓦楞原纸,包装纸箱,2901.0,元/吨,生意社基准价,sunsirs_vane,,2026-06-06,0.66,,,,
2026-06-09,corrugated_paper,瓦楞原纸,包装纸箱,2911.0,元/吨,生意社基准价,sunsirs_vane,,2026-06-09,0.34,,,,
2026-06-11,corrugated_paper,瓦楞原纸,包装纸箱,2931.0,元/吨,生意社基准价,sunsirs_vane,,2026-06-11,0.69,,,,
2026-06-12,corrugated_paper,瓦楞原纸,包装纸箱,2941.0,元/吨,生意社基准价,sunsirs_vane,,2026-06-12,0.34,,,,
2026-05-22,epichlorohydrin,环氧氯丙烷,PCB/环氧上游,12000.0,元/吨,生意社基准价,sunsirs_vane,,2026-05-22,-6.25,,,,
2026-05-28,epichlorohydrin,环氧氯丙烷,PCB/环氧上游,11400.0,元/吨,生意社基准价,sunsirs_vane,,2026-05-28,-5.0,,,,
2026-06-02,epichlorohydrin,环氧氯丙烷,PCB/环氧上游,10400.0,元/吨,生意社基准价,sunsirs_vane,,2026-06-02,-8.77,,,,
2026-06-06,epichlorohydrin,环氧氯丙烷,PCB/环氧上游,10400.0,元/吨,生意社基准价,sunsirs_vane,,2026-06-06,0.0,,,,
2026-06-09,epichlorohydrin,环氧氯丙烷,PCB/环氧上游,10400.0,元/吨,生意社基准价,sunsirs_vane,,2026-06-09,0.0,,,,
2026-06-11,epichlorohydrin,环氧氯丙烷,PCB/环氧上游,10400.0,元/吨,生意社基准价,sunsirs_vane,,2026-06-11,0.0,,,,
2026-06-12,epichlorohydrin,环氧氯丙烷,PCB/环氧上游,10400.0,元/吨,生意社基准价,sunsirs_vane,,2026-06-12,0.0,,,,
2026-05-22,epoxy_resin,环氧树脂,PCB/覆铜板树脂,16233.33,元/吨,生意社基准价,sunsirs_vane,,2026-05-22,-4.13,,,,
2026-05-28,epoxy_resin,环氧树脂,PCB/覆铜板树脂,15300.0,元/吨,生意社基准价,sunsirs_vane,,2026-05-28,-5.75,,,,
2026-06-02,epoxy_resin,环氧树脂,PCB/覆铜板树脂,15300.0,元/吨,生意社基准价,sunsirs_vane,,2026-06-02,0.0,,,,
2026-06-06,epoxy_resin,环氧树脂,PCB/覆铜板树脂,15300.0,元/吨,生意社基准价,sunsirs_vane,,2026-06-06,0.0,,,,
2026-06-09,epoxy_resin,环氧树脂,PCB/覆铜板树脂,15300.0,元/吨,生意社基准价,sunsirs_vane,,2026-06-09,0.0,,,,
2026-06-11,epoxy_resin,环氧树脂,PCB/覆铜板树脂,15300.0,元/吨,生意社基准价,sunsirs_vane,,2026-06-11,0.0,,,,
2026-06-12,epoxy_resin,环氧树脂,PCB/覆铜板树脂,14333.33,元/吨,生意社基准价,sunsirs_vane,,2026-06-12,-6.32,,,,
2025-12-15,fiberglass_cloth_proxy,玻纤布/电子布（玻璃代理）,PCB/玻纤布,1072.0,元/吨,玻璃/玻纤价格代理,derived_from,FG,2025-12-15,,950.0,1039.0,-0.03078358208955223,电子级玻纤布公开日价稀疏，先用玻璃/玻纤替代指标预警。
2025-12-16,fiberglass_cloth_proxy,玻纤布/电子布（玻璃代理）,PCB/玻纤布,1072.0,元/吨,玻璃/玻纤价格代理,derived_from,FG,2025-12-16,,946.0,1038.0,-0.03171641791044777,电子级玻纤布公开日价稀疏，先用玻璃/玻纤替代指标预警。
2025-12-17,fiberglass_cloth_proxy,玻纤布/电子布（玻璃代理）,PCB/玻纤布,1072.0,元/吨,玻璃/玻纤价格代理,derived_from,FG,2025-12-17,,944.0,1038.0,-0.03171641791044777,电子级玻纤布公开日价稀疏，先用玻璃/玻纤替代指标预警。
2025-12-18,fiberglass_cloth_proxy,玻纤布/电子布（玻璃代理）,PCB/玻纤布,1068.0,元/吨,玻璃/玻纤价格代理,derived_from,FG,2025-12-18,,953.0,1062.0,-0.005617977528089901,电子级玻纤布公开日价稀疏，先用玻璃/玻纤替代指标预警。
2025-12-19,fiberglass_cloth_proxy,玻纤布/电子布（玻璃代理）,PCB/玻纤布,1068.0,元/吨,玻璃/玻纤价格代理,derived_from,FG,2025-12-19,,941.0,1041.0,-0.0252808988764045,电子级玻纤布公开日价稀疏，先用玻璃/玻纤替代指标预警。
2025-12-22,fiberglass_cloth_proxy,玻纤布/电子布（玻璃代理）,PCB/玻纤布,1068.0,元/吨,玻璃/玻纤价格代理,derived_from,FG,2025-12-22,,931.0,1031.0,-0.034644194756554336,电子级玻纤布公开日价稀疏，先用玻璃/玻纤替代指标预警。
2025-12-23,fiberglass_cloth_proxy,玻纤布/电子布（玻璃代理）,PCB/玻纤布,1060.0,元/吨,玻璃/玻纤价格代理,derived_from,FG,2025-12-23,,938.0,1028.0,-0.030188679245283012,电子级玻纤布公开日价稀疏，先用玻璃/玻纤替代指标预警。
2025-12-24,fiberglass_cloth_proxy,玻纤布/电子布（玻璃代理）,PCB/玻纤布,1042.3999999999999,元/吨,玻璃/玻纤价格代理,derived_from,FG,2025-12-24,,941.0,1048.0,0.005372217958557357,电子级玻纤布公开日价稀疏，先用玻璃/玻纤替代指标预警。
2025-12-25,fiberglass_cloth_proxy,玻纤布/电子布（玻璃代理）,PCB/玻纤布,1034.4,元/吨,玻璃/玻纤价格代理,derived_from,FG,2025-12-25,,932.0,1047.0,0.012180974477958184,电子级玻纤布公开日价稀疏，先用玻璃/玻纤替代指标预警。
2025-12-26,fiberglass_cloth_proxy,玻纤布/电子布（玻璃代理）,PCB/玻纤布,1034.4,元/吨,玻璃/玻纤价格代理,derived_from,FG,2025-12-26,,936.0,1057.0,0.021848414539829664,电子级玻纤布公开日价稀疏，先用玻璃/玻纤替代指标预警。
2025-12-29,fiberglass_cloth_proxy,玻纤布/电子布（玻璃代理）,PCB/玻纤布,1022.4,元/吨,玻璃/玻纤价格代理,derived_from,FG,2025-12-29,,926.0,1051.0,0.027973395931142342,电子级玻纤布公开日价稀疏，先用玻璃/玻纤替代指标预警。
2025-12-30,fiberglass_cloth_proxy,玻纤布/电子布（玻璃代理）,PCB/玻纤布,1022.4,元/吨,玻璃/玻纤价格代理,derived_from,FG,2025-12-30,,950.0,1087.0,0.06318466353677632,电子级玻纤布公开日价稀疏，先用玻璃/玻纤替代指标预警。
2025-12-31,fiberglass_cloth_proxy,玻纤布/电子布（玻璃代理）,PCB/玻纤布,1020.0,元/吨,玻璃/玻纤价格代理,derived_from,FG,2025-12-31,,949.0,1087.0,0.06568627450980391,电子级玻纤布公开日价稀疏，先用玻璃/玻纤替代指标预警。
2026-01-05,fiberglass_cloth_proxy,玻纤布/电子布（玻璃代理）,PCB/玻纤布,1020.0,元/吨,玻璃/玻纤价格代理,derived_from,FG,2026-01-05,,948.0,1081.0,0.05980392156862746,电子级玻纤布公开日价稀疏，先用玻璃/玻纤替代指标预警。
2026-01-06,fiberglass_cloth_proxy,玻纤布/电子布（玻璃代理）,PCB/玻纤布,1020.0,元/吨,玻璃/玻纤价格代理,derived_from,FG,2026-01-06,,956.0,1092.0,0.07058823529411762,电子级玻纤布公开日价稀疏，先用玻璃/玻纤替代指标预警。
2026-01-07,fiberglass_cloth_proxy,玻纤布/电子布（玻璃代理）,PCB/玻纤布,1024.0,元/吨,玻璃/玻纤价格代理,derived_from,FG,2026-01-07,,1016.0,1148.0,0.12109375,电子级玻纤布公开日价稀疏，先用玻璃/玻纤替代指标预警。
2026-01-08,fiberglass_cloth_proxy,玻纤布/电子布（玻璃代理）,PCB/玻纤布,1026.4,元/吨,玻璃/玻纤价格代理,derived_from,FG,2026-01-08,,1013.0,1163.0,0.133086515978176,电子级玻纤布公开日价稀疏，先用玻璃/玻纤替代指标预警。
2026-01-09,fiberglass_cloth_proxy,玻纤布/电子布（玻璃代理）,PCB/玻纤布,1028.0,元/吨,玻璃/玻纤价格代理,derived_from,FG,2026-01-09,,1010.0,1144.0,0.11284046692607008,电子级玻纤布公开日价稀疏，先用玻璃/玻纤替代指标预警。
2026-01-12,fiberglass_cloth_proxy,玻纤布/电子布（玻璃代理）,PCB/玻纤布,1030.4,元/吨,玻璃/玻纤价格代理,derived_from,FG,2026-01-12,,1001.0,1143.0,0.10927795031055898,电子级玻纤布公开日价稀疏，先用玻璃/玻纤替代指标预警。
2026-01-13,fiberglass_cloth_proxy,玻纤布/电子布（玻璃代理）,PCB/玻纤布,1030.4,元/吨,玻璃/玻纤价格代理,derived_from,FG,2026-01-13,,978.0,1096.0,0.0636645962732918,电子级玻纤布公开日价稀疏，先用玻璃/玻纤替代指标预警。
2026-01-14,fiberglass_cloth_proxy,玻纤布/电子布（玻璃代理）,PCB/玻纤布,1030.4,元/吨,玻璃/玻纤价格代理,derived_from,FG,2026-01-14,,940.0,1096.0,0.0636645962732918,电子级玻纤布公开日价稀疏，先用玻璃/玻纤替代指标预警。
2026-01-15,fiberglass_cloth_proxy,玻纤布/电子布（玻璃代理）,PCB/玻纤布,1030.4,元/吨,玻璃/玻纤价格代理,derived_from,FG,2026-01-15,,941.0,1086.0,0.05395962732919246,电子级玻纤布公开日价稀疏，先用玻璃/玻纤替代指标预警。
2026-01-16,fiberglass_cloth_proxy,玻纤布/电子布（玻璃代理）,PCB/玻纤布,1030.4,元/吨,玻璃/玻纤价格代理,derived_from,FG,2026-01-16,,943.0,1103.0,0.07045807453416142,电子级玻纤布公开日价稀疏，先用玻璃/玻纤替代指标预警。
2026-01-19,fiberglass_cloth_proxy,玻纤布/电子布（玻璃代理）,PCB/玻纤布,1028.0,元/吨,玻璃/玻纤价格代理,derived_from,FG,2026-01-19,,981.0,1070.0,0.040856031128404746,电子级玻纤布公开日价稀疏，先用玻璃/玻纤替代指标预警。
2026-01-20,fiberglass_cloth_proxy,玻纤布/电子布（玻璃代理）,PCB/玻纤布,1028.0,元/吨,玻璃/玻纤价格代理,derived_from,FG,2026-01-20,,963.0,1056.0,0.027237354085603016,电子级玻纤布公开日价稀疏，先用玻璃/玻纤替代指标预警。
2026-01-21,fiberglass_cloth_proxy,玻纤布/电子布（玻璃代理）,PCB/玻纤布,1028.0,元/吨,玻璃/玻纤价格代理,derived_from,FG,2026-01-21,,947.0,1039.0,0.010700389105058328,电子级玻纤布公开日价稀疏，先用玻璃/玻纤替代指标预警。
2026-01-22,fiberglass_cloth_proxy,玻纤布/电子布（玻璃代理）,PCB/玻纤布,1028.0,元/吨,玻璃/玻纤价格代理,derived_from,FG,2026-01-22,,963.0,1057.0,0.02821011673151741,电子级玻纤布公开日价稀疏，先用玻璃/玻纤替代指标预警。
2026-01-23,fiberglass_cloth_proxy,玻纤布/电子布（玻璃代理）,PCB/玻纤布,1028.0,元/吨,玻璃/玻纤价格代理,derived_from,FG,2026-01-23,,973.0,1064.0,0.035019455252918386,电子级玻纤布公开日价稀疏，先用玻璃/玻纤替代指标预警。
2026-01-26,fiberglass_cloth_proxy,玻纤布/电子布（玻璃代理）,PCB/玻纤布,1044.0,元/吨,玻璃/玻纤价格代理,derived_from,FG,2026-01-26,,992.0,1087.0,0.04118773946360155,电子级玻纤布公开日价稀疏，先用玻璃/玻纤替代指标预警。
2026-01-27,fiberglass_cloth_proxy,玻纤布/电子布（玻璃代理）,PCB/玻纤布,1044.0,元/吨,玻璃/玻纤价格代理,derived_from,FG,2026-01-27,,969.0,1066.0,0.021072796934865856,电子级玻纤布公开日价稀疏，先用玻璃/玻纤替代指标预警。
2026-01-28,fiberglass_cloth_proxy,玻纤布/电子布（玻璃代理）,PCB/玻纤布,1044.0,元/吨,玻璃/玻纤价格代理,derived_from,FG,2026-01-28,,973.0,1067.0,0.022030651340996243,电子级玻纤布公开日价稀疏，先用玻璃/玻纤替代指标预警。
2026-01-29,fiberglass_cloth_proxy,玻纤布/电子布（玻璃代理）,PCB/玻纤布,1048.0,元/吨,玻璃/玻纤价格代理,derived_from,FG,2026-01-29,,989.0,1087.0,0.03721374045801529,电子级玻纤布公开日价稀疏，先用玻璃/玻纤替代指标预警。
2026-01-30,fiberglass_cloth_proxy,玻纤布/电子布（玻璃代理）,PCB/玻纤布,1048.0,元/吨,玻璃/玻纤价格代理,derived_from,FG,2026-01-30,,955.0,1056.0,0.007633587786259444,电子级玻纤布公开日价稀疏，先用玻璃/玻纤替代指标预警。
2026-02-02,fiberglass_cloth_proxy,玻纤布/电子布（玻璃代理）,PCB/玻纤布,1056.0,元/吨,玻璃/玻纤价格代理,derived_from,FG,2026-02-02,,968.0,1056.0,0.0,电子级玻纤布公开日价稀疏，先用玻璃/玻纤替代指标预警。
2026-02-03,fiberglass_cloth_proxy,玻纤布/电子布（玻璃代理）,PCB/玻纤布,1058.4,元/吨,玻璃/玻纤价格代理,derived_from,FG,2026-02-03,,974.0,1072.0,0.012849584278155524,电子级玻纤布公开日价稀疏，先用玻璃/玻纤替代指标预警。
2026-02-04,fiberglass_cloth_proxy,玻纤布/电子布（玻璃代理）,PCB/玻纤布,1058.4,元/吨,玻璃/玻纤价格代理,derived_from,FG,2026-02-04,,1007.0,1109.0,0.047808012093726315,电子级玻纤布公开日价稀疏，先用玻璃/玻纤替代指标预警。
2026-02-05,fiberglass_cloth_proxy,玻纤布/电子布（玻璃代理）,PCB/玻纤布,1060.0,元/吨,玻璃/玻纤价格代理,derived_from,FG,2026-02-05,,993.0,1088.0,0.026415094339622636,电子级玻纤布公开日价稀疏，先用玻璃/玻纤替代指标预警。
2026-02-06,fiberglass_cloth_proxy,玻纤布/电子布（玻璃代理）,PCB/玻纤布,1060.0,元/吨,玻璃/玻纤价格代理,derived_from,FG,2026-02-06,,984.0,1072.0,0.01132075471698113,电子级玻纤布公开日价稀疏，先用玻璃/玻纤替代指标预警。
2026-02-09,fiberglass_cloth_proxy,玻纤布/电子布（玻璃代理）,PCB/玻纤布,1060.0,元/吨,玻璃/玻纤价格代理,derived_from,FG,2026-02-09,,987.0,1078.0,0.016981132075471805,电子级玻纤布公开日价稀疏，先用玻璃/玻纤替代指标预警。
2026-02-10,fiberglass_cloth_proxy,玻纤布/电子布（玻璃代理）,PCB/玻纤布,1060.0,元/吨,玻璃/玻纤价格代理,derived_from,FG,2026-02-10,,981.0,1070.0,0.009433962264151052,电子级玻纤布公开日价稀疏，先用玻璃/玻纤替代指标预警。
2026-02-11,fiberglass_cloth_proxy,玻纤布/电子布（玻璃代理）,PCB/玻纤布,1060.0,元/吨,玻璃/玻纤价格代理,derived_from,FG,2026-02-11,,986.0,1071.0,0.01037735849056598,电子级玻纤布公开日价稀疏，先用玻璃/玻纤替代指标预警。
2026-02-12,fiberglass_cloth_proxy,玻纤布/电子布（玻璃代理）,PCB/玻纤布,1060.0,元/吨,玻璃/玻纤价格代理,derived_from,FG,2026-02-12,,972.0,1065.0,0.004716981132075526,电子级玻纤布公开日价稀疏，先用玻璃/玻纤替代指标预警。
2026-02-13,fiberglass_cloth_proxy,玻纤布/电子布（玻璃代理）,PCB/玻纤布,1060.0,元/吨,玻璃/玻纤价格代理,derived_from,FG,2026-02-13,,959.0,1041.0,-0.017924528301886844,电子级玻纤布公开日价稀疏，先用玻璃/玻纤替代指标预警。
2026-02-24,fiberglass_cloth_proxy,玻纤布/电子布（玻璃代理）,PCB/玻纤布,1060.0,元/吨,玻璃/玻纤价格代理,derived_from,FG,2026-02-24,,973.0,1050.0,-0.009433962264150941,电子级玻纤布公开日价稀疏，先用玻璃/玻纤替代指标预警。
2026-02-25,fiberglass_cloth_proxy,玻纤布/电子布（玻璃代理）,PCB/玻纤布,1062.3999999999999,元/吨,玻璃/玻纤价格代理,derived_from,FG,2026-02-25,,984.0,1064.0,0.001506024096385561,电子级玻纤布公开日价稀疏，先用玻璃/玻纤替代指标预警。
2026-02-26,fiberglass_cloth_proxy,玻纤布/电子布（玻璃代理）,PCB/玻纤布,1070.4,元/吨,玻璃/玻纤价格代理,derived_from,FG,2026-02-26,,981.0,1058.0,-0.01158445440956657,电子级玻纤布公开日价稀疏，先用玻璃/玻纤替代指标预警。
2026-02-27,fiberglass_cloth_proxy,玻纤布/电子布（玻璃代理）,PCB/玻纤布,1070.4,元/吨,玻璃/玻纤价格代理,derived_from,FG,2026-02-27,,987.0,1062.0,-0.007847533632287074,电子级玻纤布公开日价稀疏，先用玻璃/玻纤替代指标预警。
2026-03-02,fiberglass_cloth_proxy,玻纤布/电子布（玻璃代理）,PCB/玻纤布,1070.4,元/吨,玻璃/玻纤价格代理,derived_from,FG,2026-03-02,,975.0,1043.0,-0.025597907324364844,电子级玻纤布公开日价稀疏，先用玻璃/玻纤替代指标预警。
2026-03-03,fiberglass_cloth_proxy,玻纤布/电子布（玻璃代理）,PCB/玻纤布,1070.4,元/吨,玻璃/玻纤价格代理,derived_from,FG,2026-03-03,,971.0,1054.0,-0.015321375186846176,电子级玻纤布公开日价稀疏，先用玻璃/玻纤替代指标预警。
2026-03-04,fiberglass_cloth_proxy,玻纤布/电子布（玻璃代理）,PCB/玻纤布,1070.4,元/吨,玻璃/玻纤价格代理,derived_from,FG,2026-03-04,,961.0,1038.0,-0.030269058295964157,电子级玻纤布公开日价稀疏，先用玻璃/玻纤替代指标预警。
2026-03-05,fiberglass_cloth_proxy,玻纤布/电子布（玻璃代理）,PCB/玻纤布,1070.4,元/吨,玻璃/玻纤价格代理,derived_from,FG,2026-03-05,,972.0,1055.0,-0.014387144992526246,电子级玻纤布公开日价稀疏，先用玻璃/玻纤替代指标预警。
2026-03-06,fiberglass_cloth_proxy,玻纤布/电子布（玻璃代理）,PCB/玻纤布,1070.4,元/吨,玻璃/玻纤价格代理,derived_from,FG,2026-03-06,,998.0,1087.0,0.015508221225709828,电子级玻纤布公开日价稀疏，先用玻璃/玻纤替代指标预警。
2026-03-09,fiberglass_cloth_proxy,玻纤布/电子布（玻璃代理）,PCB/玻纤布,1078.4,元/吨,玻璃/玻纤价格代理,derived_from,FG,2026-03-09,,1004.0,1104.0,0.023738872403560762,电子级玻纤布公开日价稀疏，先用玻璃/玻纤替代指标预警。
2026-03-10,fiberglass_cloth_proxy,玻纤布/电子布（玻璃代理）,PCB/玻纤布,1078.4,元/吨,玻璃/玻纤价格代理,derived_from,FG,2026-03-10,,970.0,1076.0,-0.002225519287833877,电子级玻纤布公开日价稀疏，先用玻璃/玻纤替代指标预警。
2026-03-11,fiberglass_cloth_proxy,玻纤布/电子布（玻璃代理）,PCB/玻纤布,1078.4,元/吨,玻璃/玻纤价格代理,derived_from,FG,2026-03-11,,1000.0,1112.0,0.03115727002967361,电子级玻纤布公开日价稀疏，先用玻璃/玻纤替代指标预警。
2026-03-12,fiberglass_cloth_proxy,玻纤布/电子布（玻璃代理）,PCB/玻纤布,1086.4,元/吨,玻璃/玻纤价格代理,derived_from,FG,2026-03-12,,1005.0,1113.0,0.02448453608247414,电子级玻纤布公开日价稀疏，先用玻璃/玻纤替代指标预警。
2026-03-13,fiberglass_cloth_proxy,玻纤布/电子布（玻璃代理）,PCB/玻纤布,1088.0,元/吨,玻璃/玻纤价格代理,derived_from,FG,2026-03-13,,1016.0,1135.0,0.04319852941176472,电子级玻纤布公开日价稀疏，先用玻璃/玻纤替代指标预警。
2026-03-16,fiberglass_cloth_proxy,玻纤布/电子布（玻璃代理）,PCB/玻纤布,1088.0,元/吨,玻璃/玻纤价格代理,derived_from,FG,2026-03-16,,1100.0,1102.0,0.012867647058823595,电子级玻纤布公开日价稀疏，先用玻璃/玻纤替代指标预警。
2026-03-17,fiberglass_cloth_proxy,玻纤布/电子布（玻璃代理）,PCB/玻纤布,1088.0,元/吨,玻璃/玻纤价格代理,derived_from,FG,2026-03-17,,1090.0,1094.0,0.005514705882353033,电子级玻纤布公开日价稀疏，先用玻璃/玻纤替代指标预警。
2026-03-18,fiberglass_cloth_proxy,玻纤布/电子布（玻璃代理）,PCB/玻纤布,1088.0,元/吨,玻璃/玻纤价格代理,derived_from,FG,2026-03-18,,1063.0,1066.0,-0.020220588235294157,电子级玻纤布公开日价稀疏，先用玻璃/玻纤替代指标预警。
2026-03-19,fiberglass_cloth_proxy,玻纤布/电子布（玻璃代理）,PCB/玻纤布,1088.0,元/吨,玻璃/玻纤价格代理,derived_from,FG,2026-03-19,,1060.0,1065.0,-0.02113970588235292,电子级玻纤布公开日价稀疏，先用玻璃/玻纤替代指标预警。
2026-03-20,fiberglass_cloth_proxy,玻纤布/电子布（玻璃代理）,PCB/玻纤布,1088.0,元/吨,玻璃/玻纤价格代理,derived_from,FG,2026-03-20,,1046.0,1054.0,-0.03125,电子级玻纤布公开日价稀疏，先用玻璃/玻纤替代指标预警。
2026-03-23,fiberglass_cloth_proxy,玻纤布/电子布（玻璃代理）,PCB/玻纤布,1088.0,元/吨,玻璃/玻纤价格代理,derived_from,FG,2026-03-23,,1066.0,1082.0,-0.005514705882352922,电子级玻纤布公开日价稀疏，先用玻璃/玻纤替代指标预警。
2026-03-24,fiberglass_cloth_proxy,玻纤布/电子布（玻璃代理）,PCB/玻纤布,1088.0,元/吨,玻璃/玻纤价格代理,derived_from,FG,2026-03-24,,1045.0,1064.0,-0.022058823529411797,电子级玻纤布公开日价稀疏，先用玻璃/玻纤替代指标预警。
2026-03-25,fiberglass_cloth_proxy,玻纤布/电子布（玻璃代理）,PCB/玻纤布,1080.0,元/吨,玻璃/玻纤价格代理,derived_from,FG,2026-03-25,,1041.0,1057.0,-0.021296296296296258,电子级玻纤布公开日价稀疏，先用玻璃/玻纤替代指标预警。
2026-03-26,fiberglass_cloth_proxy,玻纤布/电子布（玻璃代理）,PCB/玻纤布,1080.0,元/吨,玻璃/玻纤价格代理,derived_from,FG,2026-03-26,,1025.0,1036.0,-0.040740740740740744,电子级玻纤布公开日价稀疏，先用玻璃/玻纤替代指标预警。
2026-03-27,fiberglass_cloth_proxy,玻纤布/电子布（玻璃代理）,PCB/玻纤布,1080.0,元/吨,玻璃/玻纤价格代理,derived_from,FG,2026-03-27,,1021.0,1041.0,-0.036111111111111094,电子级玻纤布公开日价稀疏，先用玻璃/玻纤替代指标预警。
2026-03-30,fiberglass_cloth_proxy,玻纤布/电子布（玻璃代理）,PCB/玻纤布,1080.0,元/吨,玻璃/玻纤价格代理,derived_from,FG,2026-03-30,,1022.0,1040.0,-0.03703703703703709,电子级玻纤布公开日价稀疏，先用玻璃/玻纤替代指标预警。
2026-03-31,fiberglass_cloth_proxy,玻纤布/电子布（玻璃代理）,PCB/玻纤布,1080.0,元/吨,玻璃/玻纤价格代理,derived_from,FG,2026-03-31,,1010.0,1019.0,-0.056481481481481466,电子级玻纤布公开日价稀疏，先用玻璃/玻纤替代指标预警。
2026-04-01,fiberglass_cloth_proxy,玻纤布/电子布（玻璃代理）,PCB/玻纤布,1080.0,元/吨,玻璃/玻纤价格代理,derived_from,FG,2026-04-01,,1037.0,999.0,-0.07499999999999996,电子级玻纤布公开日价稀疏，先用玻璃/玻纤替代指标预警。
2026-04-02,fiberglass_cloth_proxy,玻纤布/电子布（玻璃代理）,PCB/玻纤布,1080.0,元/吨,玻璃/玻纤价格代理,derived_from,FG,2026-04-02,,1011.0,1002.0,-0.07222222222222219,电子级玻纤布公开日价稀疏，先用玻璃/玻纤替代指标预警。
2026-04-03,fiberglass_cloth_proxy,玻纤布/电子布（玻璃代理）,PCB/玻纤布,1080.0,元/吨,玻璃/玻纤价格代理,derived_from,FG,2026-04-03,,1003.0,977.0,-0.09537037037037033,电子级玻纤布公开日价稀疏，先用玻璃/玻纤替代指标预警。
2026-04-07,fiberglass_cloth_proxy,玻纤布/电子布（玻璃代理）,PCB/玻纤布,1080.0,元/吨,玻璃/玻纤价格代理,derived_from,FG,2026-04-07,,1000.0,969.0,-0.10277777777777775,电子级玻纤布公开日价稀疏，先用玻璃/玻纤替代指标预警。
2026-04-08,fiberglass_cloth_proxy,玻纤布/电子布（玻璃代理）,PCB/玻纤布,1080.0,元/吨,玻璃/玻纤价格代理,derived_from,FG,2026-04-08,,1000.0,978.0,-0.09444444444444444,电子级玻纤布公开日价稀疏，先用玻璃/玻纤替代指标预警。
2026-04-09,fiberglass_cloth_proxy,玻纤布/电子布（玻璃代理）,PCB/玻纤布,1080.0,元/吨,玻璃/玻纤价格代理,derived_from,FG,2026-04-09,,1000.0,970.0,-0.10185185185185186,电子级玻纤布公开日价稀疏，先用玻璃/玻纤替代指标预警。
2026-04-10,fiberglass_cloth_proxy,玻纤布/电子布（玻璃代理）,PCB/玻纤布,1080.0,元/吨,玻璃/玻纤价格代理,derived_from,FG,2026-04-10,,1000.0,963.0,-0.10833333333333328,电子级玻纤布公开日价稀疏，先用玻璃/玻纤替代指标预警。
2026-04-13,fiberglass_cloth_proxy,玻纤布/电子布（玻璃代理）,PCB/玻纤布,1080.0,元/吨,玻璃/玻纤价格代理,derived_from,FG,2026-04-13,,1000.0,957.0,-0.11388888888888893,电子级玻纤布公开日价稀疏，先用玻璃/玻纤替代指标预警。
2026-04-14,fiberglass_cloth_proxy,玻纤布/电子布（玻璃代理）,PCB/玻纤布,1080.0,元/吨,玻璃/玻纤价格代理,derived_from,FG,2026-04-14,,1000.0,963.0,-0.10833333333333328,电子级玻纤布公开日价稀疏，先用玻璃/玻纤替代指标预警。
2026-04-15,fiberglass_cloth_proxy,玻纤布/电子布（玻璃代理）,PCB/玻纤布,1064.0,元/吨,玻璃/玻纤价格代理,derived_from,FG,2026-04-15,,1050.0,1072.0,0.007518796992481258,电子级玻纤布公开日价稀疏，先用玻璃/玻纤替代指标预警。
2026-04-16,fiberglass_cloth_proxy,玻纤布/电子布（玻璃代理）,PCB/玻纤布,1064.0,元/吨,玻璃/玻纤价格代理,derived_from,FG,2026-04-16,,956.0,1062.0,-0.001879699248120259,电子级玻纤布公开日价稀疏，先用玻璃/玻纤替代指标预警。
2026-04-17,fiberglass_cloth_proxy,玻纤布/电子布（玻璃代理）,PCB/玻纤布,1064.0,元/吨,玻璃/玻纤价格代理,derived_from,FG,2026-04-17,,969.0,1078.0,0.013157894736842035,电子级玻纤布公开日价稀疏，先用玻璃/玻纤替代指标预警。
2026-04-20,fiberglass_cloth_proxy,玻纤布/电子布（玻璃代理）,PCB/玻纤布,1064.0,元/吨,玻璃/玻纤价格代理,derived_from,FG,2026-04-20,,965.0,1091.0,0.025375939849624052,电子级玻纤布公开日价稀疏，先用玻璃/玻纤替代指标预警。
2026-04-21,fiberglass_cloth_proxy,玻纤布/电子布（玻璃代理）,PCB/玻纤布,1054.4,元/吨,玻璃/玻纤价格代理,derived_from,FG,2026-04-21,,957.0,1077.0,0.02143399089529585,电子级玻纤布公开日价稀疏，先用玻璃/玻纤替代指标预警。
2026-04-22,fiberglass_cloth_proxy,玻纤布/电子布（玻璃代理）,PCB/玻纤布,1052.0,元/吨,玻璃/玻纤价格代理,derived_from,FG,2026-04-22,,957.0,1088.0,0.034220532319391594,电子级玻纤布公开日价稀疏，先用玻璃/玻纤替代指标预警。
2026-04-23,fiberglass_cloth_proxy,玻纤布/电子布（玻璃代理）,PCB/玻纤布,1052.0,元/吨,玻璃/玻纤价格代理,derived_from,FG,2026-04-23,,949.0,1084.0,0.03041825095057038,电子级玻纤布公开日价稀疏，先用玻璃/玻纤替代指标预警。
2026-04-24,fiberglass_cloth_proxy,玻纤布/电子布（玻璃代理）,PCB/玻纤布,1052.0,元/吨,玻璃/玻纤价格代理,derived_from,FG,2026-04-24,,941.0,1079.0,0.025665399239543696,电子级玻纤布公开日价稀疏，先用玻璃/玻纤替代指标预警。
2026-04-27,fiberglass_cloth_proxy,玻纤布/电子布（玻璃代理）,PCB/玻纤布,1052.0,元/吨,玻璃/玻纤价格代理,derived_from,FG,2026-04-27,,938.0,1073.0,0.019961977186311763,电子级玻纤布公开日价稀疏，先用玻璃/玻纤替代指标预警。
2026-04-28,fiberglass_cloth_proxy,玻纤布/电子布（玻璃代理）,PCB/玻纤布,1052.0,元/吨,玻璃/玻纤价格代理,derived_from,FG,2026-04-28,,928.0,1042.0,-0.009505703422053258,电子级玻纤布公开日价稀疏，先用玻璃/玻纤替代指标预警。
2026-04-29,fiberglass_cloth_proxy,玻纤布/电子布（玻璃代理）,PCB/玻纤布,1052.0,元/吨,玻璃/玻纤价格代理,derived_from,FG,2026-04-29,,926.0,1036.0,-0.01520912547528519,电子级玻纤布公开日价稀疏，先用玻璃/玻纤替代指标预警。
2026-04-30,fiberglass_cloth_proxy,玻纤布/电子布（玻璃代理）,PCB/玻纤布,1052.0,元/吨,玻璃/玻纤价格代理,derived_from,FG,2026-04-30,,916.0,1057.0,0.004752851711026684,电子级玻纤布公开日价稀疏，先用玻璃/玻纤替代指标预警。
2026-05-06,fiberglass_cloth_proxy,玻纤布/电子布（玻璃代理）,PCB/玻纤布,1054.4,元/吨,玻璃/玻纤价格代理,derived_from,FG,2026-05-06,,930.0,1067.0,0.011949924127465872,电子级玻纤布公开日价稀疏，先用玻璃/玻纤替代指标预警。
2026-05-07,fiberglass_cloth_proxy,玻纤布/电子布（玻璃代理）,PCB/玻纤布,1054.4,元/吨,玻璃/玻纤价格代理,derived_from,FG,2026-05-07,,941.0,1078.0,0.022382397572078716,电子级玻纤布公开日价稀疏，先用玻璃/玻纤替代指标预警。
2026-05-08,fiberglass_cloth_proxy,玻纤布/电子布（玻璃代理）,PCB/玻纤布,1056.0,元/吨,玻璃/玻纤价格代理,derived_from,FG,2026-05-08,,930.0,1055.0,-0.0009469696969697239,电子级玻纤布公开日价稀疏，先用玻璃/玻纤替代指标预警。
2026-05-11,fiberglass_cloth_proxy,玻纤布/电子布（玻璃代理）,PCB/玻纤布,1052.0,元/吨,玻璃/玻纤价格代理,derived_from,FG,2026-05-11,,922.0,1070.0,0.017110266159695797,电子级玻纤布公开日价稀疏，先用玻璃/玻纤替代指标预警。
2026-05-12,fiberglass_cloth_proxy,玻纤布/电子布（玻璃代理）,PCB/玻纤布,1056.0,元/吨,玻璃/玻纤价格代理,derived_from,FG,2026-05-12,,921.0,1056.0,0.0,电子级玻纤布公开日价稀疏，先用玻璃/玻纤替代指标预警。
2026-05-13,fiberglass_cloth_proxy,玻纤布/电子布（玻璃代理）,PCB/玻纤布,1056.0,元/吨,玻璃/玻纤价格代理,derived_from,FG,2026-05-13,,921.0,1066.0,0.009469696969697017,电子级玻纤布公开日价稀疏，先用玻璃/玻纤替代指标预警。
2026-05-14,fiberglass_cloth_proxy,玻纤布/电子布（玻璃代理）,PCB/玻纤布,1052.0,元/吨,玻璃/玻纤价格代理,derived_from,FG,2026-05-14,,918.0,1051.0,-0.0009505703422053591,电子级玻纤布公开日价稀疏，先用玻璃/玻纤替代指标预警。
2026-05-15,fiberglass_cloth_proxy,玻纤布/电子布（玻璃代理）,PCB/玻纤布,1052.0,元/吨,玻璃/玻纤价格代理,derived_from,FG,2026-05-15,,901.0,1037.0,-0.014258555133079831,电子级玻纤布公开日价稀疏，先用玻璃/玻纤替代指标预警。
2026-05-18,fiberglass_cloth_proxy,玻纤布/电子布（玻璃代理）,PCB/玻纤布,1052.0,元/吨,玻璃/玻纤价格代理,derived_from,FG,2026-05-18,,885.0,1038.0,-0.013307984790874472,电子级玻纤布公开日价稀疏，先用玻璃/玻纤替代指标预警。
2026-05-19,fiberglass_cloth_proxy,玻纤布/电子布（玻璃代理）,PCB/玻纤布,1052.0,元/吨,玻璃/玻纤价格代理,derived_from,FG,2026-05-19,,888.0,1021.0,-0.02946768060836502,电子级玻纤布公开日价稀疏，先用玻璃/玻纤替代指标预警。
2026-05-20,fiberglass_cloth_proxy,玻纤布/电子布（玻璃代理）,PCB/玻纤布,1052.0,元/吨,玻璃/玻纤价格代理,derived_from,FG,2026-05-20,,945.0,1013.0,-0.03707224334600756,电子级玻纤布公开日价稀疏，先用玻璃/玻纤替代指标预警。
2026-05-21,fiberglass_cloth_proxy,玻纤布/电子布（玻璃代理）,PCB/玻纤布,1052.0,元/吨,玻璃/玻纤价格代理,derived_from,FG,2026-05-21,,954.0,1028.0,-0.02281368821292773,电子级玻纤布公开日价稀疏，先用玻璃/玻纤替代指标预警。
2026-05-22,fiberglass_cloth_proxy,玻纤布/电子布（玻璃代理）,PCB/玻纤布,1052.0,元/吨,玻璃/玻纤价格代理,derived_from,FG,2026-05-22,,948.0,1020.0,-0.03041825095057038,电子级玻纤布公开日价稀疏，先用玻璃/玻纤替代指标预警。
2026-05-25,fiberglass_cloth_proxy,玻纤布/电子布（玻璃代理）,PCB/玻纤布,1060.0,元/吨,玻璃/玻纤价格代理,derived_from,FG,2026-05-25,,972.0,1044.0,-0.015094339622641506,电子级玻纤布公开日价稀疏，先用玻璃/玻纤替代指标预警。
2026-05-26,fiberglass_cloth_proxy,玻纤布/电子布（玻璃代理）,PCB/玻纤布,1060.0,元/吨,玻璃/玻纤价格代理,derived_from,FG,2026-05-26,,958.0,1023.0,-0.03490566037735854,电子级玻纤布公开日价稀疏，先用玻璃/玻纤替代指标预警。
2026-05-27,fiberglass_cloth_proxy,玻纤布/电子布（玻璃代理）,PCB/玻纤布,1060.0,元/吨,玻璃/玻纤价格代理,derived_from,FG,2026-05-27,,962.0,1037.0,-0.02169811320754722,电子级玻纤布公开日价稀疏，先用玻璃/玻纤替代指标预警。
2026-05-28,fiberglass_cloth_proxy,玻纤布/电子布（玻璃代理）,PCB/玻纤布,1060.0,元/吨,玻璃/玻纤价格代理,derived_from,FG,2026-05-28,,961.0,1038.0,-0.02075471698113207,电子级玻纤布公开日价稀疏，先用玻璃/玻纤替代指标预警。
2026-05-29,fiberglass_cloth_proxy,玻纤布/电子布（玻璃代理）,PCB/玻纤布,1060.0,元/吨,玻璃/玻纤价格代理,derived_from,FG,2026-05-29,,956.0,1057.0,-0.002830188679245338,电子级玻纤布公开日价稀疏，先用玻璃/玻纤替代指标预警。
2026-06-01,fiberglass_cloth_proxy,玻纤布/电子布（玻璃代理）,PCB/玻纤布,1060.0,元/吨,玻璃/玻纤价格代理,derived_from,FG,2026-06-01,,965.0,1056.0,-0.0037735849056603765,电子级玻纤布公开日价稀疏，先用玻璃/玻纤替代指标预警。
2026-06-02,fiberglass_cloth_proxy,玻纤布/电子布（玻璃代理）,PCB/玻纤布,1060.0,元/吨,玻璃/玻纤价格代理,derived_from,FG,2026-06-02,,956.0,1043.0,-0.016037735849056656,电子级玻纤布公开日价稀疏，先用玻璃/玻纤替代指标预警。
2026-06-03,fiberglass_cloth_proxy,玻纤布/电子布（玻璃代理）,PCB/玻纤布,1060.0,元/吨,玻璃/玻纤价格代理,derived_from,FG,2026-06-03,,942.0,1049.0,-0.010377358490566091,电子级玻纤布公开日价稀疏，先用玻璃/玻纤替代指标预警。
2026-06-04,fiberglass_cloth_proxy,玻纤布/电子布（玻璃代理）,PCB/玻纤布,1060.0,元/吨,玻璃/玻纤价格代理,derived_from,FG,2026-06-04,,939.0,1031.0,-0.027358490566037785,电子级玻纤布公开日价稀疏，先用玻璃/玻纤替代指标预警。
2026-06-05,fiberglass_cloth_proxy,玻纤布/电子布（玻璃代理）,PCB/玻纤布,1050.4,元/吨,玻璃/玻纤价格代理,derived_from,FG,2026-06-05,,930.0,1010.0,-0.03846153846153855,电子级玻纤布公开日价稀疏，先用玻璃/玻纤替代指标预警。
2026-06-08,fiberglass_cloth_proxy,玻纤布/电子布（玻璃代理）,PCB/玻纤布,1050.4,元/吨,玻璃/玻纤价格代理,derived_from,FG,2026-06-08,,925.0,1004.0,-0.04417364813404423,电子级玻纤布公开日价稀疏，先用玻璃/玻纤替代指标预警。
2026-06-09,fiberglass_cloth_proxy,玻纤布/电子布（玻璃代理）,PCB/玻纤布,1036.0,元/吨,玻璃/玻纤价格代理,derived_from,FG,2026-06-09,,925.0,995.0,-0.03957528957528955,电子级玻纤布公开日价稀疏，先用玻璃/玻纤替代指标预警。
2026-06-10,fiberglass_cloth_proxy,玻纤布/电子布（玻璃代理）,PCB/玻纤布,1028.0,元/吨,玻璃/玻纤价格代理,derived_from,FG,2026-06-10,,920.0,989.0,-0.037937743190661455,电子级玻纤布公开日价稀疏，先用玻璃/玻纤替代指标预警。
2026-06-11,fiberglass_cloth_proxy,玻纤布/电子布（玻璃代理）,PCB/玻纤布,1028.0,元/吨,玻璃/玻纤价格代理,derived_from,FG,2026-06-11,,921.0,991.0,-0.03599221789883267,电子级玻纤布公开日价稀疏，先用玻璃/玻纤替代指标预警。
2026-06-12,fiberglass_cloth_proxy,玻纤布/电子布（玻璃代理）,PCB/玻纤布,1028.0,元/吨,玻璃/玻纤价格代理,derived_from,FG,2026-06-12,,925.0,987.0,-0.03988326848249024,电子级玻纤布公开日价稀疏，先用玻璃/玻纤替代指标预警。
2025-12-15,glass_proxy,玻璃/玻纤替代指标,PCB/玻纤上游,1072.0,元/吨,AKShare/生意社现货与期货,akshare_basis,FG,2025-12-15,,950.0,1039.0,-0.03078358208955223,
2025-12-16,glass_proxy,玻璃/玻纤替代指标,PCB/玻纤上游,1072.0,元/吨,AKShare/生意社现货与期货,akshare_basis,FG,2025-12-16,,946.0,1038.0,-0.03171641791044777,
2025-12-17,glass_proxy,玻璃/玻纤替代指标,PCB/玻纤上游,1072.0,元/吨,AKShare/生意社现货与期货,akshare_basis,FG,2025-12-17,,944.0,1038.0,-0.03171641791044777,
2025-12-18,glass_proxy,玻璃/玻纤替代指标,PCB/玻纤上游,1068.0,元/吨,AKShare/生意社现货与期货,akshare_basis,FG,2025-12-18,,953.0,1062.0,-0.005617977528089901,
2025-12-19,glass_proxy,玻璃/玻纤替代指标,PCB/玻纤上游,1068.0,元/吨,AKShare/生意社现货与期货,akshare_basis,FG,2025-12-19,,941.0,1041.0,-0.0252808988764045,
2025-12-22,glass_proxy,玻璃/玻纤替代指标,PCB/玻纤上游,1068.0,元/吨,AKShare/生意社现货与期货,akshare_basis,FG,2025-12-22,,931.0,1031.0,-0.034644194756554336,
2025-12-23,glass_proxy,玻璃/玻纤替代指标,PCB/玻纤上游,1060.0,元/吨,AKShare/生意社现货与期货,akshare_basis,FG,2025-12-23,,938.0,1028.0,-0.030188679245283012,
2025-12-24,glass_proxy,玻璃/玻纤替代指标,PCB/玻纤上游,1042.3999999999999,元/吨,AKShare/生意社现货与期货,akshare_basis,FG,2025-12-24,,941.0,1048.0,0.005372217958557357,
2025-12-25,glass_proxy,玻璃/玻纤替代指标,PCB/玻纤上游,1034.4,元/吨,AKShare/生意社现货与期货,akshare_basis,FG,2025-12-25,,932.0,1047.0,0.012180974477958184,
2025-12-26,glass_proxy,玻璃/玻纤替代指标,PCB/玻纤上游,1034.4,元/吨,AKShare/生意社现货与期货,akshare_basis,FG,2025-12-26,,936.0,1057.0,0.021848414539829664,
2025-12-29,glass_proxy,玻璃/玻纤替代指标,PCB/玻纤上游,1022.4,元/吨,AKShare/生意社现货与期货,akshare_basis,FG,2025-12-29,,926.0,1051.0,0.027973395931142342,
2025-12-30,glass_proxy,玻璃/玻纤替代指标,PCB/玻纤上游,1022.4,元/吨,AKShare/生意社现货与期货,akshare_basis,FG,2025-12-30,,950.0,1087.0,0.06318466353677632,
2025-12-31,glass_proxy,玻璃/玻纤替代指标,PCB/玻纤上游,1020.0,元/吨,AKShare/生意社现货与期货,akshare_basis,FG,2025-12-31,,949.0,1087.0,0.06568627450980391,
2026-01-05,glass_proxy,玻璃/玻纤替代指标,PCB/玻纤上游,1020.0,元/吨,AKShare/生意社现货与期货,akshare_basis,FG,2026-01-05,,948.0,1081.0,0.05980392156862746,
2026-01-06,glass_proxy,玻璃/玻纤替代指标,PCB/玻纤上游,1020.0,元/吨,AKShare/生意社现货与期货,akshare_basis,FG,2026-01-06,,956.0,1092.0,0.07058823529411762,
2026-01-07,glass_proxy,玻璃/玻纤替代指标,PCB/玻纤上游,1024.0,元/吨,AKShare/生意社现货与期货,akshare_basis,FG,2026-01-07,,1016.0,1148.0,0.12109375,
2026-01-08,glass_proxy,玻璃/玻纤替代指标,PCB/玻纤上游,1026.4,元/吨,AKShare/生意社现货与期货,akshare_basis,FG,2026-01-08,,1013.0,1163.0,0.133086515978176,
2026-01-09,glass_proxy,玻璃/玻纤替代指标,PCB/玻纤上游,1028.0,元/吨,AKShare/生意社现货与期货,akshare_basis,FG,2026-01-09,,1010.0,1144.0,0.11284046692607008,
2026-01-12,glass_proxy,玻璃/玻纤替代指标,PCB/玻纤上游,1030.4,元/吨,AKShare/生意社现货与期货,akshare_basis,FG,2026-01-12,,1001.0,1143.0,0.10927795031055898,
2026-01-13,glass_proxy,玻璃/玻纤替代指标,PCB/玻纤上游,1030.4,元/吨,AKShare/生意社现货与期货,akshare_basis,FG,2026-01-13,,978.0,1096.0,0.0636645962732918,
2026-01-14,glass_proxy,玻璃/玻纤替代指标,PCB/玻纤上游,1030.4,元/吨,AKShare/生意社现货与期货,akshare_basis,FG,2026-01-14,,940.0,1096.0,0.0636645962732918,
2026-01-15,glass_proxy,玻璃/玻纤替代指标,PCB/玻纤上游,1030.4,元/吨,AKShare/生意社现货与期货,akshare_basis,FG,2026-01-15,,941.0,1086.0,0.05395962732919246,
2026-01-16,glass_proxy,玻璃/玻纤替代指标,PCB/玻纤上游,1030.4,元/吨,AKShare/生意社现货与期货,akshare_basis,FG,2026-01-16,,943.0,1103.0,0.07045807453416142,
2026-01-19,glass_proxy,玻璃/玻纤替代指标,PCB/玻纤上游,1028.0,元/吨,AKShare/生意社现货与期货,akshare_basis,FG,2026-01-19,,981.0,1070.0,0.040856031128404746,
2026-01-20,glass_proxy,玻璃/玻纤替代指标,PCB/玻纤上游,1028.0,元/吨,AKShare/生意社现货与期货,akshare_basis,FG,2026-01-20,,963.0,1056.0,0.027237354085603016,
2026-01-21,glass_proxy,玻璃/玻纤替代指标,PCB/玻纤上游,1028.0,元/吨,AKShare/生意社现货与期货,akshare_basis,FG,2026-01-21,,947.0,1039.0,0.010700389105058328,
2026-01-22,glass_proxy,玻璃/玻纤替代指标,PCB/玻纤上游,1028.0,元/吨,AKShare/生意社现货与期货,akshare_basis,FG,2026-01-22,,963.0,1057.0,0.02821011673151741,
2026-01-23,glass_proxy,玻璃/玻纤替代指标,PCB/玻纤上游,1028.0,元/吨,AKShare/生意社现货与期货,akshare_basis,FG,2026-01-23,,973.0,1064.0,0.035019455252918386,
2026-01-26,glass_proxy,玻璃/玻纤替代指标,PCB/玻纤上游,1044.0,元/吨,AKShare/生意社现货与期货,akshare_basis,FG,2026-01-26,,992.0,1087.0,0.04118773946360155,
2026-01-27,glass_proxy,玻璃/玻纤替代指标,PCB/玻纤上游,1044.0,元/吨,AKShare/生意社现货与期货,akshare_basis,FG,2026-01-27,,969.0,1066.0,0.021072796934865856,
2026-01-28,glass_proxy,玻璃/玻纤替代指标,PCB/玻纤上游,1044.0,元/吨,AKShare/生意社现货与期货,akshare_basis,FG,2026-01-28,,973.0,1067.0,0.022030651340996243,
2026-01-29,glass_proxy,玻璃/玻纤替代指标,PCB/玻纤上游,1048.0,元/吨,AKShare/生意社现货与期货,akshare_basis,FG,2026-01-29,,989.0,1087.0,0.03721374045801529,
2026-01-30,glass_proxy,玻璃/玻纤替代指标,PCB/玻纤上游,1048.0,元/吨,AKShare/生意社现货与期货,akshare_basis,FG,2026-01-30,,955.0,1056.0,0.007633587786259444,
2026-02-02,glass_proxy,玻璃/玻纤替代指标,PCB/玻纤上游,1056.0,元/吨,AKShare/生意社现货与期货,akshare_basis,FG,2026-02-02,,968.0,1056.0,0.0,
2026-02-03,glass_proxy,玻璃/玻纤替代指标,PCB/玻纤上游,1058.4,元/吨,AKShare/生意社现货与期货,akshare_basis,FG,2026-02-03,,974.0,1072.0,0.012849584278155524,
2026-02-04,glass_proxy,玻璃/玻纤替代指标,PCB/玻纤上游,1058.4,元/吨,AKShare/生意社现货与期货,akshare_basis,FG,2026-02-04,,1007.0,1109.0,0.047808012093726315,
2026-02-05,glass_proxy,玻璃/玻纤替代指标,PCB/玻纤上游,1060.0,元/吨,AKShare/生意社现货与期货,akshare_basis,FG,2026-02-05,,993.0,1088.0,0.026415094339622636,
2026-02-06,glass_proxy,玻璃/玻纤替代指标,PCB/玻纤上游,1060.0,元/吨,AKShare/生意社现货与期货,akshare_basis,FG,2026-02-06,,984.0,1072.0,0.01132075471698113,
2026-02-09,glass_proxy,玻璃/玻纤替代指标,PCB/玻纤上游,1060.0,元/吨,AKShare/生意社现货与期货,akshare_basis,FG,2026-02-09,,987.0,1078.0,0.016981132075471805,
2026-02-10,glass_proxy,玻璃/玻纤替代指标,PCB/玻纤上游,1060.0,元/吨,AKShare/生意社现货与期货,akshare_basis,FG,2026-02-10,,981.0,1070.0,0.009433962264151052,
2026-02-11,glass_proxy,玻璃/玻纤替代指标,PCB/玻纤上游,1060.0,元/吨,AKShare/生意社现货与期货,akshare_basis,FG,2026-02-11,,986.0,1071.0,0.01037735849056598,
2026-02-12,glass_proxy,玻璃/玻纤替代指标,PCB/玻纤上游,1060.0,元/吨,AKShare/生意社现货与期货,akshare_basis,FG,2026-02-12,,972.0,1065.0,0.004716981132075526,
2026-02-13,glass_proxy,玻璃/玻纤替代指标,PCB/玻纤上游,1060.0,元/吨,AKShare/生意社现货与期货,akshare_basis,FG,2026-02-13,,959.0,1041.0,-0.017924528301886844,
2026-02-24,glass_proxy,玻璃/玻纤替代指标,PCB/玻纤上游,1060.0,元/吨,AKShare/生意社现货与期货,akshare_basis,FG,2026-02-24,,973.0,1050.0,-0.009433962264150941,
2026-02-25,glass_proxy,玻璃/玻纤替代指标,PCB/玻纤上游,1062.3999999999999,元/吨,AKShare/生意社现货与期货,akshare_basis,FG,2026-02-25,,984.0,1064.0,0.001506024096385561,
2026-02-26,glass_proxy,玻璃/玻纤替代指标,PCB/玻纤上游,1070.4,元/吨,AKShare/生意社现货与期货,akshare_basis,FG,2026-02-26,,981.0,1058.0,-0.01158445440956657,
2026-02-27,glass_proxy,玻璃/玻纤替代指标,PCB/玻纤上游,1070.4,元/吨,AKShare/生意社现货与期货,akshare_basis,FG,2026-02-27,,987.0,1062.0,-0.007847533632287074,
2026-03-02,glass_proxy,玻璃/玻纤替代指标,PCB/玻纤上游,1070.4,元/吨,AKShare/生意社现货与期货,akshare_basis,FG,2026-03-02,,975.0,1043.0,-0.025597907324364844,
2026-03-03,glass_proxy,玻璃/玻纤替代指标,PCB/玻纤上游,1070.4,元/吨,AKShare/生意社现货与期货,akshare_basis,FG,2026-03-03,,971.0,1054.0,-0.015321375186846176,
2026-03-04,glass_proxy,玻璃/玻纤替代指标,PCB/玻纤上游,1070.4,元/吨,AKShare/生意社现货与期货,akshare_basis,FG,2026-03-04,,961.0,1038.0,-0.030269058295964157,
2026-03-05,glass_proxy,玻璃/玻纤替代指标,PCB/玻纤上游,1070.4,元/吨,AKShare/生意社现货与期货,akshare_basis,FG,2026-03-05,,972.0,1055.0,-0.014387144992526246,
2026-03-06,glass_proxy,玻璃/玻纤替代指标,PCB/玻纤上游,1070.4,元/吨,AKShare/生意社现货与期货,akshare_basis,FG,2026-03-06,,998.0,1087.0,0.015508221225709828,
2026-03-09,glass_proxy,玻璃/玻纤替代指标,PCB/玻纤上游,1078.4,元/吨,AKShare/生意社现货与期货,akshare_basis,FG,2026-03-09,,1004.0,1104.0,0.023738872403560762,
2026-03-10,glass_proxy,玻璃/玻纤替代指标,PCB/玻纤上游,1078.4,元/吨,AKShare/生意社现货与期货,akshare_basis,FG,2026-03-10,,970.0,1076.0,-0.002225519287833877,
2026-03-11,glass_proxy,玻璃/玻纤替代指标,PCB/玻纤上游,1078.4,元/吨,AKShare/生意社现货与期货,akshare_basis,FG,2026-03-11,,1000.0,1112.0,0.03115727002967361,
2026-03-12,glass_proxy,玻璃/玻纤替代指标,PCB/玻纤上游,1086.4,元/吨,AKShare/生意社现货与期货,akshare_basis,FG,2026-03-12,,1005.0,1113.0,0.02448453608247414,
2026-03-13,glass_proxy,玻璃/玻纤替代指标,PCB/玻纤上游,1088.0,元/吨,AKShare/生意社现货与期货,akshare_basis,FG,2026-03-13,,1016.0,1135.0,0.04319852941176472,
2026-03-16,glass_proxy,玻璃/玻纤替代指标,PCB/玻纤上游,1088.0,元/吨,AKShare/生意社现货与期货,akshare_basis,FG,2026-03-16,,1100.0,1102.0,0.012867647058823595,
2026-03-17,glass_proxy,玻璃/玻纤替代指标,PCB/玻纤上游,1088.0,元/吨,AKShare/生意社现货与期货,akshare_basis,FG,2026-03-17,,1090.0,1094.0,0.005514705882353033,
2026-03-18,glass_proxy,玻璃/玻纤替代指标,PCB/玻纤上游,1088.0,元/吨,AKShare/生意社现货与期货,akshare_basis,FG,2026-03-18,,1063.0,1066.0,-0.020220588235294157,
2026-03-19,glass_proxy,玻璃/玻纤替代指标,PCB/玻纤上游,1088.0,元/吨,AKShare/生意社现货与期货,akshare_basis,FG,2026-03-19,,1060.0,1065.0,-0.02113970588235292,
2026-03-20,glass_proxy,玻璃/玻纤替代指标,PCB/玻纤上游,1088.0,元/吨,AKShare/生意社现货与期货,akshare_basis,FG,2026-03-20,,1046.0,1054.0,-0.03125,
2026-03-23,glass_proxy,玻璃/玻纤替代指标,PCB/玻纤上游,1088.0,元/吨,AKShare/生意社现货与期货,akshare_basis,FG,2026-03-23,,1066.0,1082.0,-0.005514705882352922,
2026-03-24,glass_proxy,玻璃/玻纤替代指标,PCB/玻纤上游,1088.0,元/吨,AKShare/生意社现货与期货,akshare_basis,FG,2026-03-24,,1045.0,1064.0,-0.022058823529411797,
2026-03-25,glass_proxy,玻璃/玻纤替代指标,PCB/玻纤上游,1080.0,元/吨,AKShare/生意社现货与期货,akshare_basis,FG,2026-03-25,,1041.0,1057.0,-0.021296296296296258,
2026-03-26,glass_proxy,玻璃/玻纤替代指标,PCB/玻纤上游,1080.0,元/吨,AKShare/生意社现货与期货,akshare_basis,FG,2026-03-26,,1025.0,1036.0,-0.040740740740740744,
2026-03-27,glass_proxy,玻璃/玻纤替代指标,PCB/玻纤上游,1080.0,元/吨,AKShare/生意社现货与期货,akshare_basis,FG,2026-03-27,,1021.0,1041.0,-0.036111111111111094,
2026-03-30,glass_proxy,玻璃/玻纤替代指标,PCB/玻纤上游,1080.0,元/吨,AKShare/生意社现货与期货,akshare_basis,FG,2026-03-30,,1022.0,1040.0,-0.03703703703703709,
2026-03-31,glass_proxy,玻璃/玻纤替代指标,PCB/玻纤上游,1080.0,元/吨,AKShare/生意社现货与期货,akshare_basis,FG,2026-03-31,,1010.0,1019.0,-0.056481481481481466,
2026-04-01,glass_proxy,玻璃/玻纤替代指标,PCB/玻纤上游,1080.0,元/吨,AKShare/生意社现货与期货,akshare_basis,FG,2026-04-01,,1037.0,999.0,-0.07499999999999996,
2026-04-02,glass_proxy,玻璃/玻纤替代指标,PCB/玻纤上游,1080.0,元/吨,AKShare/生意社现货与期货,akshare_basis,FG,2026-04-02,,1011.0,1002.0,-0.07222222222222219,
2026-04-03,glass_proxy,玻璃/玻纤替代指标,PCB/玻纤上游,1080.0,元/吨,AKShare/生意社现货与期货,akshare_basis,FG,2026-04-03,,1003.0,977.0,-0.09537037037037033,
2026-04-07,glass_proxy,玻璃/玻纤替代指标,PCB/玻纤上游,1080.0,元/吨,AKShare/生意社现货与期货,akshare_basis,FG,2026-04-07,,1000.0,969.0,-0.10277777777777775,
2026-04-08,glass_proxy,玻璃/玻纤替代指标,PCB/玻纤上游,1080.0,元/吨,AKShare/生意社现货与期货,akshare_basis,FG,2026-04-08,,1000.0,978.0,-0.09444444444444444,
2026-04-09,glass_proxy,玻璃/玻纤替代指标,PCB/玻纤上游,1080.0,元/吨,AKShare/生意社现货与期货,akshare_basis,FG,2026-04-09,,1000.0,970.0,-0.10185185185185186,
2026-04-10,glass_proxy,玻璃/玻纤替代指标,PCB/玻纤上游,1080.0,元/吨,AKShare/生意社现货与期货,akshare_basis,FG,2026-04-10,,1000.0,963.0,-0.10833333333333328,
2026-04-13,glass_proxy,玻璃/玻纤替代指标,PCB/玻纤上游,1080.0,元/吨,AKShare/生意社现货与期货,akshare_basis,FG,2026-04-13,,1000.0,957.0,-0.11388888888888893,
2026-04-14,glass_proxy,玻璃/玻纤替代指标,PCB/玻纤上游,1080.0,元/吨,AKShare/生意社现货与期货,akshare_basis,FG,2026-04-14,,1000.0,963.0,-0.10833333333333328,
2026-04-15,glass_proxy,玻璃/玻纤替代指标,PCB/玻纤上游,1064.0,元/吨,AKShare/生意社现货与期货,akshare_basis,FG,2026-04-15,,1050.0,1072.0,0.007518796992481258,
2026-04-16,glass_proxy,玻璃/玻纤替代指标,PCB/玻纤上游,1064.0,元/吨,AKShare/生意社现货与期货,akshare_basis,FG,2026-04-16,,956.0,1062.0,-0.001879699248120259,
2026-04-17,glass_proxy,玻璃/玻纤替代指标,PCB/玻纤上游,1064.0,元/吨,AKShare/生意社现货与期货,akshare_basis,FG,2026-04-17,,969.0,1078.0,0.013157894736842035,
2026-04-20,glass_proxy,玻璃/玻纤替代指标,PCB/玻纤上游,1064.0,元/吨,AKShare/生意社现货与期货,akshare_basis,FG,2026-04-20,,965.0,1091.0,0.025375939849624052,
2026-04-21,glass_proxy,玻璃/玻纤替代指标,PCB/玻纤上游,1054.4,元/吨,AKShare/生意社现货与期货,akshare_basis,FG,2026-04-21,,957.0,1077.0,0.02143399089529585,
2026-04-22,glass_proxy,玻璃/玻纤替代指标,PCB/玻纤上游,1052.0,元/吨,AKShare/生意社现货与期货,akshare_basis,FG,2026-04-22,,957.0,1088.0,0.034220532319391594,
2026-04-23,glass_proxy,玻璃/玻纤替代指标,PCB/玻纤上游,1052.0,元/吨,AKShare/生意社现货与期货,akshare_basis,FG,2026-04-23,,949.0,1084.0,0.03041825095057038,
2026-04-24,glass_proxy,玻璃/玻纤替代指标,PCB/玻纤上游,1052.0,元/吨,AKShare/生意社现货与期货,akshare_basis,FG,2026-04-24,,941.0,1079.0,0.025665399239543696,
2026-04-27,glass_proxy,玻璃/玻纤替代指标,PCB/玻纤上游,1052.0,元/吨,AKShare/生意社现货与期货,akshare_basis,FG,2026-04-27,,938.0,1073.0,0.019961977186311763,
2026-04-28,glass_proxy,玻璃/玻纤替代指标,PCB/玻纤上游,1052.0,元/吨,AKShare/生意社现货与期货,akshare_basis,FG,2026-04-28,,928.0,1042.0,-0.009505703422053258,
2026-04-29,glass_proxy,玻璃/玻纤替代指标,PCB/玻纤上游,1052.0,元/吨,AKShare/生意社现货与期货,akshare_basis,FG,2026-04-29,,926.0,1036.0,-0.01520912547528519,
2026-04-30,glass_proxy,玻璃/玻纤替代指标,PCB/玻纤上游,1052.0,元/吨,AKShare/生意社现货与期货,akshare_basis,FG,2026-04-30,,916.0,1057.0,0.004752851711026684,
2026-05-06,glass_proxy,玻璃/玻纤替代指标,PCB/玻纤上游,1054.4,元/吨,AKShare/生意社现货与期货,akshare_basis,FG,2026-05-06,,930.0,1067.0,0.011949924127465872,
2026-05-07,glass_proxy,玻璃/玻纤替代指标,PCB/玻纤上游,1054.4,元/吨,AKShare/生意社现货与期货,akshare_basis,FG,2026-05-07,,941.0,1078.0,0.022382397572078716,
2026-05-08,glass_proxy,玻璃/玻纤替代指标,PCB/玻纤上游,1056.0,元/吨,AKShare/生意社现货与期货,akshare_basis,FG,2026-05-08,,930.0,1055.0,-0.0009469696969697239,
2026-05-11,glass_proxy,玻璃/玻纤替代指标,PCB/玻纤上游,1052.0,元/吨,AKShare/生意社现货与期货,akshare_basis,FG,2026-05-11,,922.0,1070.0,0.017110266159695797,
2026-05-12,glass_proxy,玻璃/玻纤替代指标,PCB/玻纤上游,1056.0,元/吨,AKShare/生意社现货与期货,akshare_basis,FG,2026-05-12,,921.0,1056.0,0.0,
2026-05-13,glass_proxy,玻璃/玻纤替代指标,PCB/玻纤上游,1056.0,元/吨,AKShare/生意社现货与期货,akshare_basis,FG,2026-05-13,,921.0,1066.0,0.009469696969697017,
2026-05-14,glass_proxy,玻璃/玻纤替代指标,PCB/玻纤上游,1052.0,元/吨,AKShare/生意社现货与期货,akshare_basis,FG,2026-05-14,,918.0,1051.0,-0.0009505703422053591,
2026-05-15,glass_proxy,玻璃/玻纤替代指标,PCB/玻纤上游,1052.0,元/吨,AKShare/生意社现货与期货,akshare_basis,FG,2026-05-15,,901.0,1037.0,-0.014258555133079831,
2026-05-18,glass_proxy,玻璃/玻纤替代指标,PCB/玻纤上游,1052.0,元/吨,AKShare/生意社现货与期货,akshare_basis,FG,2026-05-18,,885.0,1038.0,-0.013307984790874472,
2026-05-19,glass_proxy,玻璃/玻纤替代指标,PCB/玻纤上游,1052.0,元/吨,AKShare/生意社现货与期货,akshare_basis,FG,2026-05-19,,888.0,1021.0,-0.02946768060836502,
2026-05-20,glass_proxy,玻璃/玻纤替代指标,PCB/玻纤上游,1052.0,元/吨,AKShare/生意社现货与期货,akshare_basis,FG,2026-05-20,,945.0,1013.0,-0.03707224334600756,
2026-05-21,glass_proxy,玻璃/玻纤替代指标,PCB/玻纤上游,1052.0,元/吨,AKShare/生意社现货与期货,akshare_basis,FG,2026-05-21,,954.0,1028.0,-0.02281368821292773,
2026-05-22,glass_proxy,玻璃/玻纤替代指标,PCB/玻纤上游,1052.0,元/吨,AKShare/生意社现货与期货,akshare_basis,FG,2026-05-22,,948.0,1020.0,-0.03041825095057038,
2026-05-25,glass_proxy,玻璃/玻纤替代指标,PCB/玻纤上游,1060.0,元/吨,AKShare/生意社现货与期货,akshare_basis,FG,2026-05-25,,972.0,1044.0,-0.015094339622641506,
2026-05-26,glass_proxy,玻璃/玻纤替代指标,PCB/玻纤上游,1060.0,元/吨,AKShare/生意社现货与期货,akshare_basis,FG,2026-05-26,,958.0,1023.0,-0.03490566037735854,
2026-05-27,glass_proxy,玻璃/玻纤替代指标,PCB/玻纤上游,1060.0,元/吨,AKShare/生意社现货与期货,akshare_basis,FG,2026-05-27,,962.0,1037.0,-0.02169811320754722,
2026-05-28,glass_proxy,玻璃/玻纤替代指标,PCB/玻纤上游,1060.0,元/吨,AKShare/生意社现货与期货,akshare_basis,FG,2026-05-28,,961.0,1038.0,-0.02075471698113207,
2026-05-29,glass_proxy,玻璃/玻纤替代指标,PCB/玻纤上游,1060.0,元/吨,AKShare/生意社现货与期货,akshare_basis,FG,2026-05-29,,956.0,1057.0,-0.002830188679245338,
2026-06-01,glass_proxy,玻璃/玻纤替代指标,PCB/玻纤上游,1060.0,元/吨,AKShare/生意社现货与期货,akshare_basis,FG,2026-06-01,,965.0,1056.0,-0.0037735849056603765,
2026-06-02,glass_proxy,玻璃/玻纤替代指标,PCB/玻纤上游,1060.0,元/吨,AKShare/生意社现货与期货,akshare_basis,FG,2026-06-02,,956.0,1043.0,-0.016037735849056656,
2026-06-03,glass_proxy,玻璃/玻纤替代指标,PCB/玻纤上游,1060.0,元/吨,AKShare/生意社现货与期货,akshare_basis,FG,2026-06-03,,942.0,1049.0,-0.010377358490566091,
2026-06-04,glass_proxy,玻璃/玻纤替代指标,PCB/玻纤上游,1060.0,元/吨,AKShare/生意社现货与期货,akshare_basis,FG,2026-06-04,,939.0,1031.0,-0.027358490566037785,
2026-06-05,glass_proxy,玻璃/玻纤替代指标,PCB/玻纤上游,1050.4,元/吨,AKShare/生意社现货与期货,akshare_basis,FG,2026-06-05,,930.0,1010.0,-0.03846153846153855,
2026-06-08,glass_proxy,玻璃/玻纤替代指标,PCB/玻纤上游,1050.4,元/吨,AKShare/生意社现货与期货,akshare_basis,FG,2026-06-08,,925.0,1004.0,-0.04417364813404423,
2026-06-09,glass_proxy,玻璃/玻纤替代指标,PCB/玻纤上游,1036.0,元/吨,AKShare/生意社现货与期货,akshare_basis,FG,2026-06-09,,925.0,995.0,-0.03957528957528955,
2026-06-10,glass_proxy,玻璃/玻纤替代指标,PCB/玻纤上游,1028.0,元/吨,AKShare/生意社现货与期货,akshare_basis,FG,2026-06-10,,920.0,989.0,-0.037937743190661455,
2026-06-11,glass_proxy,玻璃/玻纤替代指标,PCB/玻纤上游,1028.0,元/吨,AKShare/生意社现货与期货,akshare_basis,FG,2026-06-11,,921.0,991.0,-0.03599221789883267,
2026-06-12,glass_proxy,玻璃/玻纤替代指标,PCB/玻纤上游,1028.0,元/吨,AKShare/生意社现货与期货,akshare_basis,FG,2026-06-12,,925.0,987.0,-0.03988326848249024,
2025-12-15,hose_pvc_proxy,充气软管/PVC（价格代理）,充气泵/软管材料,4287.0,元/吨,PVC价格代理,derived_from,V,2025-12-15,,4315.0,4583.0,0.06904595288080251,充气软管和部分护套受 PVC 与橡塑材料价格影响，日度预警先跟随 PVC。
2025-12-16,hose_pvc_proxy,充气软管/PVC（价格代理）,充气泵/软管材料,4314.0,元/吨,PVC价格代理,derived_from,V,2025-12-16,,4399.0,4669.0,0.08229021789522495,充气软管和部分护套受 PVC 与橡塑材料价格影响，日度预警先跟随 PVC。
2025-12-17,hose_pvc_proxy,充气软管/PVC（价格代理）,充气泵/软管材料,4322.0,元/吨,PVC价格代理,derived_from,V,2025-12-17,,4423.0,4680.0,0.08283202221193897,充气软管和部分护套受 PVC 与橡塑材料价格影响，日度预警先跟随 PVC。
2025-12-18,hose_pvc_proxy,充气软管/PVC（价格代理）,充气泵/软管材料,4332.0,元/吨,PVC价格代理,derived_from,V,2025-12-18,,4431.0,4708.0,0.08679593721144974,充气软管和部分护套受 PVC 与橡塑材料价格影响，日度预警先跟随 PVC。
2025-12-19,hose_pvc_proxy,充气软管/PVC（价格代理）,充气泵/软管材料,4324.0,元/吨,PVC价格代理,derived_from,V,2025-12-19,,4375.0,4652.0,0.07585568917668817,充气软管和部分护套受 PVC 与橡塑材料价格影响，日度预警先跟随 PVC。
2025-12-22,hose_pvc_proxy,充气软管/PVC（价格代理）,充气泵/软管材料,4268.0,元/吨,PVC价格代理,derived_from,V,2025-12-22,,4314.0,4591.0,0.0756794751640113,充气软管和部分护套受 PVC 与橡塑材料价格影响，日度预警先跟随 PVC。
2025-12-23,hose_pvc_proxy,充气软管/PVC（价格代理）,充气泵/软管材料,4346.0,元/吨,PVC价格代理,derived_from,V,2025-12-23,,4450.0,4738.0,0.09019788311090648,充气软管和部分护套受 PVC 与橡塑材料价格影响，日度预警先跟随 PVC。
2025-12-24,hose_pvc_proxy,充气软管/PVC（价格代理）,充气泵/软管材料,4374.0,元/吨,PVC价格代理,derived_from,V,2025-12-24,,4494.0,4781.0,0.09304983996342031,充气软管和部分护套受 PVC 与橡塑材料价格影响，日度预警先跟随 PVC。
2025-12-25,hose_pvc_proxy,充气软管/PVC（价格代理）,充气泵/软管材料,4383.0,元/吨,PVC价格代理,derived_from,V,2025-12-25,,4469.0,4757.0,0.08532968286561715,充气软管和部分护套受 PVC 与橡塑材料价格影响，日度预警先跟随 PVC。
2025-12-26,hose_pvc_proxy,充气软管/PVC（价格代理）,充气泵/软管材料,4375.0,元/吨,PVC价格代理,derived_from,V,2025-12-26,,4532.0,4832.0,0.1044571428571428,充气软管和部分护套受 PVC 与橡塑材料价格影响，日度预警先跟随 PVC。
2025-12-29,hose_pvc_proxy,充气软管/PVC（价格代理）,充气泵/软管材料,4405.0,元/吨,PVC价格代理,derived_from,V,2025-12-29,,4486.0,4777.0,0.08444948921679907,充气软管和部分护套受 PVC 与橡塑材料价格影响，日度预警先跟随 PVC。
2025-12-30,hose_pvc_proxy,充气软管/PVC（价格代理）,充气泵/软管材料,4430.0,元/吨,PVC价格代理,derived_from,V,2025-12-30,,4511.0,4810.0,0.08577878103837477,充气软管和部分护套受 PVC 与橡塑材料价格影响，日度预警先跟随 PVC。
2025-12-31,hose_pvc_proxy,充气软管/PVC（价格代理）,充气泵/软管材料,4409.0,元/吨,PVC价格代理,derived_from,V,2025-12-31,,4492.0,4805.0,0.08981628487185311,充气软管和部分护套受 PVC 与橡塑材料价格影响，日度预警先跟随 PVC。
2026-01-05,hose_pvc_proxy,充气软管/PVC（价格代理）,充气泵/软管材料,4415.0,元/吨,PVC价格代理,derived_from,V,2026-01-05,,4469.0,4764.0,0.07904869762174416,充气软管和部分护套受 PVC 与橡塑材料价格影响，日度预警先跟随 PVC。
2026-01-06,hose_pvc_proxy,充气软管/PVC（价格代理）,充气泵/软管材料,4498.0,元/吨,PVC价格代理,derived_from,V,2026-01-06,,4618.0,4919.0,0.09359715429079585,充气软管和部分护套受 PVC 与橡塑材料价格影响，日度预警先跟随 PVC。
2026-01-07,hose_pvc_proxy,充气软管/PVC（价格代理）,充气泵/软管材料,4603.0,元/吨,PVC价格代理,derived_from,V,2026-01-07,,4660.0,4972.0,0.08016510971105806,充气软管和部分护套受 PVC 与橡塑材料价格影响，日度预警先跟随 PVC。
2026-01-08,hose_pvc_proxy,充气软管/PVC（价格代理）,充气泵/软管材料,4567.0,元/吨,PVC价格代理,derived_from,V,2026-01-08,,4590.0,4905.0,0.07400919640902126,充气软管和部分护套受 PVC 与橡塑材料价格影响，日度预警先跟随 PVC。
2026-01-09,hose_pvc_proxy,充气软管/PVC（价格代理）,充气泵/软管材料,4513.0,元/吨,PVC价格代理,derived_from,V,2026-01-09,,4574.0,4897.0,0.08508752492798588,充气软管和部分护套受 PVC 与橡塑材料价格影响，日度预警先跟随 PVC。
2026-01-12,hose_pvc_proxy,充气软管/PVC（价格代理）,充气泵/软管材料,4524.0,元/吨,PVC价格代理,derived_from,V,2026-01-12,,4670.0,4940.0,0.09195402298850586,充气软管和部分护套受 PVC 与橡塑材料价格影响，日度预警先跟随 PVC。
2026-01-13,hose_pvc_proxy,充气软管/PVC（价格代理）,充气泵/软管材料,4543.0,元/吨,PVC价格代理,derived_from,V,2026-01-13,,4580.0,4888.0,0.07594100814439808,充气软管和部分护套受 PVC 与橡塑材料价格影响，日度预警先跟随 PVC。
2026-01-14,hose_pvc_proxy,充气软管/PVC（价格代理）,充气泵/软管材料,4522.0,元/吨,PVC价格代理,derived_from,V,2026-01-14,,4576.0,4878.0,0.07872622733303847,充气软管和部分护套受 PVC 与橡塑材料价格影响，日度预警先跟随 PVC。
2026-01-15,hose_pvc_proxy,充气软管/PVC（价格代理）,充气泵/软管材料,4544.0,元/吨,PVC价格代理,derived_from,V,2026-01-15,,4575.0,4868.0,0.0713028169014085,充气软管和部分护套受 PVC 与橡塑材料价格影响，日度预警先跟随 PVC。
2026-01-16,hose_pvc_proxy,充气软管/PVC（价格代理）,充气泵/软管材料,4496.0,元/吨,PVC价格代理,derived_from,V,2026-01-16,,4510.0,4803.0,0.06828291814946619,充气软管和部分护套受 PVC 与橡塑材料价格影响，日度预警先跟随 PVC。
2026-01-19,hose_pvc_proxy,充气软管/PVC（价格代理）,充气泵/软管材料,4461.0,元/吨,PVC价格代理,derived_from,V,2026-01-19,,4556.0,4801.0,0.07621609504595384,充气软管和部分护套受 PVC 与橡塑材料价格影响，日度预警先跟随 PVC。
2026-01-20,hose_pvc_proxy,充气软管/PVC（价格代理）,充气泵/软管材料,4461.0,元/吨,PVC价格代理,derived_from,V,2026-01-20,,4550.0,4807.0,0.07756108495852954,充气软管和部分护套受 PVC 与橡塑材料价格影响，日度预警先跟随 PVC。
2026-01-21,hose_pvc_proxy,充气软管/PVC（价格代理）,充气泵/软管材料,4429.0,元/吨,PVC价格代理,derived_from,V,2026-01-21,,4504.0,4743.0,0.07089636486791595,充气软管和部分护套受 PVC 与橡塑材料价格影响，日度预警先跟随 PVC。
2026-01-22,hose_pvc_proxy,充气软管/PVC（价格代理）,充气泵/软管材料,4478.0,元/吨,PVC价格代理,derived_from,V,2026-01-22,,4598.0,4849.0,0.08284948637784728,充气软管和部分护套受 PVC 与橡塑材料价格影响，日度预警先跟随 PVC。
2026-01-23,hose_pvc_proxy,充气软管/PVC（价格代理）,充气泵/软管材料,4560.0,元/吨,PVC价格代理,derived_from,V,2026-01-23,,4658.0,4921.0,0.07916666666666661,充气软管和部分护套受 PVC 与橡塑材料价格影响，日度预警先跟随 PVC。
2026-01-26,hose_pvc_proxy,充气软管/PVC（价格代理）,充气泵/软管材料,4637.0,元/吨,PVC价格代理,derived_from,V,2026-01-26,,4697.0,4959.0,0.06944144921285322,充气软管和部分护套受 PVC 与橡塑材料价格影响，日度预警先跟随 PVC。
2026-01-27,hose_pvc_proxy,充气软管/PVC（价格代理）,充气泵/软管材料,4624.0,元/吨,PVC价格代理,derived_from,V,2026-01-27,,4653.0,4911.0,0.06206747404844282,充气软管和部分护套受 PVC 与橡塑材料价格影响，日度预警先跟随 PVC。
2026-01-28,hose_pvc_proxy,充气软管/PVC（价格代理）,充气泵/软管材料,4615.0,元/吨,PVC价格代理,derived_from,V,2026-01-28,,4648.0,4913.0,0.06457204767063929,充气软管和部分护套受 PVC 与橡塑材料价格影响，日度预警先跟随 PVC。
2026-01-29,hose_pvc_proxy,充气软管/PVC（价格代理）,充气泵/软管材料,4592.0,元/吨,PVC价格代理,derived_from,V,2026-01-29,,4630.0,4895.0,0.06598432055749126,充气软管和部分护套受 PVC 与橡塑材料价格影响，日度预警先跟随 PVC。
2026-01-30,hose_pvc_proxy,充气软管/PVC（价格代理）,充气泵/软管材料,4640.0,元/吨,PVC价格代理,derived_from,V,2026-01-30,,4790.0,5063.0,0.09116379310344835,充气软管和部分护套受 PVC 与橡塑材料价格影响，日度预警先跟随 PVC。
2026-02-02,hose_pvc_proxy,充气软管/PVC（价格代理）,充气泵/软管材料,4698.0,元/吨,PVC价格代理,derived_from,V,2026-02-02,,4735.0,5014.0,0.06726266496381439,充气软管和部分护套受 PVC 与橡塑材料价格影响，日度预警先跟随 PVC。
2026-02-03,hose_pvc_proxy,充气软管/PVC（价格代理）,充气泵/软管材料,4721.0,元/吨,PVC价格代理,derived_from,V,2026-02-03,,4780.0,5071.0,0.07413683541622529,充气软管和部分护套受 PVC 与橡塑材料价格影响，日度预警先跟随 PVC。
2026-02-04,hose_pvc_proxy,充气软管/PVC（价格代理）,充气泵/软管材料,4813.0,元/吨,PVC价格代理,derived_from,V,2026-02-04,,4874.0,5155.0,0.07105755246208179,充气软管和部分护套受 PVC 与橡塑材料价格影响，日度预警先跟随 PVC。
2026-02-05,hose_pvc_proxy,充气软管/PVC（价格代理）,充气泵/软管材料,4742.0,元/吨,PVC价格代理,derived_from,V,2026-02-05,,4750.0,5052.0,0.06537326022775192,充气软管和部分护套受 PVC 与橡塑材料价格影响，日度预警先跟随 PVC。
2026-02-06,hose_pvc_proxy,充气软管/PVC（价格代理）,充气泵/软管材料,4691.0,元/吨,PVC价格代理,derived_from,V,2026-02-06,,4710.0,4981.0,0.061820507354508614,充气软管和部分护套受 PVC 与橡塑材料价格影响，日度预警先跟随 PVC。
2026-02-09,hose_pvc_proxy,充气软管/PVC（价格代理）,充气泵/软管材料,4678.0,元/吨,PVC价格代理,derived_from,V,2026-02-09,,4709.0,4992.0,0.06712270200940562,充气软管和部分护套受 PVC 与橡塑材料价格影响，日度预警先跟随 PVC。
2026-02-10,hose_pvc_proxy,充气软管/PVC（价格代理）,充气泵/软管材料,4659.0,元/吨,PVC价格代理,derived_from,V,2026-02-10,,4674.0,4971.0,0.06696716033483585,充气软管和部分护套受 PVC 与橡塑材料价格影响，日度预警先跟随 PVC。
2026-02-11,hose_pvc_proxy,充气软管/PVC（价格代理）,充气泵/软管材料,4677.0,元/吨,PVC价格代理,derived_from,V,2026-02-11,,4648.0,4913.0,0.05045969638657266,充气软管和部分护套受 PVC 与橡塑材料价格影响，日度预警先跟随 PVC。
2026-02-12,hose_pvc_proxy,充气软管/PVC（价格代理）,充气泵/软管材料,4665.0,元/吨,PVC价格代理,derived_from,V,2026-02-12,,4660.0,4938.0,0.058520900321543445,充气软管和部分护套受 PVC 与橡塑材料价格影响，日度预警先跟随 PVC。
2026-02-13,hose_pvc_proxy,充气软管/PVC（价格代理）,充气泵/软管材料,4616.0,元/吨,PVC价格代理,derived_from,V,2026-02-13,,4610.0,4905.0,0.06260831889081464,充气软管和部分护套受 PVC 与橡塑材料价格影响，日度预警先跟随 PVC。
2026-02-24,hose_pvc_proxy,充气软管/PVC（价格代理）,充气泵/软管材料,4693.0,元/吨,PVC价格代理,derived_from,V,2026-02-24,,4695.0,4948.0,0.05433624547197957,充气软管和部分护套受 PVC 与橡塑材料价格影响，日度预警先跟随 PVC。
2026-02-25,hose_pvc_proxy,充气软管/PVC（价格代理）,充气泵/软管材料,4710.0,元/吨,PVC价格代理,derived_from,V,2026-02-25,,4700.0,4963.0,0.053715498938428974,充气软管和部分护套受 PVC 与橡塑材料价格影响，日度预警先跟随 PVC。
2026-02-26,hose_pvc_proxy,充气软管/PVC（价格代理）,充气泵/软管材料,4639.0,元/吨,PVC价格代理,derived_from,V,2026-02-26,,4586.0,4855.0,0.04656175899978443,充气软管和部分护套受 PVC 与橡塑材料价格影响，日度预警先跟随 PVC。
2026-02-27,hose_pvc_proxy,充气软管/PVC（价格代理）,充气泵/软管材料,4555.0,元/吨,PVC价格代理,derived_from,V,2026-02-27,,4538.0,4792.0,0.052030735455543375,充气软管和部分护套受 PVC 与橡塑材料价格影响，日度预警先跟随 PVC。
2026-03-02,hose_pvc_proxy,充气软管/PVC（价格代理）,充气泵/软管材料,4632.0,元/吨,PVC价格代理,derived_from,V,2026-03-02,,4606.0,4868.0,0.050949913644214195,充气软管和部分护套受 PVC 与橡塑材料价格影响，日度预警先跟随 PVC。
2026-03-03,hose_pvc_proxy,充气软管/PVC（价格代理）,充气泵/软管材料,4702.0,元/吨,PVC价格代理,derived_from,V,2026-03-03,,4670.0,4939.0,0.05040408336877933,充气软管和部分护套受 PVC 与橡塑材料价格影响，日度预警先跟随 PVC。
2026-03-04,hose_pvc_proxy,充气软管/PVC（价格代理）,充气泵/软管材料,4758.0,元/吨,PVC价格代理,derived_from,V,2026-03-04,,4730.0,4995.0,0.04981084489281207,充气软管和部分护套受 PVC 与橡塑材料价格影响，日度预警先跟随 PVC。
2026-03-05,hose_pvc_proxy,充气软管/PVC（价格代理）,充气泵/软管材料,4821.0,元/吨,PVC价格代理,derived_from,V,2026-03-05,,4800.0,5016.0,0.04044803982576228,充气软管和部分护套受 PVC 与橡塑材料价格影响，日度预警先跟随 PVC。
2026-03-06,hose_pvc_proxy,充气软管/PVC（价格代理）,充气泵/软管材料,4901.0,元/吨,PVC价格代理,derived_from,V,2026-03-06,,4966.0,5276.0,0.07651499693940012,充气软管和部分护套受 PVC 与橡塑材料价格影响，日度预警先跟随 PVC。
2026-03-09,hose_pvc_proxy,充气软管/PVC（价格代理）,充气泵/软管材料,5502.0,元/吨,PVC价格代理,derived_from,V,2026-03-09,,5195.0,5466.0,-0.0065430752453653485,充气软管和部分护套受 PVC 与橡塑材料价格影响，日度预警先跟随 PVC。
2026-03-10,hose_pvc_proxy,充气软管/PVC（价格代理）,充气泵/软管材料,5147.0,元/吨,PVC价格代理,derived_from,V,2026-03-10,,4940.0,5229.0,0.0159316106469789,充气软管和部分护套受 PVC 与橡塑材料价格影响，日度预警先跟随 PVC。
2026-03-11,hose_pvc_proxy,充气软管/PVC（价格代理）,充气泵/软管材料,5400.0,元/吨,PVC价格代理,derived_from,V,2026-03-11,,5232.0,5571.0,0.03166666666666673,充气软管和部分护套受 PVC 与橡塑材料价格影响，日度预警先跟随 PVC。
2026-03-12,hose_pvc_proxy,充气软管/PVC（价格代理）,充气泵/软管材料,5658.0,元/吨,PVC价格代理,derived_from,V,2026-03-12,,5400.0,5620.0,-0.0067161541180629225,充气软管和部分护套受 PVC 与橡塑材料价格影响，日度预警先跟随 PVC。
2026-03-13,hose_pvc_proxy,充气软管/PVC（价格代理）,充气泵/软管材料,5694.0,元/吨,PVC价格代理,derived_from,V,2026-03-13,,5410.0,5724.0,0.005268703898840821,充气软管和部分护套受 PVC 与橡塑材料价格影响，日度预警先跟随 PVC。
2026-03-16,hose_pvc_proxy,充气软管/PVC（价格代理）,充气泵/软管材料,5875.0,元/吨,PVC价格代理,derived_from,V,2026-03-16,,5796.0,5849.0,-0.004425531914893588,充气软管和部分护套受 PVC 与橡塑材料价格影响，日度预警先跟随 PVC。
2026-03-17,hose_pvc_proxy,充气软管/PVC（价格代理）,充气泵/软管材料,5772.0,元/吨,PVC价格代理,derived_from,V,2026-03-17,,5860.0,5901.0,0.02234927234927242,充气软管和部分护套受 PVC 与橡塑材料价格影响，日度预警先跟随 PVC。
2026-03-18,hose_pvc_proxy,充气软管/PVC（价格代理）,充气泵/软管材料,5625.0,元/吨,PVC价格代理,derived_from,V,2026-03-18,,5691.0,5735.0,0.019555555555555548,充气软管和部分护套受 PVC 与橡塑材料价格影响，日度预警先跟随 PVC。
2026-03-19,hose_pvc_proxy,充气软管/PVC（价格代理）,充气泵/软管材料,5766.0,元/吨,PVC价格代理,derived_from,V,2026-03-19,,5813.0,5860.0,0.016302462712452392,充气软管和部分护套受 PVC 与橡塑材料价格影响，日度预警先跟随 PVC。
2026-03-20,hose_pvc_proxy,充气软管/PVC（价格代理）,充气泵/软管材料,5671.0,元/吨,PVC价格代理,derived_from,V,2026-03-20,,5826.0,5875.0,0.03597249162405225,充气软管和部分护套受 PVC 与橡塑材料价格影响，日度预警先跟随 PVC。
2026-03-23,hose_pvc_proxy,充气软管/PVC（价格代理）,充气泵/软管材料,6063.0,元/吨,PVC价格代理,derived_from,V,2026-03-23,,6201.0,6251.0,0.03100775193798455,充气软管和部分护套受 PVC 与橡塑材料价格影响，日度预警先跟随 PVC。
2026-03-24,hose_pvc_proxy,充气软管/PVC（价格代理）,充气泵/软管材料,5780.0,元/吨,PVC价格代理,derived_from,V,2026-03-24,,5830.0,5853.0,0.012629757785467044,充气软管和部分护套受 PVC 与橡塑材料价格影响，日度预警先跟随 PVC。
2026-03-25,hose_pvc_proxy,充气软管/PVC（价格代理）,充气泵/软管材料,5527.0,元/吨,PVC价格代理,derived_from,V,2026-03-25,,5650.0,5703.0,0.03184367649719566,充气软管和部分护套受 PVC 与橡塑材料价格影响，日度预警先跟随 PVC。
2026-03-26,hose_pvc_proxy,充气软管/PVC（价格代理）,充气泵/软管材料,5511.0,元/吨,PVC价格代理,derived_from,V,2026-03-26,,5613.0,5650.0,0.02522228270731275,充气软管和部分护套受 PVC 与橡塑材料价格影响，日度预警先跟随 PVC。
2026-03-27,hose_pvc_proxy,充气软管/PVC（价格代理）,充气泵/软管材料,5440.0,元/吨,PVC价格代理,derived_from,V,2026-03-27,,5561.0,5615.0,0.032169117647058876,充气软管和部分护套受 PVC 与橡塑材料价格影响，日度预警先跟随 PVC。
2026-03-30,hose_pvc_proxy,充气软管/PVC（价格代理）,充气泵/软管材料,5462.0,元/吨,PVC价格代理,derived_from,V,2026-03-30,,5491.0,5551.0,0.016294397656536175,充气软管和部分护套受 PVC 与橡塑材料价格影响，日度预警先跟随 PVC。
2026-03-31,hose_pvc_proxy,充气软管/PVC（价格代理）,充气泵/软管材料,5256.0,元/吨,PVC价格代理,derived_from,V,2026-03-31,,5315.0,5353.0,0.018455098934550884,充气软管和部分护套受 PVC 与橡塑材料价格影响，日度预警先跟随 PVC。
2026-04-01,hose_pvc_proxy,充气软管/PVC（价格代理）,充气泵/软管材料,5210.0,元/吨,PVC价格代理,derived_from,V,2026-04-01,,5300.0,5256.0,0.008829174664107375,充气软管和部分护套受 PVC 与橡塑材料价格影响，日度预警先跟随 PVC。
2026-04-02,hose_pvc_proxy,充气软管/PVC（价格代理）,充气泵/软管材料,5362.0,元/吨,PVC价格代理,derived_from,V,2026-04-02,,5467.0,5494.0,0.02461767997016029,充气软管和部分护套受 PVC 与橡塑材料价格影响，日度预警先跟随 PVC。
2026-04-03,hose_pvc_proxy,充气软管/PVC（价格代理）,充气泵/软管材料,5335.0,元/吨,PVC价格代理,derived_from,V,2026-04-03,,5330.0,5428.0,0.017432052483598914,充气软管和部分护套受 PVC 与橡塑材料价格影响，日度预警先跟随 PVC。
2026-04-07,hose_pvc_proxy,充气软管/PVC（价格代理）,充气泵/软管材料,5360.0,元/吨,PVC价格代理,derived_from,V,2026-04-07,,5400.0,5398.0,0.0070895522388059184,充气软管和部分护套受 PVC 与橡塑材料价格影响，日度预警先跟随 PVC。
2026-04-08,hose_pvc_proxy,充气软管/PVC（价格代理）,充气泵/软管材料,5145.0,元/吨,PVC价格代理,derived_from,V,2026-04-08,,5355.0,5160.0,0.00291545189504383,充气软管和部分护套受 PVC 与橡塑材料价格影响，日度预警先跟随 PVC。
2026-04-09,hose_pvc_proxy,充气软管/PVC（价格代理）,充气泵/软管材料,4982.0,元/吨,PVC价格代理,derived_from,V,2026-04-09,,5355.0,5093.0,0.022280208751505493,充气软管和部分护套受 PVC 与橡塑材料价格影响，日度预警先跟随 PVC。
2026-04-10,hose_pvc_proxy,充气软管/PVC（价格代理）,充气泵/软管材料,4937.0,元/吨,PVC价格代理,derived_from,V,2026-04-10,,4902.0,5067.0,0.026331780433461516,充气软管和部分护套受 PVC 与橡塑材料价格影响，日度预警先跟随 PVC。
2026-04-13,hose_pvc_proxy,充气软管/PVC（价格代理）,充气泵/软管材料,4945.0,元/吨,PVC价格代理,derived_from,V,2026-04-13,,4950.0,5092.0,0.029726996966632946,充气软管和部分护套受 PVC 与橡塑材料价格影响，日度预警先跟随 PVC。
2026-04-14,hose_pvc_proxy,充气软管/PVC（价格代理）,充气泵/软管材料,4877.0,元/吨,PVC价格代理,derived_from,V,2026-04-14,,4876.0,5039.0,0.033217141685462304,充气软管和部分护套受 PVC 与橡塑材料价格影响，日度预警先跟随 PVC。
2026-04-15,hose_pvc_proxy,充气软管/PVC（价格代理）,充气泵/软管材料,4970.0,元/吨,PVC价格代理,derived_from,V,2026-04-15,,4925.0,5100.0,0.026156941649899457,充气软管和部分护套受 PVC 与橡塑材料价格影响，日度预警先跟随 PVC。
2026-04-16,hose_pvc_proxy,充气软管/PVC（价格代理）,充气泵/软管材料,4955.0,元/吨,PVC价格代理,derived_from,V,2026-04-16,,4977.0,5109.0,0.03107971745711402,充气软管和部分护套受 PVC 与橡塑材料价格影响，日度预警先跟随 PVC。
2026-04-17,hose_pvc_proxy,充气软管/PVC（价格代理）,充气泵/软管材料,4971.0,元/吨,PVC价格代理,derived_from,V,2026-04-17,,4959.0,5093.0,0.02454234560450619,充气软管和部分护套受 PVC 与橡塑材料价格影响，日度预警先跟随 PVC。
2026-04-20,hose_pvc_proxy,充气软管/PVC（价格代理）,充气泵/软管材料,4983.0,元/吨,PVC价格代理,derived_from,V,2026-04-20,,5005.0,5147.0,0.03291190046156944,充气软管和部分护套受 PVC 与橡塑材料价格影响，日度预警先跟随 PVC。
2026-04-21,hose_pvc_proxy,充气软管/PVC（价格代理）,充气泵/软管材料,4954.0,元/吨,PVC价格代理,derived_from,V,2026-04-21,,4988.0,5134.0,0.036334275333064214,充气软管和部分护套受 PVC 与橡塑材料价格影响，日度预警先跟随 PVC。
2026-04-22,hose_pvc_proxy,充气软管/PVC（价格代理）,充气泵/软管材料,5050.0,元/吨,PVC价格代理,derived_from,V,2026-04-22,,5079.0,5230.0,0.035643564356435675,充气软管和部分护套受 PVC 与橡塑材料价格影响，日度预警先跟随 PVC。
2026-04-23,hose_pvc_proxy,充气软管/PVC（价格代理）,充气泵/软管材料,4975.0,元/吨,PVC价格代理,derived_from,V,2026-04-23,,5036.0,5189.0,0.043015075376884315,充气软管和部分护套受 PVC 与橡塑材料价格影响，日度预警先跟随 PVC。
2026-04-24,hose_pvc_proxy,充气软管/PVC（价格代理）,充气泵/软管材料,4967.0,元/吨,PVC价格代理,derived_from,V,2026-04-24,,5003.0,5153.0,0.0374471511979062,充气软管和部分护套受 PVC 与橡塑材料价格影响，日度预警先跟随 PVC。
2026-04-27,hose_pvc_proxy,充气软管/PVC（价格代理）,充气泵/软管材料,5019.0,元/吨,PVC价格代理,derived_from,V,2026-04-27,,5075.0,5228.0,0.04164176130703323,充气软管和部分护套受 PVC 与橡塑材料价格影响，日度预警先跟随 PVC。
2026-04-28,hose_pvc_proxy,充气软管/PVC（价格代理）,充气泵/软管材料,5010.0,元/吨,PVC价格代理,derived_from,V,2026-04-28,,5205.0,5358.0,0.06946107784431144,充气软管和部分护套受 PVC 与橡塑材料价格影响，日度预警先跟随 PVC。
2026-04-29,hose_pvc_proxy,充气软管/PVC（价格代理）,充气泵/软管材料,5042.0,元/吨,PVC价格代理,derived_from,V,2026-04-29,,5131.0,5295.0,0.05017850059500195,充气软管和部分护套受 PVC 与橡塑材料价格影响，日度预警先跟随 PVC。
2026-04-30,hose_pvc_proxy,充气软管/PVC（价格代理）,充气泵/软管材料,5034.0,元/吨,PVC价格代理,derived_from,V,2026-04-30,,5104.0,5272.0,0.04727850615812468,充气软管和部分护套受 PVC 与橡塑材料价格影响，日度预警先跟随 PVC。
2026-05-06,hose_pvc_proxy,充气软管/PVC（价格代理）,充气泵/软管材料,5055.0,元/吨,PVC价格代理,derived_from,V,2026-05-06,,5151.0,5319.0,0.05222551928783381,充气软管和部分护套受 PVC 与橡塑材料价格影响，日度预警先跟随 PVC。
2026-05-07,hose_pvc_proxy,充气软管/PVC（价格代理）,充气泵/软管材料,4937.0,元/吨,PVC价格代理,derived_from,V,2026-05-07,,4993.0,5163.0,0.04577678752278702,充气软管和部分护套受 PVC 与橡塑材料价格影响，日度预警先跟随 PVC。
2026-05-08,hose_pvc_proxy,充气软管/PVC（价格代理）,充气泵/软管材料,4925.0,元/吨,PVC价格代理,derived_from,V,2026-05-08,,4972.0,5145.0,0.044670050761421276,充气软管和部分护套受 PVC 与橡塑材料价格影响，日度预警先跟随 PVC。
2026-05-11,hose_pvc_proxy,充气软管/PVC（价格代理）,充气泵/软管材料,4935.0,元/吨,PVC价格代理,derived_from,V,2026-05-11,,4968.0,5133.0,0.040121580547112456,充气软管和部分护套受 PVC 与橡塑材料价格影响，日度预警先跟随 PVC。
2026-05-12,hose_pvc_proxy,充气软管/PVC（价格代理）,充气泵/软管材料,4879.0,元/吨,PVC价格代理,derived_from,V,2026-05-12,,4934.0,5105.0,0.04632096741135472,充气软管和部分护套受 PVC 与橡塑材料价格影响，日度预警先跟随 PVC。
2026-05-13,hose_pvc_proxy,充气软管/PVC（价格代理）,充气泵/软管材料,5004.0,元/吨,PVC价格代理,derived_from,V,2026-05-13,,5050.0,5229.0,0.04496402877697836,充气软管和部分护套受 PVC 与橡塑材料价格影响，日度预警先跟随 PVC。
2026-05-14,hose_pvc_proxy,充气软管/PVC（价格代理）,充气泵/软管材料,4855.0,元/吨,PVC价格代理,derived_from,V,2026-05-14,,4892.0,5056.0,0.041400617919670424,充气软管和部分护套受 PVC 与橡塑材料价格影响，日度预警先跟随 PVC。
2026-05-15,hose_pvc_proxy,充气软管/PVC（价格代理）,充气泵/软管材料,4845.0,元/吨,PVC价格代理,derived_from,V,2026-05-15,,4859.0,5027.0,0.03756449948400409,充气软管和部分护套受 PVC 与橡塑材料价格影响，日度预警先跟随 PVC。
2026-05-18,hose_pvc_proxy,充气软管/PVC（价格代理）,充气泵/软管材料,4897.0,元/吨,PVC价格代理,derived_from,V,2026-05-18,,4935.0,5109.0,0.04329181131304871,充气软管和部分护套受 PVC 与橡塑材料价格影响，日度预警先跟随 PVC。
2026-05-19,hose_pvc_proxy,充气软管/PVC（价格代理）,充气泵/软管材料,4820.0,元/吨,PVC价格代理,derived_from,V,2026-05-19,,4873.0,5050.0,0.047717842323651505,充气软管和部分护套受 PVC 与橡塑材料价格影响，日度预警先跟随 PVC。
2026-05-20,hose_pvc_proxy,充气软管/PVC（价格代理）,充气泵/软管材料,4760.0,元/吨,PVC价格代理,derived_from,V,2026-05-20,,4819.0,4947.0,0.03928571428571437,充气软管和部分护套受 PVC 与橡塑材料价格影响，日度预警先跟随 PVC。
2026-05-21,hose_pvc_proxy,充气软管/PVC（价格代理）,充气泵/软管材料,4700.0,元/吨,PVC价格代理,derived_from,V,2026-05-21,,4738.0,4865.0,0.03510638297872348,充气软管和部分护套受 PVC 与橡塑材料价格影响，日度预警先跟随 PVC。
2026-05-22,hose_pvc_proxy,充气软管/PVC（价格代理）,充气泵/软管材料,4670.0,元/吨,PVC价格代理,derived_from,V,2026-05-22,,4707.0,4846.0,0.03768736616702362,充气软管和部分护套受 PVC 与橡塑材料价格影响，日度预警先跟随 PVC。
2026-05-25,hose_pvc_proxy,充气软管/PVC（价格代理）,充气泵/软管材料,4720.0,元/吨,PVC价格代理,derived_from,V,2026-05-25,,4780.0,4914.0,0.04110169491525428,充气软管和部分护套受 PVC 与橡塑材料价格影响，日度预警先跟随 PVC。
2026-05-26,hose_pvc_proxy,充气软管/PVC（价格代理）,充气泵/软管材料,4665.0,元/吨,PVC价格代理,derived_from,V,2026-05-26,,4715.0,4854.0,0.04051446945337611,充气软管和部分护套受 PVC 与橡塑材料价格影响，日度预警先跟随 PVC。
2026-05-27,hose_pvc_proxy,充气软管/PVC（价格代理）,充气泵/软管材料,4685.0,元/吨,PVC价格代理,derived_from,V,2026-05-27,,4730.0,4873.0,0.0401280683030949,充气软管和部分护套受 PVC 与橡塑材料价格影响，日度预警先跟随 PVC。
2026-05-28,hose_pvc_proxy,充气软管/PVC（价格代理）,充气泵/软管材料,4750.0,元/吨,PVC价格代理,derived_from,V,2026-05-28,,4802.0,4939.0,0.0397894736842106,充气软管和部分护套受 PVC 与橡塑材料价格影响，日度预警先跟随 PVC。
2026-05-29,hose_pvc_proxy,充气软管/PVC（价格代理）,充气泵/软管材料,4730.0,元/吨,PVC价格代理,derived_from,V,2026-05-29,,4779.0,4924.0,0.04101479915433415,充气软管和部分护套受 PVC 与橡塑材料价格影响，日度预警先跟随 PVC。
2026-06-01,hose_pvc_proxy,充气软管/PVC（价格代理）,充气泵/软管材料,4790.0,元/吨,PVC价格代理,derived_from,V,2026-06-01,,4859.0,4993.0,0.04237995824634666,充气软管和部分护套受 PVC 与橡塑材料价格影响，日度预警先跟随 PVC。
2026-06-02,hose_pvc_proxy,充气软管/PVC（价格代理）,充气泵/软管材料,4760.0,元/吨,PVC价格代理,derived_from,V,2026-06-02,,4809.0,4950.0,0.0399159663865547,充气软管和部分护套受 PVC 与橡塑材料价格影响，日度预警先跟随 PVC。
2026-06-03,hose_pvc_proxy,充气软管/PVC（价格代理）,充气泵/软管材料,4750.0,元/吨,PVC价格代理,derived_from,V,2026-06-03,,4810.0,4943.0,0.04063157894736835,充气软管和部分护套受 PVC 与橡塑材料价格影响，日度预警先跟随 PVC。
2026-06-04,hose_pvc_proxy,充气软管/PVC（价格代理）,充气泵/软管材料,4625.0,元/吨,PVC价格代理,derived_from,V,2026-06-04,,4684.0,4819.0,0.04194594594594592,充气软管和部分护套受 PVC 与橡塑材料价格影响，日度预警先跟随 PVC。
2026-06-05,hose_pvc_proxy,充气软管/PVC（价格代理）,充气泵/软管材料,4600.0,元/吨,PVC价格代理,derived_from,V,2026-06-05,,4630.0,4767.0,0.036304347826086936,充气软管和部分护套受 PVC 与橡塑材料价格影响，日度预警先跟随 PVC。
2026-06-08,hose_pvc_proxy,充气软管/PVC（价格代理）,充气泵/软管材料,4630.0,元/吨,PVC价格代理,derived_from,V,2026-06-08,,4650.0,4778.0,0.0319654427645788,充气软管和部分护套受 PVC 与橡塑材料价格影响，日度预警先跟随 PVC。
2026-06-09,hose_pvc_proxy,充气软管/PVC（价格代理）,充气泵/软管材料,4550.0,元/吨,PVC价格代理,derived_from,V,2026-06-09,,4560.0,4717.0,0.03670329670329675,充气软管和部分护套受 PVC 与橡塑材料价格影响，日度预警先跟随 PVC。
2026-06-10,hose_pvc_proxy,充气软管/PVC（价格代理）,充气泵/软管材料,4545.0,元/吨,PVC价格代理,derived_from,V,2026-06-10,,4581.0,4706.0,0.035423542354235504,充气软管和部分护套受 PVC 与橡塑材料价格影响，日度预警先跟随 PVC。
2026-06-11,hose_pvc_proxy,充气软管/PVC（价格代理）,充气泵/软管材料,4560.0,元/吨,PVC价格代理,derived_from,V,2026-06-11,,4589.0,4716.0,0.03421052631578947,充气软管和部分护套受 PVC 与橡塑材料价格影响，日度预警先跟随 PVC。
2026-06-12,hose_pvc_proxy,充气软管/PVC（价格代理）,充气泵/软管材料,4580.0,元/吨,PVC价格代理,derived_from,V,2026-06-12,,4569.0,4741.0,0.035152838427947586,充气软管和部分护套受 PVC 与橡塑材料价格影响，日度预警先跟随 PVC。
2025-12-15,industrial_silicon,工业硅,线材硅胶上游,9620.0,元/吨,AKShare/生意社现货与期货,akshare_basis,SI,2025-12-15,,8425.0,8350.0,-0.13201663201663205,
2025-12-16,industrial_silicon,工业硅,线材硅胶上游,9620.0,元/吨,AKShare/生意社现货与期货,akshare_basis,SI,2025-12-16,,8500.0,8365.0,-0.13045738045738042,
2025-12-17,industrial_silicon,工业硅,线材硅胶上游,9620.0,元/吨,AKShare/生意社现货与期货,akshare_basis,SI,2025-12-17,,8475.0,8470.0,-0.11954261954261958,
2025-12-18,industrial_silicon,工业硅,线材硅胶上游,9620.0,元/吨,AKShare/生意社现货与期货,akshare_basis,SI,2025-12-18,,8635.0,8645.0,-0.10135135135135132,
2025-12-19,industrial_silicon,工业硅,线材硅胶上游,9620.0,元/吨,AKShare/生意社现货与期货,akshare_basis,SI,2025-12-19,,8645.0,8690.0,-0.09667359667359665,
2025-12-22,industrial_silicon,工业硅,线材硅胶上游,9620.0,元/吨,AKShare/生意社现货与期货,akshare_basis,SI,2025-12-22,,8590.0,8595.0,-0.1065488565488566,
2025-12-23,industrial_silicon,工业硅,线材硅胶上游,9620.0,元/吨,AKShare/生意社现货与期货,akshare_basis,SI,2025-12-23,,8725.0,8780.0,-0.08731808731808732,
2025-12-24,industrial_silicon,工业硅,线材硅胶上游,9620.0,元/吨,AKShare/生意社现货与期货,akshare_basis,SI,2025-12-24,,8795.0,8860.0,-0.079002079002079,
2025-12-25,industrial_silicon,工业硅,线材硅胶上游,9620.0,元/吨,AKShare/生意社现货与期货,akshare_basis,SI,2025-12-25,,8750.0,8835.0,-0.08160083160083165,
2025-12-26,industrial_silicon,工业硅,线材硅胶上游,9620.0,元/吨,AKShare/生意社现货与期货,akshare_basis,SI,2025-12-26,,8790.0,8880.0,-0.07692307692307687,
2025-12-29,industrial_silicon,工业硅,线材硅胶上游,9620.0,元/吨,AKShare/生意社现货与期货,akshare_basis,SI,2025-12-29,,8625.0,8715.0,-0.09407484407484412,
2025-12-30,industrial_silicon,工业硅,线材硅胶上游,9620.0,元/吨,AKShare/生意社现货与期货,akshare_basis,SI,2025-12-30,,8785.0,8915.0,-0.07328482328482333,
2025-12-31,industrial_silicon,工业硅,线材硅胶上游,9620.0,元/吨,AKShare/生意社现货与期货,akshare_basis,SI,2025-12-31,,8775.0,8860.0,-0.079002079002079,
2026-01-05,industrial_silicon,工业硅,线材硅胶上游,9620.0,元/吨,AKShare/生意社现货与期货,akshare_basis,SI,2026-01-05,,8630.0,8730.0,-0.09251559251559249,
2026-01-06,industrial_silicon,工业硅,线材硅胶上游,9620.0,元/吨,AKShare/生意社现货与期货,akshare_basis,SI,2026-01-06,,8880.0,8900.0,-0.07484407484407485,
2026-01-07,industrial_silicon,工业硅,线材硅胶上游,9620.0,元/吨,AKShare/生意社现货与期货,akshare_basis,SI,2026-01-07,,8895.0,8980.0,-0.06652806652806653,
2026-01-08,industrial_silicon,工业硅,线材硅胶上游,9620.0,元/吨,AKShare/生意社现货与期货,akshare_basis,SI,2026-01-08,,8930.0,8535.0,-0.11278586278586278,
2026-01-09,industrial_silicon,工业硅,线材硅胶上游,9620.0,元/吨,AKShare/生意社现货与期货,akshare_basis,SI,2026-01-09,,8665.0,8715.0,-0.09407484407484412,
2026-01-12,industrial_silicon,工业硅,线材硅胶上游,9620.0,元/吨,AKShare/生意社现货与期货,akshare_basis,SI,2026-01-12,,8640.0,8755.0,-0.08991683991683996,
2026-01-13,industrial_silicon,工业硅,线材硅胶上游,9620.0,元/吨,AKShare/生意社现货与期货,akshare_basis,SI,2026-01-13,,8640.0,8635.0,-0.10239085239085244,
2026-01-14,industrial_silicon,工业硅,线材硅胶上游,9620.0,元/吨,AKShare/生意社现货与期货,akshare_basis,SI,2026-01-14,,8640.0,8755.0,-0.08991683991683996,
2026-01-15,industrial_silicon,工业硅,线材硅胶上游,9620.0,元/吨,AKShare/生意社现货与期货,akshare_basis,SI,2026-01-15,,8630.0,8730.0,-0.09251559251559249,
2026-01-16,industrial_silicon,工业硅,线材硅胶上游,9620.0,元/吨,AKShare/生意社现货与期货,akshare_basis,SI,2026-01-16,,8640.0,8605.0,-0.10550935550935547,
2026-01-19,industrial_silicon,工业硅,线材硅胶上游,9620.0,元/吨,AKShare/生意社现货与期货,akshare_basis,SI,2026-01-19,,8770.0,8845.0,-0.08056133056133052,
2026-01-20,industrial_silicon,工业硅,线材硅胶上游,9620.0,元/吨,AKShare/生意社现货与期货,akshare_basis,SI,2026-01-20,,8685.0,8745.0,-0.09095634095634098,
2026-01-21,industrial_silicon,工业硅,线材硅胶上游,9620.0,元/吨,AKShare/生意社现货与期货,akshare_basis,SI,2026-01-21,,8700.0,8780.0,-0.08731808731808732,
2026-01-22,industrial_silicon,工业硅,线材硅胶上游,9620.0,元/吨,AKShare/生意社现货与期货,akshare_basis,SI,2026-01-22,,8760.0,8825.0,-0.08264033264033266,
2026-01-23,industrial_silicon,工业硅,线材硅胶上游,9620.0,元/吨,AKShare/生意社现货与期货,akshare_basis,SI,2026-01-23,,8740.0,8820.0,-0.08316008316008316,
2026-01-26,industrial_silicon,工业硅,线材硅胶上游,9630.0,元/吨,AKShare/生意社现货与期货,akshare_basis,SI,2026-01-26,,8830.0,8915.0,-0.07424714434060231,
2026-01-27,industrial_silicon,工业硅,线材硅胶上游,9640.0,元/吨,AKShare/生意社现货与期货,akshare_basis,SI,2026-01-27,,8770.0,8860.0,-0.08091286307053946,
2026-01-28,industrial_silicon,工业硅,线材硅胶上游,9640.0,元/吨,AKShare/生意社现货与期货,akshare_basis,SI,2026-01-28,,8670.0,8760.0,-0.09128630705394192,
2026-01-29,industrial_silicon,工业硅,线材硅胶上游,9640.0,元/吨,AKShare/生意社现货与期货,akshare_basis,SI,2026-01-29,,8835.0,8925.0,-0.07417012448132776,
2026-01-30,industrial_silicon,工业硅,线材硅胶上游,9650.0,元/吨,AKShare/生意社现货与期货,akshare_basis,SI,2026-01-30,,8720.0,8850.0,-0.08290155440414504,
2026-02-02,industrial_silicon,工业硅,线材硅胶上游,9650.0,元/吨,AKShare/生意社现货与期货,akshare_basis,SI,2026-02-02,,8740.0,8795.0,-0.08860103626943006,
2026-02-03,industrial_silicon,工业硅,线材硅胶上游,9650.0,元/吨,AKShare/生意社现货与期货,akshare_basis,SI,2026-02-03,,8740.0,8815.0,-0.08652849740932644,
2026-02-04,industrial_silicon,工业硅,线材硅胶上游,9660.0,元/吨,AKShare/生意社现货与期货,akshare_basis,SI,2026-02-04,,8785.0,8850.0,-0.08385093167701863,
2026-02-05,industrial_silicon,工业硅,线材硅胶上游,9660.0,元/吨,AKShare/生意社现货与期货,akshare_basis,SI,2026-02-05,,8610.0,8605.0,-0.10921325051759834,
2026-02-06,industrial_silicon,工业硅,线材硅胶上游,9660.0,元/吨,AKShare/生意社现货与期货,akshare_basis,SI,2026-02-06,,8420.0,8500.0,-0.12008281573498969,
2026-02-09,industrial_silicon,工业硅,线材硅胶上游,9650.0,元/吨,AKShare/生意社现货与期货,akshare_basis,SI,2026-02-09,,8360.0,8450.0,-0.12435233160621761,
2026-02-10,industrial_silicon,工业硅,线材硅胶上游,9650.0,元/吨,AKShare/生意社现货与期货,akshare_basis,SI,2026-02-10,,8290.0,8375.0,-0.13212435233160624,
2026-02-11,industrial_silicon,工业硅,线材硅胶上游,9650.0,元/吨,AKShare/生意社现货与期货,akshare_basis,SI,2026-02-11,,8295.0,8370.0,-0.13264248704663217,
2026-02-12,industrial_silicon,工业硅,线材硅胶上游,9650.0,元/吨,AKShare/生意社现货与期货,akshare_basis,SI,2026-02-12,,8295.0,8335.0,-0.13626943005181347,
2026-02-13,industrial_silicon,工业硅,线材硅胶上游,9650.0,元/吨,AKShare/生意社现货与期货,akshare_basis,SI,2026-02-13,,8560.0,8395.0,-0.13005181347150263,
2026-02-24,industrial_silicon,工业硅,线材硅胶上游,9650.0,元/吨,AKShare/生意社现货与期货,akshare_basis,SI,2026-02-24,,8330.0,8410.0,-0.12849740932642484,
2026-02-25,industrial_silicon,工业硅,线材硅胶上游,9630.0,元/吨,AKShare/生意社现货与期货,akshare_basis,SI,2026-02-25,,8360.0,8430.0,-0.12461059190031154,
2026-02-26,industrial_silicon,工业硅,线材硅胶上游,9610.0,元/吨,AKShare/生意社现货与期货,akshare_basis,SI,2026-02-26,,8250.0,8335.0,-0.13267429760665972,
2026-02-27,industrial_silicon,工业硅,线材硅胶上游,9540.0,元/吨,AKShare/生意社现货与期货,akshare_basis,SI,2026-02-27,,8270.0,8395.0,-0.12002096436058696,
2026-03-02,industrial_silicon,工业硅,线材硅胶上游,9530.0,元/吨,AKShare/生意社现货与期货,akshare_basis,SI,2026-03-02,,8280.0,8325.0,-0.1264428121720882,
2026-03-03,industrial_silicon,工业硅,线材硅胶上游,9530.0,元/吨,AKShare/生意社现货与期货,akshare_basis,SI,2026-03-03,,8050.0,8205.0,-0.13903462749213014,
2026-03-04,industrial_silicon,工业硅,线材硅胶上游,9460.0,元/吨,AKShare/生意社现货与期货,akshare_basis,SI,2026-03-04,,8220.0,8515.0,-0.09989429175475684,
2026-03-05,industrial_silicon,工业硅,线材硅胶上游,9460.0,元/吨,AKShare/生意社现货与期货,akshare_basis,SI,2026-03-05,,8220.0,8565.0,-0.09460887949260044,
2026-03-06,industrial_silicon,工业硅,线材硅胶上游,9480.0,元/吨,AKShare/生意社现货与期货,akshare_basis,SI,2026-03-06,,8600.0,8690.0,-0.08333333333333337,
2026-03-09,industrial_silicon,工业硅,线材硅胶上游,9580.0,元/吨,AKShare/生意社现货与期货,akshare_basis,SI,2026-03-09,,8760.0,8670.0,-0.09498956158663885,
2026-03-10,industrial_silicon,工业硅,线材硅胶上游,9560.0,元/吨,AKShare/生意社现货与期货,akshare_basis,SI,2026-03-10,,8570.0,8625.0,-0.09780334728033468,
2026-03-11,industrial_silicon,工业硅,线材硅胶上游,9560.0,元/吨,AKShare/生意社现货与期货,akshare_basis,SI,2026-03-11,,8550.0,8620.0,-0.09832635983263593,
2026-03-12,industrial_silicon,工业硅,线材硅胶上游,9560.0,元/吨,AKShare/生意社现货与期货,akshare_basis,SI,2026-03-12,,8550.0,8645.0,-0.09571129707112969,
2026-03-13,industrial_silicon,工业硅,线材硅胶上游,9560.0,元/吨,AKShare/生意社现货与期货,akshare_basis,SI,2026-03-13,,8295.0,8675.0,-0.09257322175732219,
2026-03-16,industrial_silicon,工业硅,线材硅胶上游,9560.0,元/吨,AKShare/生意社现货与期货,akshare_basis,SI,2026-03-16,,8635.0,8685.0,-0.09152719665271969,
2026-03-17,industrial_silicon,工业硅,线材硅胶上游,9560.0,元/吨,AKShare/生意社现货与期货,akshare_basis,SI,2026-03-17,,8515.0,8560.0,-0.10460251046025104,
2026-03-18,industrial_silicon,工业硅,线材硅胶上游,9560.0,元/吨,AKShare/生意社现货与期货,akshare_basis,SI,2026-03-18,,8325.0,8375.0,-0.1239539748953975,
2026-03-19,industrial_silicon,工业硅,线材硅胶上游,9500.0,元/吨,AKShare/生意社现货与期货,akshare_basis,SI,2026-03-19,,8255.0,8285.0,-0.12789473684210528,
2026-03-20,industrial_silicon,工业硅,线材硅胶上游,9500.0,元/吨,AKShare/生意社现货与期货,akshare_basis,SI,2026-03-20,,8395.0,8455.0,-0.10999999999999999,
2026-03-23,industrial_silicon,工业硅,线材硅胶上游,9510.0,元/吨,AKShare/生意社现货与期货,akshare_basis,SI,2026-03-23,,8515.0,8575.0,-0.09831756046267093,
2026-03-24,industrial_silicon,工业硅,线材硅胶上游,9510.0,元/吨,AKShare/生意社现货与期货,akshare_basis,SI,2026-03-24,,8550.0,8605.0,-0.09516298633017872,
2026-03-25,industrial_silicon,工业硅,线材硅胶上游,9510.0,元/吨,AKShare/生意社现货与期货,akshare_basis,SI,2026-03-25,,8700.0,8770.0,-0.0778128286014721,
2026-03-26,industrial_silicon,工业硅,线材硅胶上游,9510.0,元/吨,AKShare/生意社现货与期货,akshare_basis,SI,2026-03-26,,8685.0,8735.0,-0.08149316508937965,
2026-03-27,industrial_silicon,工业硅,线材硅胶上游,9510.0,元/吨,AKShare/生意社现货与期货,akshare_basis,SI,2026-03-27,,8560.0,8625.0,-0.09305993690851733,
2026-03-30,industrial_silicon,工业硅,线材硅胶上游,9510.0,元/吨,AKShare/生意社现货与期货,akshare_basis,SI,2026-03-30,,8430.0,8480.0,-0.10830704521556256,
2026-03-31,industrial_silicon,工业硅,线材硅胶上游,9470.0,元/吨,AKShare/生意社现货与期货,akshare_basis,SI,2026-03-31,,8295.0,8355.0,-0.11774023231256603,
2026-04-01,industrial_silicon,工业硅,线材硅胶上游,9440.0,元/吨,AKShare/生意社现货与期货,akshare_basis,SI,2026-04-01,,8350.0,8325.0,-0.11811440677966101,
2026-04-02,industrial_silicon,工业硅,线材硅胶上游,9440.0,元/吨,AKShare/生意社现货与期货,akshare_basis,SI,2026-04-02,,8240.0,8300.0,-0.12076271186440679,
2026-04-03,industrial_silicon,工业硅,线材硅胶上游,9440.0,元/吨,AKShare/生意社现货与期货,akshare_basis,SI,2026-04-03,,8220.0,8285.0,-0.12235169491525422,
2026-04-07,industrial_silicon,工业硅,线材硅胶上游,9360.0,元/吨,AKShare/生意社现货与期货,akshare_basis,SI,2026-04-07,,8165.0,8260.0,-0.11752136752136755,
2026-04-08,industrial_silicon,工业硅,线材硅胶上游,9360.0,元/吨,AKShare/生意社现货与期货,akshare_basis,SI,2026-04-08,,8210.0,8280.0,-0.11538461538461542,
2026-04-09,industrial_silicon,工业硅,线材硅胶上游,9360.0,元/吨,AKShare/生意社现货与期货,akshare_basis,SI,2026-04-09,,8225.0,8260.0,-0.11752136752136755,
2026-04-10,industrial_silicon,工业硅,线材硅胶上游,9360.0,元/吨,AKShare/生意社现货与期货,akshare_basis,SI,2026-04-10,,8165.0,8250.0,-0.11858974358974361,
2026-04-13,industrial_silicon,工业硅,线材硅胶上游,9360.0,元/吨,AKShare/生意社现货与期货,akshare_basis,SI,2026-04-13,,8360.0,8550.0,-0.08653846153846156,
2026-04-14,industrial_silicon,工业硅,线材硅胶上游,9360.0,元/吨,AKShare/生意社现货与期货,akshare_basis,SI,2026-04-14,,8255.0,8450.0,-0.09722222222222221,
2026-04-15,industrial_silicon,工业硅,线材硅胶上游,9360.0,元/吨,AKShare/生意社现货与期货,akshare_basis,SI,2026-04-15,,8365.0,8510.0,-0.09081196581196582,
2026-04-16,industrial_silicon,工业硅,线材硅胶上游,9370.0,元/吨,AKShare/生意社现货与期货,akshare_basis,SI,2026-04-16,,8480.0,8575.0,-0.08484525080042693,
2026-04-17,industrial_silicon,工业硅,线材硅胶上游,9370.0,元/吨,AKShare/生意社现货与期货,akshare_basis,SI,2026-04-17,,8550.0,8630.0,-0.07897545357524016,
2026-04-20,industrial_silicon,工业硅,线材硅胶上游,9390.0,元/吨,AKShare/生意社现货与期货,akshare_basis,SI,2026-04-20,,8580.0,8690.0,-0.07454739084132056,
2026-04-21,industrial_silicon,工业硅,线材硅胶上游,9390.0,元/吨,AKShare/生意社现货与期货,akshare_basis,SI,2026-04-21,,8550.0,8655.0,-0.07827476038338654,
2026-04-22,industrial_silicon,工业硅,线材硅胶上游,9390.0,元/吨,AKShare/生意社现货与期货,akshare_basis,SI,2026-04-22,,8545.0,8675.0,-0.0761448349307774,
2026-04-23,industrial_silicon,工业硅,线材硅胶上游,9390.0,元/吨,AKShare/生意社现货与期货,akshare_basis,SI,2026-04-23,,8510.0,8655.0,-0.07827476038338654,
2026-04-24,industrial_silicon,工业硅,线材硅胶上游,9390.0,元/吨,AKShare/生意社现货与期货,akshare_basis,SI,2026-04-24,,8470.0,8615.0,-0.08253461128860495,
2026-04-27,industrial_silicon,工业硅,线材硅胶上游,9390.0,元/吨,AKShare/生意社现货与期货,akshare_basis,SI,2026-04-27,,8470.0,8635.0,-0.08040468583599569,
2026-04-28,industrial_silicon,工业硅,线材硅胶上游,9390.0,元/吨,AKShare/生意社现货与期货,akshare_basis,SI,2026-04-28,,8510.0,8680.0,-0.07561235356762508,
2026-04-29,industrial_silicon,工业硅,线材硅胶上游,9390.0,元/吨,AKShare/生意社现货与期货,akshare_basis,SI,2026-04-29,,8590.0,8775.0,-0.06549520766773165,
2026-04-30,industrial_silicon,工业硅,线材硅胶上游,9390.0,元/吨,AKShare/生意社现货与期货,akshare_basis,SI,2026-04-30,,8590.0,8795.0,-0.0633652822151225,
2026-05-06,industrial_silicon,工业硅,线材硅胶上游,9390.0,元/吨,AKShare/生意社现货与期货,akshare_basis,SI,2026-05-06,,8730.0,8925.0,-0.04952076677316297,
2026-05-07,industrial_silicon,工业硅,线材硅胶上游,9460.0,元/吨,AKShare/生意社现货与期货,akshare_basis,SI,2026-05-07,,8960.0,9080.0,-0.04016913319238902,
2026-05-08,industrial_silicon,工业硅,线材硅胶上游,9510.0,元/吨,AKShare/生意社现货与期货,akshare_basis,SI,2026-05-08,,8920.0,9020.0,-0.051524710830704534,
2026-05-11,industrial_silicon,工业硅,线材硅胶上游,9520.0,元/吨,AKShare/生意社现货与期货,akshare_basis,SI,2026-05-11,,8910.0,9110.0,-0.04306722689075626,
2026-05-12,industrial_silicon,工业硅,线材硅胶上游,9520.0,元/吨,AKShare/生意社现货与期货,akshare_basis,SI,2026-05-12,,8630.0,8795.0,-0.0761554621848739,
2026-05-13,industrial_silicon,工业硅,线材硅胶上游,9510.0,元/吨,AKShare/生意社现货与期货,akshare_basis,SI,2026-05-13,,8500.0,8715.0,-0.08359621451104104,
2026-05-14,industrial_silicon,工业硅,线材硅胶上游,9510.0,元/吨,AKShare/生意社现货与期货,akshare_basis,SI,2026-05-14,,8500.0,8655.0,-0.08990536277602523,
2026-05-15,industrial_silicon,工业硅,线材硅胶上游,9480.0,元/吨,AKShare/生意社现货与期货,akshare_basis,SI,2026-05-15,,8420.0,8480.0,-0.10548523206751059,
2026-05-18,industrial_silicon,工业硅,线材硅胶上游,9450.0,元/吨,AKShare/生意社现货与期货,akshare_basis,SI,2026-05-18,,8300.0,8445.0,-0.1063492063492063,
2026-05-19,industrial_silicon,工业硅,线材硅胶上游,9420.0,元/吨,AKShare/生意社现货与期货,akshare_basis,SI,2026-05-19,,8735.0,8450.0,-0.10297239915074308,
2026-05-20,industrial_silicon,工业硅,线材硅胶上游,9420.0,元/吨,AKShare/生意社现货与期货,akshare_basis,SI,2026-05-20,,8330.0,8460.0,-0.10191082802547768,
2026-05-21,industrial_silicon,工业硅,线材硅胶上游,9420.0,元/吨,AKShare/生意社现货与期货,akshare_basis,SI,2026-05-21,,8310.0,8440.0,-0.10403397027600847,
2026-05-22,industrial_silicon,工业硅,线材硅胶上游,9420.0,元/吨,AKShare/生意社现货与期货,akshare_basis,SI,2026-05-22,,8310.0,8440.0,-0.10403397027600847,
2026-05-25,industrial_silicon,工业硅,线材硅胶上游,9420.0,元/吨,AKShare/生意社现货与期货,akshare_basis,SI,2026-05-25,,8425.0,8570.0,-0.09023354564755837,
2026-05-26,industrial_silicon,工业硅,线材硅胶上游,9420.0,元/吨,AKShare/生意社现货与期货,akshare_basis,SI,2026-05-26,,8410.0,8565.0,-0.09076433121019112,
2026-05-27,industrial_silicon,工业硅,线材硅胶上游,9420.0,元/吨,AKShare/生意社现货与期货,akshare_basis,SI,2026-05-27,,8400.0,8555.0,-0.09182590233545651,
2026-05-28,industrial_silicon,工业硅,线材硅胶上游,9420.0,元/吨,AKShare/生意社现货与期货,akshare_basis,SI,2026-05-28,,8430.0,8590.0,-0.08811040339702758,
2026-05-29,industrial_silicon,工业硅,线材硅胶上游,9420.0,元/吨,AKShare/生意社现货与期货,akshare_basis,SI,2026-05-29,,8415.0,8585.0,-0.08864118895966033,
2026-06-01,industrial_silicon,工业硅,线材硅胶上游,9440.0,元/吨,AKShare/生意社现货与期货,akshare_basis,SI,2026-06-01,,8580.0,8745.0,-0.0736228813559322,
2026-06-02,industrial_silicon,工业硅,线材硅胶上游,9440.0,元/吨,AKShare/生意社现货与期货,akshare_basis,SI,2026-06-02,,8545.0,8690.0,-0.07944915254237284,
2026-06-03,industrial_silicon,工业硅,线材硅胶上游,9440.0,元/吨,AKShare/生意社现货与期货,akshare_basis,SI,2026-06-03,,8650.0,8755.0,-0.07256355932203384,
2026-06-04,industrial_silicon,工业硅,线材硅胶上游,9440.0,元/吨,AKShare/生意社现货与期货,akshare_basis,SI,2026-06-04,,8650.0,8715.0,-0.07680084745762716,
2026-06-05,industrial_silicon,工业硅,线材硅胶上游,9440.0,元/吨,AKShare/生意社现货与期货,akshare_basis,SI,2026-06-05,,8550.0,8700.0,-0.07838983050847459,
2026-06-08,industrial_silicon,工业硅,线材硅胶上游,9440.0,元/吨,AKShare/生意社现货与期货,akshare_basis,SI,2026-06-08,,8550.0,8660.0,-0.0826271186440678,
2026-06-09,industrial_silicon,工业硅,线材硅胶上游,9440.0,元/吨,AKShare/生意社现货与期货,akshare_basis,SI,2026-06-09,,8550.0,8515.0,-0.09798728813559321,
2026-06-10,industrial_silicon,工业硅,线材硅胶上游,9440.0,元/吨,AKShare/生意社现货与期货,akshare_basis,SI,2026-06-10,,8590.0,8785.0,-0.06938559322033899,
2026-06-11,industrial_silicon,工业硅,线材硅胶上游,9440.0,元/吨,AKShare/生意社现货与期货,akshare_basis,SI,2026-06-11,,8590.0,8760.0,-0.07203389830508478,
2026-06-12,industrial_silicon,工业硅,线材硅胶上游,9440.0,元/吨,AKShare/生意社现货与期货,akshare_basis,SI,2026-06-12,,8570.0,8745.0,-0.0736228813559322,
2025-12-15,iron_ore,铁矿石,钢材上游,795.67,元/吨,AKShare/生意社现货与期货,akshare_basis,I,2025-12-15,,777.0,753.0,-0.05362776025236593,
2025-12-16,iron_ore,铁矿石,钢材上游,795.89,元/吨,AKShare/生意社现货与期货,akshare_basis,I,2025-12-16,,783.5,761.0,-0.04383771626732336,
2025-12-17,iron_ore,铁矿石,钢材上游,801.89,元/吨,AKShare/生意社现货与期货,akshare_basis,I,2025-12-17,,788.5,768.0,-0.04226265447879385,
2025-12-18,iron_ore,铁矿石,钢材上游,811.44,元/吨,AKShare/生意社现货与期货,akshare_basis,I,2025-12-18,,797.0,777.5,-0.04182687567780741,
2025-12-19,iron_ore,铁矿石,钢材上游,811.33,元/吨,AKShare/生意社现货与期货,akshare_basis,I,2025-12-19,,798.0,780.0,-0.03861560647332163,
2025-12-22,iron_ore,铁矿石,钢材上游,812.22,元/吨,AKShare/生意社现货与期货,akshare_basis,I,2025-12-22,,797.5,781.5,-0.037822264903597524,
2025-12-23,iron_ore,铁矿石,钢材上游,810.56,元/吨,AKShare/生意社现货与期货,akshare_basis,I,2025-12-23,,796.5,778.5,-0.039552901697591736,
2025-12-24,iron_ore,铁矿石,钢材上游,805.33,元/吨,AKShare/生意社现货与期货,akshare_basis,I,2025-12-24,,798.0,779.5,-0.0320738082525176,
2025-12-25,iron_ore,铁矿石,钢材上游,808.89,元/吨,AKShare/生意社现货与期货,akshare_basis,I,2025-12-25,,798.0,778.5,-0.0375700033379075,
2025-12-26,iron_ore,铁矿石,钢材上游,808.67,元/吨,AKShare/生意社现货与期货,akshare_basis,I,2025-12-26,,801.5,783.0,-0.0317434800351194,
2025-12-29,iron_ore,铁矿石,钢材上游,816.67,元/吨,AKShare/生意社现货与期货,akshare_basis,I,2025-12-29,,816.0,796.5,-0.024697858376088178,
2025-12-30,iron_ore,铁矿石,钢材上游,824.22,元/吨,AKShare/生意社现货与期货,akshare_basis,I,2025-12-30,,809.0,789.0,-0.04273130960180538,
2025-12-31,iron_ore,铁矿石,钢材上游,817.11,元/吨,AKShare/生意社现货与期货,akshare_basis,I,2025-12-31,,805.0,789.5,-0.03378982022004384,
2026-01-05,iron_ore,铁矿石,钢材上游,822.11,元/吨,AKShare/生意社现货与期货,akshare_basis,I,2026-01-05,,814.5,797.0,-0.030543357944800564,
2026-01-06,iron_ore,铁矿石,钢材上游,817.78,元/吨,AKShare/生意社现货与期货,akshare_basis,I,2026-01-06,,826.0,801.0,-0.020518965981070725,
2026-01-07,iron_ore,铁矿石,钢材上游,834.44,元/吨,AKShare/生意社现货与期货,akshare_basis,I,2026-01-07,,839.0,828.0,-0.007717750826901959,
2026-01-08,iron_ore,铁矿石,钢材上游,842.78,元/吨,AKShare/生意社现货与期货,akshare_basis,I,2026-01-08,,858.0,813.0,-0.035335437480718546,
2026-01-09,iron_ore,铁矿石,钢材上游,834.56,元/吨,AKShare/生意社现货与期货,akshare_basis,I,2026-01-09,,852.0,814.5,-0.02403661809815949,
2026-01-12,iron_ore,铁矿石,钢材上游,842.56,元/吨,AKShare/生意社现货与期货,akshare_basis,I,2026-01-12,,864.0,822.5,-0.0238083934675275,
2026-01-13,iron_ore,铁矿石,钢材上游,839.33,元/吨,AKShare/生意社现货与期货,akshare_basis,I,2026-01-13,,830.0,819.5,-0.02362598739470778,
2026-01-14,iron_ore,铁矿石,钢材上游,840.22,元/吨,AKShare/生意社现货与期货,akshare_basis,I,2026-01-14,,832.5,821.0,-0.022874961319654386,
2026-01-15,iron_ore,铁矿石,钢材上游,837.33,元/吨,AKShare/生意社现货与期货,akshare_basis,I,2026-01-15,,832.5,813.0,-0.029056644333775306,
2026-01-16,iron_ore,铁矿石,钢材上游,833.89,元/吨,AKShare/生意社现货与期货,akshare_basis,I,2026-01-16,,806.5,812.0,-0.02625046468958736,
2026-01-19,iron_ore,铁矿石,钢材上游,824.44,元/吨,AKShare/生意社现货与期货,akshare_basis,I,2026-01-19,,810.0,794.0,-0.03692203192470045,
2026-01-20,iron_ore,铁矿石,钢材上游,807.56,元/吨,AKShare/生意社现货与期货,akshare_basis,I,2026-01-20,,807.0,789.5,-0.022363663381049004,
2026-01-21,iron_ore,铁矿石,钢材上游,811.44,元/吨,AKShare/生意社现货与期货,akshare_basis,I,2026-01-21,,800.0,784.0,-0.033816425120772986,
2026-01-22,iron_ore,铁矿石,钢材上游,810.44,元/吨,AKShare/生意社现货与期货,akshare_basis,I,2026-01-22,,800.0,786.5,-0.0295395094023001,
2026-01-23,iron_ore,铁矿石,钢材上游,815.56,元/吨,AKShare/生意社现货与期货,akshare_basis,I,2026-01-23,,805.0,795.0,-0.025209671881897044,
2026-01-26,iron_ore,铁矿石,钢材上游,816.67,元/吨,AKShare/生意社现货与期货,akshare_basis,I,2026-01-26,,796.5,784.5,-0.03939167595234305,
2026-01-27,iron_ore,铁矿石,钢材上游,814.78,元/吨,AKShare/生意社现货与期货,akshare_basis,I,2026-01-27,,809.0,788.0,-0.0328677679864503,
2026-01-28,iron_ore,铁矿石,钢材上游,808.67,元/吨,AKShare/生意社现货与期货,akshare_basis,I,2026-01-28,,807.0,783.0,-0.0317434800351194,
2026-01-29,iron_ore,铁矿石,钢材上游,812.78,元/吨,AKShare/生意社现货与期货,akshare_basis,I,2026-01-29,,817.5,798.5,-0.01756932995398508,
2026-01-30,iron_ore,铁矿石,钢材上游,811.0,元/吨,AKShare/生意社现货与期货,akshare_basis,I,2026-01-30,,805.0,791.5,-0.02404438964241673,
2026-02-02,iron_ore,铁矿石,钢材上游,805.0,元/吨,AKShare/生意社现货与期货,akshare_basis,I,2026-02-02,,808.0,783.0,-0.027329192546583836,
2026-02-03,iron_ore,铁矿石,钢材上游,805.56,元/吨,AKShare/生意社现货与期货,akshare_basis,I,2026-02-03,,808.0,777.5,-0.03483291126669641,
2026-02-04,iron_ore,铁矿石,钢材上游,805.56,元/吨,AKShare/生意社现货与期货,akshare_basis,I,2026-02-04,,808.0,781.5,-0.029867421421123086,
2026-02-05,iron_ore,铁矿石,钢材上游,791.78,元/吨,AKShare/生意社现货与期货,akshare_basis,I,2026-02-05,,808.0,768.5,-0.029402106645785464,
2026-02-06,iron_ore,铁矿石,钢材上游,786.89,元/吨,AKShare/生意社现货与期货,akshare_basis,I,2026-02-06,,808.0,760.5,-0.033537089046753676,
2026-02-09,iron_ore,铁矿石,钢材上游,781.44,元/吨,AKShare/生意社现货与期货,akshare_basis,I,2026-02-09,,808.0,761.5,-0.025516994266994386,
2026-02-10,iron_ore,铁矿石,钢材上游,781.44,元/吨,AKShare/生意社现货与期货,akshare_basis,I,2026-02-10,,808.0,761.5,-0.025516994266994386,
2026-02-11,iron_ore,铁矿石,钢材上游,781.44,元/吨,AKShare/生意社现货与期货,akshare_basis,I,2026-02-11,,807.0,783.0,0.001996314496314433,
2026-02-12,iron_ore,铁矿石,钢材上游,781.44,元/吨,AKShare/生意社现货与期货,akshare_basis,I,2026-02-12,,808.0,762.0,-0.02487714987714995,
2026-02-13,iron_ore,铁矿石,钢材上游,781.44,元/吨,AKShare/生意社现货与期货,akshare_basis,I,2026-02-13,,808.0,746.0,-0.04535217035217043,
2026-02-24,iron_ore,铁矿石,钢材上游,769.89,元/吨,AKShare/生意社现货与期货,akshare_basis,I,2026-02-24,,769.0,740.5,-0.03817428463806516,
2026-02-25,iron_ore,铁矿石,钢材上游,763.67,元/吨,AKShare/生意社现货与期货,akshare_basis,I,2026-02-25,,779.0,752.5,-0.014626736679455687,
2026-02-26,iron_ore,铁矿石,钢材上游,769.56,元/吨,AKShare/生意社现货与期货,akshare_basis,I,2026-02-26,,771.0,748.5,-0.027366287229065867,
2026-02-27,iron_ore,铁矿石,钢材上游,768.0,元/吨,AKShare/生意社现货与期货,akshare_basis,I,2026-02-27,,779.0,750.5,-0.02278645833333337,
2026-03-02,iron_ore,铁矿石,钢材上游,767.0,元/吨,AKShare/生意社现货与期货,akshare_basis,I,2026-03-02,,779.0,754.5,-0.01629726205997395,
2026-03-03,iron_ore,铁矿石,钢材上游,769.67,元/吨,AKShare/生意社现货与期货,akshare_basis,I,2026-03-03,,822.5,753.5,-0.02100900385879656,
2026-03-04,iron_ore,铁矿石,钢材上游,769.33,元/吨,AKShare/生意社现货与期货,akshare_basis,I,2026-03-04,,804.0,752.0,-0.022526094133856756,
2026-03-05,iron_ore,铁矿石,钢材上游,783.89,元/吨,AKShare/生意社现货与期货,akshare_basis,I,2026-03-05,,805.5,759.0,-0.03175190396611771,
2026-03-06,iron_ore,铁矿石,钢材上游,779.44,元/吨,AKShare/生意社现货与期货,akshare_basis,I,2026-03-06,,810.5,772.0,-0.009545314584830211,
2026-03-09,iron_ore,铁矿石,钢材上游,794.11,元/吨,AKShare/生意社现货与期货,akshare_basis,I,2026-03-09,,819.0,784.5,-0.012101598015388348,
2026-03-10,iron_ore,铁矿石,钢材上游,787.11,元/吨,AKShare/生意社现货与期货,akshare_basis,I,2026-03-10,,815.5,784.0,-0.003951163115701761,
2026-03-11,iron_ore,铁矿石,钢材上游,787.67,元/吨,AKShare/生意社现货与期货,akshare_basis,I,2026-03-11,,800.0,787.5,-0.00021582642477169234,
2026-03-12,iron_ore,铁矿石,钢材上游,793.11,元/吨,AKShare/生意社现货与期货,akshare_basis,I,2026-03-12,,800.0,795.5,0.0030134533671244412,
2026-03-13,iron_ore,铁矿石,钢材上游,815.11,元/吨,AKShare/生意社现货与期货,akshare_basis,I,2026-03-13,,816.5,811.5,-0.00442885009385241,
2026-03-16,iron_ore,铁矿石,钢材上游,808.11,元/吨,AKShare/生意社现货与期货,akshare_basis,I,2026-03-16,,818.5,809.0,0.0011013352142654753,
2026-03-17,iron_ore,铁矿石,钢材上游,809.0,元/吨,AKShare/生意社现货与期货,akshare_basis,I,2026-03-17,,823.5,816.5,0.009270704573547617,
2026-03-18,iron_ore,铁矿石,钢材上游,814.33,元/吨,AKShare/生意社现货与期货,akshare_basis,I,2026-03-18,,828.0,811.0,-0.0040892512863336394,
2026-03-19,iron_ore,铁矿石,钢材上游,809.0,元/吨,AKShare/生意社现货与期货,akshare_basis,I,2026-03-19,,828.5,807.5,-0.001854140914709479,
2026-03-20,iron_ore,铁矿石,钢材上游,809.67,元/吨,AKShare/生意社现货与期货,akshare_basis,I,2026-03-20,,839.5,815.5,0.0072004643867256135,
2026-03-23,iron_ore,铁矿石,钢材上游,811.33,元/吨,AKShare/生意社现货与期货,akshare_basis,I,2026-03-23,,836.5,819.0,0.009453613203012301,
2026-03-24,iron_ore,铁矿石,钢材上游,813.56,元/吨,AKShare/生意社现货与期货,akshare_basis,I,2026-03-24,,846.5,824.0,0.01283248930625902,
2026-03-25,iron_ore,铁矿石,钢材上游,811.78,元/吨,AKShare/生意社现货与期货,akshare_basis,I,2026-03-25,,824.0,806.5,-0.006504225282711995,
2026-03-26,iron_ore,铁矿石,钢材上游,809.89,元/吨,AKShare/生意社现货与期货,akshare_basis,I,2026-03-26,,825.0,817.0,0.008778969983578078,
2026-03-27,iron_ore,铁矿石,钢材上游,803.78,元/吨,AKShare/生意社现货与期货,akshare_basis,I,2026-03-27,,817.5,812.0,0.010226678941999134,
2026-03-30,iron_ore,铁矿石,钢材上游,804.44,元/吨,AKShare/生意社现货与期货,akshare_basis,I,2026-03-30,,820.5,813.0,0.010640942767639494,
2026-03-31,iron_ore,铁矿石,钢材上游,802.11,元/吨,AKShare/生意社现货与期货,akshare_basis,I,2026-03-31,,822.0,808.0,0.00734313248806262,
2026-04-01,iron_ore,铁矿石,钢材上游,801.11,元/吨,AKShare/生意社现货与期货,akshare_basis,I,2026-04-01,,823.0,812.0,0.013593638826128629,
2026-04-02,iron_ore,铁矿石,钢材上游,786.11,元/吨,AKShare/生意社现货与期货,akshare_basis,I,2026-04-02,,817.0,780.5,-0.007136405846510097,
2026-04-03,iron_ore,铁矿石,钢材上游,787.56,元/吨,AKShare/生意社现货与期货,akshare_basis,I,2026-04-03,,810.0,776.0,-0.01467824673675655,
2026-04-07,iron_ore,铁矿石,钢材上游,788.89,元/吨,AKShare/生意社现货与期货,akshare_basis,I,2026-04-07,,810.0,774.5,-0.018240819379127582,
2026-04-08,iron_ore,铁矿石,钢材上游,787.56,元/吨,AKShare/生意社现货与期货,akshare_basis,I,2026-04-08,,810.0,766.5,-0.02674081974706677,
2026-04-09,iron_ore,铁矿石,钢材上游,773.56,元/吨,AKShare/生意社现货与期货,akshare_basis,I,2026-04-09,,810.0,750.0,-0.030456590309736686,
2026-04-10,iron_ore,铁矿石,钢材上游,768.11,元/吨,AKShare/生意社现货与期货,akshare_basis,I,2026-04-10,,810.0,753.5,-0.019020713179101922,
2026-04-13,iron_ore,铁矿石,钢材上游,774.22,元/吨,AKShare/生意社现货与期货,akshare_basis,I,2026-04-13,,792.5,763.5,-0.013846193588385791,
2026-04-14,iron_ore,铁矿石,钢材上游,775.89,元/吨,AKShare/生意社现货与期货,akshare_basis,I,2026-04-14,,792.5,758.5,-0.022412970910824948,
2026-04-15,iron_ore,铁矿石,钢材上游,773.67,元/吨,AKShare/生意社现货与期货,akshare_basis,I,2026-04-15,,815.0,764.0,-0.012498869026846049,
2026-04-16,iron_ore,铁矿石,钢材上游,785.78,元/吨,AKShare/生意社现货与期货,akshare_basis,I,2026-04-16,,808.5,782.5,-0.0041741963399424264,
2026-04-17,iron_ore,铁矿石,钢材上游,788.78,元/吨,AKShare/生意社现货与期货,akshare_basis,I,2026-04-17,,803.0,778.5,-0.013032784806916942,
2026-04-20,iron_ore,铁矿石,钢材上游,787.11,元/吨,AKShare/生意社现货与期货,akshare_basis,I,2026-04-20,,812.5,786.5,-0.0007749869776778606,
2026-04-21,iron_ore,铁矿石,钢材上游,790.44,元/吨,AKShare/生意社现货与期货,akshare_basis,I,2026-04-21,,809.0,784.0,-0.008147360963514094,
2026-04-22,iron_ore,铁矿石,钢材上游,789.56,元/吨,AKShare/生意社现货与期货,akshare_basis,I,2026-04-22,,809.5,786.5,-0.003875576270327752,
2026-04-23,iron_ore,铁矿石,钢材上游,791.56,元/吨,AKShare/生意社现货与期货,akshare_basis,I,2026-04-23,,807.0,783.5,-0.010182424579311622,
2026-04-24,iron_ore,铁矿石,钢材上游,791.89,元/吨,AKShare/生意社现货与期货,akshare_basis,I,2026-04-24,,809.5,786.5,-0.006806500902903134,
2026-04-27,iron_ore,铁矿石,钢材上游,792.22,元/吨,AKShare/生意社现货与期货,akshare_basis,I,2026-04-27,,811.0,786.0,-0.007851354421751555,
2026-04-28,iron_ore,铁矿石,钢材上游,789.78,元/吨,AKShare/生意社现货与期货,akshare_basis,I,2026-04-28,,804.5,780.5,-0.011750107624908135,
2026-04-29,iron_ore,铁矿石,钢材上游,782.67,元/吨,AKShare/生意社现货与期货,akshare_basis,I,2026-04-29,,810.5,787.5,0.0061711832573114744,
2026-04-30,iron_ore,铁矿石,钢材上游,787.56,元/吨,AKShare/生意社现货与期货,akshare_basis,I,2026-04-30,,820.5,796.0,0.010716643811265136,
2026-05-06,iron_ore,铁矿石,钢材上游,806.67,元/吨,AKShare/生意社现货与期货,akshare_basis,I,2026-05-06,,845.5,816.0,0.011566067908810318,
2026-05-07,iron_ore,铁矿石,钢材上游,806.67,元/吨,AKShare/生意社现货与期货,akshare_basis,I,2026-05-07,,842.0,817.0,0.01280573220771819,
2026-05-08,iron_ore,铁矿石,钢材上游,809.89,元/吨,AKShare/生意社现货与期货,akshare_basis,I,2026-05-08,,842.5,814.5,0.00569213103013988,
2026-05-11,iron_ore,铁矿石,钢材上游,813.0,元/吨,AKShare/生意社现货与期货,akshare_basis,I,2026-05-11,,840.5,822.5,0.011685116851168464,
2026-05-12,iron_ore,铁矿石,钢材上游,813.11,元/吨,AKShare/生意社现货与期货,akshare_basis,I,2026-05-12,,838.0,812.5,-0.0007502059991882915,
2026-05-13,iron_ore,铁矿石,钢材上游,808.33,元/吨,AKShare/生意社现货与期货,akshare_basis,I,2026-05-13,,838.5,820.0,0.014437172936795584,
2026-05-14,iron_ore,铁矿石,钢材上游,805.44,元/吨,AKShare/生意社现货与期货,akshare_basis,I,2026-05-14,,838.0,817.0,0.014352403655145007,
2026-05-15,iron_ore,铁矿石,钢材上游,805.11,元/吨,AKShare/生意社现货与期货,akshare_basis,I,2026-05-15,,836.0,809.5,0.005452671063581382,
2026-05-18,iron_ore,铁矿石,钢材上游,795.67,元/吨,AKShare/生意社现货与期货,akshare_basis,I,2026-05-18,,831.0,803.0,0.009212361908831568,
2026-05-19,iron_ore,铁矿石,钢材上游,788.33,元/吨,AKShare/生意社现货与期货,akshare_basis,I,2026-05-19,,839.5,798.5,0.012900688797838455,
2026-05-20,iron_ore,铁矿石,钢材上游,787.22,元/吨,AKShare/生意社现货与期货,akshare_basis,I,2026-05-20,,817.0,800.0,0.016234343639643267,
2026-05-21,iron_ore,铁矿石,钢材上游,784.0,元/吨,AKShare/生意社现货与期货,akshare_basis,I,2026-05-21,,810.0,789.5,0.007015306122448939,
2026-05-22,iron_ore,铁矿石,钢材上游,779.33,元/吨,AKShare/生意社现货与期货,akshare_basis,I,2026-05-22,,811.5,792.0,0.016257554566101673,
2026-05-25,iron_ore,铁矿石,钢材上游,788.78,元/吨,AKShare/生意社现货与期货,akshare_basis,I,2026-05-25,,815.5,793.0,0.005350034230076961,
2026-05-26,iron_ore,铁矿石,钢材上游,775.33,元/吨,AKShare/生意社现货与期货,akshare_basis,I,2026-05-26,,802.5,781.0,0.007313015103246334,
2026-05-27,iron_ore,铁矿石,钢材上游,771.89,元/吨,AKShare/生意社现货与期货,akshare_basis,I,2026-05-27,,801.5,781.5,0.012449960486597744,
2026-05-28,iron_ore,铁矿石,钢材上游,769.67,元/吨,AKShare/生意社现货与期货,akshare_basis,I,2026-05-28,,791.5,780.5,0.014070965478711672,
2026-05-29,iron_ore,铁矿石,钢材上游,769.56,元/吨,AKShare/生意社现货与期货,akshare_basis,I,2026-05-29,,792.5,783.5,0.01811424710224041,
2026-06-01,iron_ore,铁矿石,钢材上游,770.44,元/吨,AKShare/生意社现货与期货,akshare_basis,I,2026-06-01,,797.0,781.0,0.0137064534551683,
2026-06-02,iron_ore,铁矿石,钢材上游,771.67,元/吨,AKShare/生意社现货与期货,akshare_basis,I,2026-06-02,,800.0,786.5,0.01921805953322031,
2026-06-03,iron_ore,铁矿石,钢材上游,769.78,元/吨,AKShare/生意社现货与期货,akshare_basis,I,2026-06-03,,795.0,780.0,0.013276520564317051,
2026-06-04,iron_ore,铁矿石,钢材上游,763.44,元/吨,AKShare/生意社现货与期货,akshare_basis,I,2026-06-04,,797.0,767.5,0.005318034161165164,
2026-06-05,iron_ore,铁矿石,钢材上游,752.11,元/吨,AKShare/生意社现货与期货,akshare_basis,I,2026-06-05,,775.0,766.0,0.018468043238356158,
2026-06-08,iron_ore,铁矿石,钢材上游,753.56,元/吨,AKShare/生意社现货与期货,akshare_basis,I,2026-06-08,,775.0,759.0,0.007219066829449616,
2026-06-09,iron_ore,铁矿石,钢材上游,746.56,元/吨,AKShare/生意社现货与期货,akshare_basis,I,2026-06-09,,775.0,760.0,0.018002571795970868,
2026-06-10,iron_ore,铁矿石,钢材上游,745.44,元/吨,AKShare/生意社现货与期货,akshare_basis,I,2026-06-10,,775.0,771.5,0.03495921871646268,
2026-06-11,iron_ore,铁矿石,钢材上游,750.56,元/吨,AKShare/生意社现货与期货,akshare_basis,I,2026-06-11,,775.0,764.0,0.017906629716478495,
2026-06-12,iron_ore,铁矿石,钢材上游,746.11,元/吨,AKShare/生意社现货与期货,akshare_basis,I,2026-06-12,,797.5,764.0,0.0239776976585222,
2025-12-15,lfp_cathode_proxy,磷酸铁锂正极材料（碳酸锂代理）,电池正极材料,96233.33,元/吨,碳酸锂价格代理,derived_from,LC,2025-12-15,,99100.0,101060.0,0.05015590752185339,公开日度成交价稀疏，先用碳酸锂作为正极材料成本压力代理，同时建议补录电芯/正极供应商报价。
2025-12-16,lfp_cathode_proxy,磷酸铁锂正极材料（碳酸锂代理）,电池正极材料,97733.33,元/吨,碳酸锂价格代理,derived_from,LC,2025-12-16,,98740.0,100600.0,0.02933154943149896,公开日度成交价稀疏，先用碳酸锂作为正极材料成本压力代理，同时建议补录电芯/正极供应商报价。
2025-12-17,lfp_cathode_proxy,磷酸铁锂正极材料（碳酸锂代理）,电池正极材料,100733.33,元/吨,碳酸锂价格代理,derived_from,LC,2025-12-17,,106820.0,108620.0,0.07829255719035588,公开日度成交价稀疏，先用碳酸锂作为正极材料成本压力代理，同时建议补录电芯/正极供应商报价。
2025-12-18,lfp_cathode_proxy,磷酸铁锂正极材料（碳酸锂代理）,电池正极材料,101733.33,元/吨,碳酸锂价格代理,derived_from,LC,2025-12-18,,104440.0,106160.0,0.04351248504300398,公开日度成交价稀疏，先用碳酸锂作为正极材料成本压力代理，同时建议补录电芯/正极供应商报价。
2025-12-19,lfp_cathode_proxy,磷酸铁锂正极材料（碳酸锂代理）,电池正极材料,102733.33,元/吨,碳酸锂价格代理,derived_from,LC,2025-12-19,,109720.0,111400.0,0.08436083985596499,公开日度成交价稀疏，先用碳酸锂作为正极材料成本压力代理，同时建议补录电芯/正极供应商报价。
2025-12-22,lfp_cathode_proxy,磷酸铁锂正极材料（碳酸锂代理）,电池正极材料,107733.33,元/吨,碳酸锂价格代理,derived_from,LC,2025-12-22,,112480.0,114380.0,0.06169557740394738,公开日度成交价稀疏，先用碳酸锂作为正极材料成本压力代理，同时建议补录电芯/正极供应商报价。
2025-12-23,lfp_cathode_proxy,磷酸铁锂正极材料（碳酸锂代理）,电池正极材料,108733.33,元/吨,碳酸锂价格代理,derived_from,LC,2025-12-23,,118440.0,120360.0,0.10692829880221644,公开日度成交价稀疏，先用碳酸锂作为正极材料成本压力代理，同时建议补录电芯/正极供应商报价。
2025-12-24,lfp_cathode_proxy,磷酸铁锂正极材料（碳酸锂代理）,电池正极材料,110733.33,元/吨,碳酸锂价格代理,derived_from,LC,2025-12-24,,122760.0,124720.0,0.1263094860418268,公开日度成交价稀疏，先用碳酸锂作为正极材料成本压力代理，同时建议补录电芯/正极供应商报价。
2025-12-25,lfp_cathode_proxy,磷酸铁锂正极材料（碳酸锂代理）,电池正极材料,111733.33,元/吨,碳酸锂价格代理,derived_from,LC,2025-12-25,,121540.0,123520.0,0.105489293123189,公开日度成交价稀疏，先用碳酸锂作为正极材料成本压力代理，同时建议补录电芯/正极供应商报价。
2025-12-26,lfp_cathode_proxy,磷酸铁锂正极材料（碳酸锂代理）,电池正极材料,117733.33,元/吨,碳酸锂价格代理,derived_from,LC,2025-12-26,,127800.0,130520.0,0.10860705290506933,公开日度成交价稀疏，先用碳酸锂作为正极材料成本压力代理，同时建议补录电芯/正极供应商报价。
2025-12-29,lfp_cathode_proxy,磷酸铁锂正极材料（碳酸锂代理）,电池正极材料,122066.67,元/吨,碳酸锂价格代理,derived_from,LC,2025-12-29,,117980.0,118820.0,-0.026597514292804103,公开日度成交价稀疏，先用碳酸锂作为正极材料成本压力代理，同时建议补录电芯/正极供应商报价。
2025-12-30,lfp_cathode_proxy,磷酸铁锂正极材料（碳酸锂代理）,电池正极材料,120400.0,元/吨,碳酸锂价格代理,derived_from,LC,2025-12-30,,119540.0,121580.0,0.009800664451827146,公开日度成交价稀疏，先用碳酸锂作为正极材料成本压力代理，同时建议补录电芯/正极供应商报价。
2025-12-31,lfp_cathode_proxy,磷酸铁锂正极材料（碳酸锂代理）,电池正极材料,119400.0,元/吨,碳酸锂价格代理,derived_from,LC,2025-12-31,,120000.0,121580.0,0.01825795644891115,公开日度成交价稀疏，先用碳酸锂作为正极材料成本压力代理，同时建议补录电芯/正极供应商报价。
2026-01-05,lfp_cathode_proxy,磷酸铁锂正极材料（碳酸锂代理）,电池正极材料,121566.67,元/吨,碳酸锂价格代理,derived_from,LC,2026-01-05,,127000.0,129980.0,0.06920753854654405,公开日度成交价稀疏，先用碳酸锂作为正极材料成本压力代理，同时建议补录电芯/正极供应商报价。
2026-01-06,lfp_cathode_proxy,磷酸铁锂正极材料（碳酸锂代理）,电池正极材料,129000.0,元/吨,碳酸锂价格代理,derived_from,LC,2026-01-06,,134360.0,137940.0,0.06930232558139537,公开日度成交价稀疏，先用碳酸锂作为正极材料成本压力代理，同时建议补录电芯/正极供应商报价。
2026-01-07,lfp_cathode_proxy,磷酸铁锂正极材料（碳酸锂代理）,电池正极材料,135000.0,元/吨,碳酸锂价格代理,derived_from,LC,2026-01-07,,139960.0,142300.0,0.05407407407407416,公开日度成交价稀疏，先用碳酸锂作为正极材料成本压力代理，同时建议补录电芯/正极供应商报价。
2026-01-08,lfp_cathode_proxy,磷酸铁锂正极材料（碳酸锂代理）,电池正极材料,138000.0,元/吨,碳酸锂价格代理,derived_from,LC,2026-01-08,,137000.0,145000.0,0.050724637681159424,公开日度成交价稀疏，先用碳酸锂作为正极材料成本压力代理，同时建议补录电芯/正极供应商报价。
2026-01-09,lfp_cathode_proxy,磷酸铁锂正极材料（碳酸锂代理）,电池正极材料,140000.0,元/吨,碳酸锂价格代理,derived_from,LC,2026-01-09,,138700.0,143420.0,0.024428571428571466,公开日度成交价稀疏，先用碳酸锂作为正极材料成本压力代理，同时建议补录电芯/正极供应商报价。
2026-01-12,lfp_cathode_proxy,磷酸铁锂正极材料（碳酸锂代理）,电池正极材料,150000.0,元/吨,碳酸锂价格代理,derived_from,LC,2026-01-12,,146000.0,156060.0,0.04039999999999999,公开日度成交价稀疏，先用碳酸锂作为正极材料成本压力代理，同时建议补录电芯/正极供应商报价。
2026-01-13,lfp_cathode_proxy,磷酸铁锂正极材料（碳酸锂代理）,电池正极材料,160000.0,元/吨,碳酸锂价格代理,derived_from,LC,2026-01-13,,162800.0,166980.0,0.043625000000000025,公开日度成交价稀疏，先用碳酸锂作为正极材料成本压力代理，同时建议补录电芯/正极供应商报价。
2026-01-14,lfp_cathode_proxy,磷酸铁锂正极材料（碳酸锂代理）,电池正极材料,162000.0,元/吨,碳酸锂价格代理,derived_from,LC,2026-01-14,,166340.0,161940.0,-0.00037037037037035425,公开日度成交价稀疏，先用碳酸锂作为正极材料成本压力代理，同时建议补录电芯/正极供应商报价。
2026-01-15,lfp_cathode_proxy,磷酸铁锂正极材料（碳酸锂代理）,电池正极材料,160000.0,元/吨,碳酸锂价格代理,derived_from,LC,2026-01-15,,161900.0,163220.0,0.02012499999999995,公开日度成交价稀疏，先用碳酸锂作为正极材料成本压力代理，同时建议补录电芯/正极供应商报价。
2026-01-16,lfp_cathode_proxy,磷酸铁锂正极材料（碳酸锂代理）,电池正极材料,155000.0,元/吨,碳酸锂价格代理,derived_from,LC,2026-01-16,,156300.0,146200.0,-0.056774193548387086,公开日度成交价稀疏，先用碳酸锂作为正极材料成本压力代理，同时建议补录电芯/正极供应商报价。
2026-01-19,lfp_cathode_proxy,磷酸铁锂正极材料（碳酸锂代理）,电池正极材料,147000.0,元/吨,碳酸锂价格代理,derived_from,LC,2026-01-19,,145600.0,147260.0,0.0017687074829932925,公开日度成交价稀疏，先用碳酸锂作为正极材料成本压力代理，同时建议补录电芯/正极供应商报价。
2026-01-20,lfp_cathode_proxy,磷酸铁锂正极材料（碳酸锂代理）,电池正极材料,155000.0,元/吨,碳酸锂价格代理,derived_from,LC,2026-01-20,,158940.0,160500.0,0.03548387096774186,公开日度成交价稀疏，先用碳酸锂作为正极材料成本压力代理，同时建议补录电芯/正极供应商报价。
2026-01-21,lfp_cathode_proxy,磷酸铁锂正极材料（碳酸锂代理）,电池正极材料,159000.0,元/吨,碳酸锂价格代理,derived_from,LC,2026-01-21,,165080.0,166740.0,0.048679245283018924,公开日度成交价稀疏，先用碳酸锂作为正极材料成本压力代理，同时建议补录电芯/正极供应商报价。
2026-01-22,lfp_cathode_proxy,磷酸铁锂正极材料（碳酸锂代理）,电池正极材料,165000.0,元/吨,碳酸锂价格代理,derived_from,LC,2026-01-22,,166500.0,168780.0,0.02290909090909099,公开日度成交价稀疏，先用碳酸锂作为正极材料成本压力代理，同时建议补录电芯/正极供应商报价。
2026-01-23,lfp_cathode_proxy,磷酸铁锂正极材料（碳酸锂代理）,电池正极材料,172000.0,元/吨,碳酸锂价格代理,derived_from,LC,2026-01-23,,179640.0,181520.0,0.05534883720930228,公开日度成交价稀疏，先用碳酸锂作为正极材料成本压力代理，同时建议补录电芯/正极供应商报价。
2026-01-26,lfp_cathode_proxy,磷酸铁锂正极材料（碳酸锂代理）,电池正极材料,170000.0,元/吨,碳酸锂价格代理,derived_from,LC,2026-01-26,,164580.0,165680.0,-0.025411764705882356,公开日度成交价稀疏，先用碳酸锂作为正极材料成本压力代理，同时建议补录电芯/正极供应商报价。
2026-01-27,lfp_cathode_proxy,磷酸铁锂正极材料（碳酸锂代理）,电池正极材料,169000.0,元/吨,碳酸锂价格代理,derived_from,LC,2026-01-27,,176120.0,179600.0,0.06272189349112423,公开日度成交价稀疏，先用碳酸锂作为正极材料成本压力代理，同时建议补录电芯/正极供应商报价。
2026-01-28,lfp_cathode_proxy,磷酸铁锂正极材料（碳酸锂代理）,电池正极材料,167000.0,元/吨,碳酸锂价格代理,derived_from,LC,2026-01-28,,166000.0,166280.0,-0.004311377245509007,公开日度成交价稀疏，先用碳酸锂作为正极材料成本压力代理，同时建议补录电芯/正极供应商报价。
2026-01-29,lfp_cathode_proxy,磷酸铁锂正极材料（碳酸锂代理）,电池正极材料,165000.0,元/吨,碳酸锂价格代理,derived_from,LC,2026-01-29,,162140.0,164820.0,-0.0010909090909091423,公开日度成交价稀疏，先用碳酸锂作为正极材料成本压力代理，同时建议补录电芯/正极供应商报价。
2026-01-30,lfp_cathode_proxy,磷酸铁锂正极材料（碳酸锂代理）,电池正极材料,150000.0,元/吨,碳酸锂价格代理,derived_from,LC,2026-01-30,,147220.0,148200.0,-0.01200000000000001,公开日度成交价稀疏，先用碳酸锂作为正极材料成本压力代理，同时建议补录电芯/正极供应商报价。
2026-02-02,lfp_cathode_proxy,磷酸铁锂正极材料（碳酸锂代理）,电池正极材料,145000.0,元/吨,碳酸锂价格代理,derived_from,LC,2026-02-02,,136860.0,132440.0,-0.08662068965517244,公开日度成交价稀疏，先用碳酸锂作为正极材料成本压力代理，同时建议补录电芯/正极供应商报价。
2026-02-03,lfp_cathode_proxy,磷酸铁锂正极材料（碳酸锂代理）,电池正极材料,146000.0,元/吨,碳酸锂价格代理,derived_from,LC,2026-02-03,,149000.0,148100.0,0.014383561643835696,公开日度成交价稀疏，先用碳酸锂作为正极材料成本压力代理，同时建议补录电芯/正极供应商报价。
2026-02-04,lfp_cathode_proxy,磷酸铁锂正极材料（碳酸锂代理）,电池正极材料,147000.0,元/吨,碳酸锂价格代理,derived_from,LC,2026-02-04,,149000.0,147220.0,0.0014965986394557262,公开日度成交价稀疏，先用碳酸锂作为正极材料成本压力代理，同时建议补录电芯/正极供应商报价。
2026-02-05,lfp_cathode_proxy,磷酸铁锂正极材料（碳酸锂代理）,电池正极材料,140000.0,元/吨,碳酸锂价格代理,derived_from,LC,2026-02-05,,139520.0,132780.0,-0.0515714285714286,公开日度成交价稀疏，先用碳酸锂作为正极材料成本压力代理，同时建议补录电芯/正极供应商报价。
2026-02-06,lfp_cathode_proxy,磷酸铁锂正极材料（碳酸锂代理）,电池正极材料,136000.0,元/吨,碳酸锂价格代理,derived_from,LC,2026-02-06,,127600.0,132920.0,-0.022647058823529465,公开日度成交价稀疏，先用碳酸锂作为正极材料成本压力代理，同时建议补录电芯/正极供应商报价。
2026-02-09,lfp_cathode_proxy,磷酸铁锂正极材料（碳酸锂代理）,电池正极材料,136000.0,元/吨,碳酸锂价格代理,derived_from,LC,2026-02-09,,136340.0,137000.0,0.007352941176470562,公开日度成交价稀疏，先用碳酸锂作为正极材料成本压力代理，同时建议补录电芯/正极供应商报价。
2026-02-10,lfp_cathode_proxy,磷酸铁锂正极材料（碳酸锂代理）,电池正极材料,136000.0,元/吨,碳酸锂价格代理,derived_from,LC,2026-02-10,,135880.0,137340.0,0.009852941176470509,公开日度成交价稀疏，先用碳酸锂作为正极材料成本压力代理，同时建议补录电芯/正极供应商报价。
2026-02-11,lfp_cathode_proxy,磷酸铁锂正极材料（碳酸锂代理）,电池正极材料,138000.0,元/吨,碳酸锂价格代理,derived_from,LC,2026-02-11,,146860.0,150260.0,0.08884057971014503,公开日度成交价稀疏，先用碳酸锂作为正极材料成本压力代理，同时建议补录电芯/正极供应商报价。
2026-02-12,lfp_cathode_proxy,磷酸铁锂正极材料（碳酸锂代理）,电池正极材料,147000.0,元/吨,碳酸锂价格代理,derived_from,LC,2026-02-12,,148000.0,149420.0,0.016462585034013655,公开日度成交价稀疏，先用碳酸锂作为正极材料成本压力代理，同时建议补录电芯/正极供应商报价。
2026-02-13,lfp_cathode_proxy,磷酸铁锂正极材料（碳酸锂代理）,电池正极材料,145000.0,元/吨,碳酸锂价格代理,derived_from,LC,2026-02-13,,144120.0,152640.0,0.05268965517241386,公开日度成交价稀疏，先用碳酸锂作为正极材料成本压力代理，同时建议补录电芯/正极供应商报价。
2026-02-24,lfp_cathode_proxy,磷酸铁锂正极材料（碳酸锂代理）,电池正极材料,152000.0,元/吨,碳酸锂价格代理,derived_from,LC,2026-02-24,,161460.0,164120.0,0.0797368421052631,公开日度成交价稀疏，先用碳酸锂作为正极材料成本压力代理，同时建议补录电芯/正极供应商报价。
2026-02-25,lfp_cathode_proxy,磷酸铁锂正极材料（碳酸锂代理）,电池正极材料,162000.0,元/吨,碳酸锂价格代理,derived_from,LC,2026-02-25,,163920.0,166480.0,0.0276543209876543,公开日度成交价稀疏，先用碳酸锂作为正极材料成本压力代理，同时建议补录电芯/正极供应商报价。
2026-02-26,lfp_cathode_proxy,磷酸铁锂正极材料（碳酸锂代理）,电池正极材料,172000.0,元/吨,碳酸锂价格代理,derived_from,LC,2026-02-26,,170640.0,173660.0,0.009651162790697665,公开日度成交价稀疏，先用碳酸锂作为正极材料成本压力代理，同时建议补录电芯/正极供应商报价。
2026-02-27,lfp_cathode_proxy,磷酸铁锂正极材料（碳酸锂代理）,电池正极材料,173000.0,元/吨,碳酸锂价格代理,derived_from,LC,2026-02-27,,171900.0,176040.0,0.017572254335260107,公开日度成交价稀疏，先用碳酸锂作为正极材料成本压力代理，同时建议补录电芯/正极供应商报价。
2026-03-02,lfp_cathode_proxy,磷酸铁锂正极材料（碳酸锂代理）,电池正极材料,172000.0,元/吨,碳酸锂价格代理,derived_from,LC,2026-03-02,,170500.0,172020.0,0.000116279069767522,公开日度成交价稀疏，先用碳酸锂作为正极材料成本压力代理，同时建议补录电芯/正极供应商报价。
2026-03-03,lfp_cathode_proxy,磷酸铁锂正极材料（碳酸锂代理）,电池正极材料,160000.0,元/吨,碳酸锂价格代理,derived_from,LC,2026-03-03,,148120.0,150860.0,-0.05712499999999998,公开日度成交价稀疏，先用碳酸锂作为正极材料成本压力代理，同时建议补录电芯/正极供应商报价。
2026-03-04,lfp_cathode_proxy,磷酸铁锂正极材料（碳酸锂代理）,电池正极材料,153000.0,元/吨,碳酸锂价格代理,derived_from,LC,2026-03-04,,149000.0,153060.0,0.00039215686274518546,公开日度成交价稀疏，先用碳酸锂作为正极材料成本压力代理，同时建议补录电芯/正极供应商报价。
2026-03-05,lfp_cathode_proxy,磷酸铁锂正极材料（碳酸锂代理）,电池正极材料,152000.0,元/吨,碳酸锂价格代理,derived_from,LC,2026-03-05,,153020.0,155860.0,0.025394736842105248,公开日度成交价稀疏，先用碳酸锂作为正极材料成本压力代理，同时建议补录电芯/正极供应商报价。
2026-03-06,lfp_cathode_proxy,磷酸铁锂正极材料（碳酸锂代理）,电池正极材料,154000.0,元/吨,碳酸锂价格代理,derived_from,LC,2026-03-06,,154020.0,156160.0,0.014025974025974053,公开日度成交价稀疏，先用碳酸锂作为正极材料成本压力代理，同时建议补录电芯/正极供应商报价。
2026-03-09,lfp_cathode_proxy,磷酸铁锂正极材料（碳酸锂代理）,电池正极材料,158000.0,元/吨,碳酸锂价格代理,derived_from,LC,2026-03-09,,148500.0,161060.0,0.01936708860759495,公开日度成交价稀疏，先用碳酸锂作为正极材料成本压力代理，同时建议补录电芯/正极供应商报价。
2026-03-10,lfp_cathode_proxy,磷酸铁锂正极材料（碳酸锂代理）,电池正极材料,160000.0,元/吨,碳酸锂价格代理,derived_from,LC,2026-03-10,,163000.0,163000.0,0.018750000000000044,公开日度成交价稀疏，先用碳酸锂作为正极材料成本压力代理，同时建议补录电芯/正极供应商报价。
2026-03-11,lfp_cathode_proxy,磷酸铁锂正极材料（碳酸锂代理）,电池正极材料,158000.0,元/吨,碳酸锂价格代理,derived_from,LC,2026-03-11,,155000.0,155040.0,-0.018734177215189884,公开日度成交价稀疏，先用碳酸锂作为正极材料成本压力代理，同时建议补录电芯/正极供应商报价。
2026-03-12,lfp_cathode_proxy,磷酸铁锂正极材料（碳酸锂代理）,电池正极材料,157000.0,元/吨,碳酸锂价格代理,derived_from,LC,2026-03-12,,150000.0,156980.0,-0.0001273885350318027,公开日度成交价稀疏，先用碳酸锂作为正极材料成本压力代理，同时建议补录电芯/正极供应商报价。
2026-03-13,lfp_cathode_proxy,磷酸铁锂正极材料（碳酸锂代理）,电池正极材料,157000.0,元/吨,碳酸锂价格代理,derived_from,LC,2026-03-13,,156500.0,152080.0,-0.031337579617834344,公开日度成交价稀疏，先用碳酸锂作为正极材料成本压力代理，同时建议补录电芯/正极供应商报价。
2026-03-16,lfp_cathode_proxy,磷酸铁锂正极材料（碳酸锂代理）,电池正极材料,155000.0,元/吨,碳酸锂价格代理,derived_from,LC,2026-03-16,,159320.0,159620.0,0.029806451612903295,公开日度成交价稀疏，先用碳酸锂作为正极材料成本压力代理，同时建议补录电芯/正极供应商报价。
2026-03-17,lfp_cathode_proxy,磷酸铁锂正极材料（碳酸锂代理）,电池正极材料,155000.0,元/吨,碳酸锂价格代理,derived_from,LC,2026-03-17,,155440.0,155320.0,0.0020645161290322456,公开日度成交价稀疏，先用碳酸锂作为正极材料成本压力代理，同时建议补录电芯/正极供应商报价。
2026-03-18,lfp_cathode_proxy,磷酸铁锂正极材料（碳酸锂代理）,电池正极材料,153000.0,元/吨,碳酸锂价格代理,derived_from,LC,2026-03-18,,149880.0,150120.0,-0.018823529411764683,公开日度成交价稀疏，先用碳酸锂作为正极材料成本压力代理，同时建议补录电芯/正极供应商报价。
2026-03-19,lfp_cathode_proxy,磷酸铁锂正极材料（碳酸锂代理）,电池正极材料,150000.0,元/吨,碳酸锂价格代理,derived_from,LC,2026-03-19,,141920.0,142600.0,-0.04933333333333334,公开日度成交价稀疏，先用碳酸锂作为正极材料成本压力代理，同时建议补录电芯/正极供应商报价。
2026-03-20,lfp_cathode_proxy,磷酸铁锂正极材料（碳酸锂代理）,电池正极材料,150000.0,元/吨,碳酸锂价格代理,derived_from,LC,2026-03-20,,145000.0,143860.0,-0.04093333333333338,公开日度成交价稀疏，先用碳酸锂作为正极材料成本压力代理，同时建议补录电芯/正极供应商报价。
2026-03-23,lfp_cathode_proxy,磷酸铁锂正极材料（碳酸锂代理）,电池正极材料,142000.0,元/吨,碳酸锂价格代理,derived_from,LC,2026-03-23,,147860.0,149040.0,0.04957746478873237,公开日度成交价稀疏，先用碳酸锂作为正极材料成本压力代理，同时建议补录电芯/正极供应商报价。
2026-03-24,lfp_cathode_proxy,磷酸铁锂正极材料（碳酸锂代理）,电池正极材料,150000.0,元/吨,碳酸锂价格代理,derived_from,LC,2026-03-24,,152440.0,152940.0,0.019600000000000062,公开日度成交价稀疏，先用碳酸锂作为正极材料成本压力代理，同时建议补录电芯/正极供应商报价。
2026-03-25,lfp_cathode_proxy,磷酸铁锂正极材料（碳酸锂代理）,电池正极材料,155000.0,元/吨,碳酸锂价格代理,derived_from,LC,2026-03-25,,158740.0,159120.0,0.026580645161290217,公开日度成交价稀疏，先用碳酸锂作为正极材料成本压力代理，同时建议补录电芯/正极供应商报价。
2026-03-26,lfp_cathode_proxy,磷酸铁锂正极材料（碳酸锂代理）,电池正极材料,155000.0,元/吨,碳酸锂价格代理,derived_from,LC,2026-03-26,,158100.0,157200.0,0.014193548387096744,公开日度成交价稀疏，先用碳酸锂作为正极材料成本压力代理，同时建议补录电芯/正极供应商报价。
2026-03-27,lfp_cathode_proxy,磷酸铁锂正极材料（碳酸锂代理）,电池正极材料,160000.0,元/吨,碳酸锂价格代理,derived_from,LC,2026-03-27,,167480.0,168440.0,0.052750000000000075,公开日度成交价稀疏，先用碳酸锂作为正极材料成本压力代理，同时建议补录电芯/正极供应商报价。
2026-03-30,lfp_cathode_proxy,磷酸铁锂正极材料（碳酸锂代理）,电池正极材料,167000.0,元/吨,碳酸锂价格代理,derived_from,LC,2026-03-30,,170060.0,171620.0,0.027664670658682722,公开日度成交价稀疏，先用碳酸锂作为正极材料成本压力代理，同时建议补录电芯/正极供应商报价。
2026-03-31,lfp_cathode_proxy,磷酸铁锂正极材料（碳酸锂代理）,电池正极材料,159000.0,元/吨,碳酸锂价格代理,derived_from,LC,2026-03-31,,158040.0,157200.0,-0.01132075471698113,公开日度成交价稀疏，先用碳酸锂作为正极材料成本压力代理，同时建议补录电芯/正极供应商报价。
2026-04-01,lfp_cathode_proxy,磷酸铁锂正极材料（碳酸锂代理）,电池正极材料,158000.0,元/吨,碳酸锂价格代理,derived_from,LC,2026-04-01,,161500.0,158620.0,0.003924050632911458,公开日度成交价稀疏，先用碳酸锂作为正极材料成本压力代理，同时建议补录电芯/正极供应商报价。
2026-04-02,lfp_cathode_proxy,磷酸铁锂正极材料（碳酸锂代理）,电池正极材料,158000.0,元/吨,碳酸锂价格代理,derived_from,LC,2026-04-02,,159980.0,160180.0,0.013797468354430409,公开日度成交价稀疏，先用碳酸锂作为正极材料成本压力代理，同时建议补录电芯/正极供应商报价。
2026-04-03,lfp_cathode_proxy,磷酸铁锂正极材料（碳酸锂代理）,电池正极材料,157500.0,元/吨,碳酸锂价格代理,derived_from,LC,2026-04-03,,157800.0,157860.0,0.0022857142857142243,公开日度成交价稀疏，先用碳酸锂作为正极材料成本压力代理，同时建议补录电芯/正极供应商报价。
2026-04-07,lfp_cathode_proxy,磷酸铁锂正极材料（碳酸锂代理）,电池正极材料,160000.0,元/吨,碳酸锂价格代理,derived_from,LC,2026-04-07,,163000.0,160860.0,0.005374999999999908,公开日度成交价稀疏，先用碳酸锂作为正极材料成本压力代理，同时建议补录电芯/正极供应商报价。
2026-04-08,lfp_cathode_proxy,磷酸铁锂正极材料（碳酸锂代理）,电池正极材料,158000.0,元/吨,碳酸锂价格代理,derived_from,LC,2026-04-08,,162000.0,159620.0,0.010253164556962124,公开日度成交价稀疏，先用碳酸锂作为正极材料成本压力代理，同时建议补录电芯/正极供应商报价。
2026-04-09,lfp_cathode_proxy,磷酸铁锂正极材料（碳酸锂代理）,电池正极材料,155000.0,元/吨,碳酸锂价格代理,derived_from,LC,2026-04-09,,151900.0,153560.0,-0.009290322580645216,公开日度成交价稀疏，先用碳酸锂作为正极材料成本压力代理，同时建议补录电芯/正极供应商报价。
2026-04-10,lfp_cathode_proxy,磷酸铁锂正极材料（碳酸锂代理）,电池正极材料,150000.0,元/吨,碳酸锂价格代理,derived_from,LC,2026-04-10,,153900.0,157600.0,0.05066666666666664,公开日度成交价稀疏，先用碳酸锂作为正极材料成本压力代理，同时建议补录电芯/正极供应商报价。
2026-04-13,lfp_cathode_proxy,磷酸铁锂正极材料（碳酸锂代理）,电池正极材料,157000.0,元/吨,碳酸锂价格代理,derived_from,LC,2026-04-13,,161680.0,166500.0,0.060509554140127486,公开日度成交价稀疏，先用碳酸锂作为正极材料成本压力代理，同时建议补录电芯/正极供应商报价。
2026-04-14,lfp_cathode_proxy,磷酸铁锂正极材料（碳酸锂代理）,电池正极材料,161000.0,元/吨,碳酸锂价格代理,derived_from,LC,2026-04-14,,162000.0,166840.0,0.0362732919254658,公开日度成交价稀疏，先用碳酸锂作为正极材料成本压力代理，同时建议补录电芯/正极供应商报价。
2026-04-15,lfp_cathode_proxy,磷酸铁锂正极材料（碳酸锂代理）,电池正极材料,162000.0,元/吨,碳酸锂价格代理,derived_from,LC,2026-04-15,,163400.0,168660.0,0.0411111111111111,公开日度成交价稀疏，先用碳酸锂作为正极材料成本压力代理，同时建议补录电芯/正极供应商报价。
2026-04-16,lfp_cathode_proxy,磷酸铁锂正极材料（碳酸锂代理）,电池正极材料,167000.0,元/吨,碳酸锂价格代理,derived_from,LC,2026-04-16,,172400.0,176000.0,0.05389221556886237,公开日度成交价稀疏，先用碳酸锂作为正极材料成本压力代理，同时建议补录电芯/正极供应商报价。
2026-04-17,lfp_cathode_proxy,磷酸铁锂正极材料（碳酸锂代理）,电池正极材料,168000.0,元/吨,碳酸锂价格代理,derived_from,LC,2026-04-17,,173760.0,177560.0,0.05690476190476201,公开日度成交价稀疏，先用碳酸锂作为正极材料成本压力代理，同时建议补录电芯/正极供应商报价。
2026-04-20,lfp_cathode_proxy,磷酸铁锂正极材料（碳酸锂代理）,电池正极材料,172000.0,元/吨,碳酸锂价格代理,derived_from,LC,2026-04-20,,176220.0,180200.0,0.04767441860465116,公开日度成交价稀疏，先用碳酸锂作为正极材料成本压力代理，同时建议补录电芯/正极供应商报价。
2026-04-21,lfp_cathode_proxy,磷酸铁锂正极材料（碳酸锂代理）,电池正极材料,170000.0,元/吨,碳酸锂价格代理,derived_from,LC,2026-04-21,,170460.0,174260.0,0.0250588235294118,公开日度成交价稀疏，先用碳酸锂作为正极材料成本压力代理，同时建议补录电芯/正极供应商报价。
2026-04-22,lfp_cathode_proxy,磷酸铁锂正极材料（碳酸锂代理）,电池正极材料,169000.0,元/吨,碳酸锂价格代理,derived_from,LC,2026-04-22,,171580.0,175240.0,0.036923076923076836,公开日度成交价稀疏，先用碳酸锂作为正极材料成本压力代理，同时建议补录电芯/正极供应商报价。
2026-04-23,lfp_cathode_proxy,磷酸铁锂正极材料（碳酸锂代理）,电池正极材料,170000.0,元/吨,碳酸锂价格代理,derived_from,LC,2026-04-23,,173960.0,177960.0,0.04682352941176471,公开日度成交价稀疏，先用碳酸锂作为正极材料成本压力代理，同时建议补录电芯/正极供应商报价。
2026-04-24,lfp_cathode_proxy,磷酸铁锂正极材料（碳酸锂代理）,电池正极材料,172000.0,元/吨,碳酸锂价格代理,derived_from,LC,2026-04-24,,173940.0,177900.0,0.034302325581395454,公开日度成交价稀疏，先用碳酸锂作为正极材料成本压力代理，同时建议补录电芯/正极供应商报价。
2026-04-27,lfp_cathode_proxy,磷酸铁锂正极材料（碳酸锂代理）,电池正极材料,176000.0,元/吨,碳酸锂价格代理,derived_from,LC,2026-04-27,,176700.0,180560.0,0.02590909090909088,公开日度成交价稀疏，先用碳酸锂作为正极材料成本压力代理，同时建议补录电芯/正极供应商报价。
2026-04-28,lfp_cathode_proxy,磷酸铁锂正极材料（碳酸锂代理）,电池正极材料,174000.0,元/吨,碳酸锂价格代理,derived_from,LC,2026-04-28,,174760.0,178620.0,0.026551724137930943,公开日度成交价稀疏，先用碳酸锂作为正极材料成本压力代理，同时建议补录电芯/正极供应商报价。
2026-04-29,lfp_cathode_proxy,磷酸铁锂正极材料（碳酸锂代理）,电池正极材料,177000.0,元/吨,碳酸锂价格代理,derived_from,LC,2026-04-29,,179700.0,183880.0,0.03887005649717512,公开日度成交价稀疏，先用碳酸锂作为正极材料成本压力代理，同时建议补录电芯/正极供应商报价。
2026-04-30,lfp_cathode_proxy,磷酸铁锂正极材料（碳酸锂代理）,电池正极材料,177000.0,元/吨,碳酸锂价格代理,derived_from,LC,2026-04-30,,185180.0,189080.0,0.06824858757062158,公开日度成交价稀疏，先用碳酸锂作为正极材料成本压力代理，同时建议补录电芯/正极供应商报价。
2026-05-06,lfp_cathode_proxy,磷酸铁锂正极材料（碳酸锂代理）,电池正极材料,190000.0,元/吨,碳酸锂价格代理,derived_from,LC,2026-05-06,,194600.0,199400.0,0.049473684210526336,公开日度成交价稀疏，先用碳酸锂作为正极材料成本压力代理，同时建议补录电芯/正极供应商报价。
2026-05-07,lfp_cathode_proxy,磷酸铁锂正极材料（碳酸锂代理）,电池正极材料,193000.0,元/吨,碳酸锂价格代理,derived_from,LC,2026-05-07,,193540.0,199060.0,0.03139896373057005,公开日度成交价稀疏，先用碳酸锂作为正极材料成本压力代理，同时建议补录电芯/正极供应商报价。
2026-05-08,lfp_cathode_proxy,磷酸铁锂正极材料（碳酸锂代理）,电池正极材料,190000.0,元/吨,碳酸锂价格代理,derived_from,LC,2026-05-08,,192000.0,196560.0,0.03452631578947374,公开日度成交价稀疏，先用碳酸锂作为正极材料成本压力代理，同时建议补录电芯/正极供应商报价。
2026-05-11,lfp_cathode_proxy,磷酸铁锂正极材料（碳酸锂代理）,电池正极材料,196000.0,元/吨,碳酸锂价格代理,derived_from,LC,2026-05-11,,200520.0,205020.0,0.04602040816326536,公开日度成交价稀疏，先用碳酸锂作为正极材料成本压力代理，同时建议补录电芯/正极供应商报价。
2026-05-12,lfp_cathode_proxy,磷酸铁锂正极材料（碳酸锂代理）,电池正极材料,199000.0,元/吨,碳酸锂价格代理,derived_from,LC,2026-05-12,,200140.0,205260.0,0.031457286432160725,公开日度成交价稀疏，先用碳酸锂作为正极材料成本压力代理，同时建议补录电芯/正极供应商报价。
2026-05-13,lfp_cathode_proxy,磷酸铁锂正极材料（碳酸锂代理）,电池正极材料,195000.0,元/吨,碳酸锂价格代理,derived_from,LC,2026-05-13,,193060.0,201960.0,0.03569230769230769,公开日度成交价稀疏，先用碳酸锂作为正极材料成本压力代理，同时建议补录电芯/正极供应商报价。
2026-05-14,lfp_cathode_proxy,磷酸铁锂正极材料（碳酸锂代理）,电池正极材料,192000.0,元/吨,碳酸锂价格代理,derived_from,LC,2026-05-14,,186380.0,191760.0,-0.0012499999999999734,公开日度成交价稀疏，先用碳酸锂作为正极材料成本压力代理，同时建议补录电芯/正极供应商报价。
2026-05-15,lfp_cathode_proxy,磷酸铁锂正极材料（碳酸锂代理）,电池正极材料,191000.0,元/吨,碳酸锂价格代理,derived_from,LC,2026-05-15,,184000.0,188800.0,-0.011518324607329822,公开日度成交价稀疏，先用碳酸锂作为正极材料成本压力代理，同时建议补录电芯/正极供应商报价。
2026-05-18,lfp_cathode_proxy,磷酸铁锂正极材料（碳酸锂代理）,电池正极材料,190000.0,元/吨,碳酸锂价格代理,derived_from,LC,2026-05-18,,188000.0,192180.0,0.011473684210526303,公开日度成交价稀疏，先用碳酸锂作为正极材料成本压力代理，同时建议补录电芯/正极供应商报价。
2026-05-19,lfp_cathode_proxy,磷酸铁锂正极材料（碳酸锂代理）,电池正极材料,184000.0,元/吨,碳酸锂价格代理,derived_from,LC,2026-05-19,,179500.0,184400.0,0.0021739130434783593,公开日度成交价稀疏，先用碳酸锂作为正极材料成本压力代理，同时建议补录电芯/正极供应商报价。
2026-05-20,lfp_cathode_proxy,磷酸铁锂正极材料（碳酸锂代理）,电池正极材料,179000.0,元/吨,碳酸锂价格代理,derived_from,LC,2026-05-20,,178640.0,183100.0,0.022905027932960786,公开日度成交价稀疏，先用碳酸锂作为正极材料成本压力代理，同时建议补录电芯/正极供应商报价。
2026-05-21,lfp_cathode_proxy,磷酸铁锂正极材料（碳酸锂代理）,电池正极材料,179000.0,元/吨,碳酸锂价格代理,derived_from,LC,2026-05-21,,173400.0,177600.0,-0.007821229050279377,公开日度成交价稀疏，先用碳酸锂作为正极材料成本压力代理，同时建议补录电芯/正极供应商报价。
2026-05-22,lfp_cathode_proxy,磷酸铁锂正极材料（碳酸锂代理）,电池正极材料,179000.0,元/吨,碳酸锂价格代理,derived_from,LC,2026-05-22,,179460.0,184460.0,0.030502793296089292,公开日度成交价稀疏，先用碳酸锂作为正极材料成本压力代理，同时建议补录电芯/正极供应商报价。
2026-05-25,lfp_cathode_proxy,磷酸铁锂正极材料（碳酸锂代理）,电池正极材料,180000.0,元/吨,碳酸锂价格代理,derived_from,LC,2026-05-25,,177020.0,181200.0,0.006666666666666599,公开日度成交价稀疏，先用碳酸锂作为正极材料成本压力代理，同时建议补录电芯/正极供应商报价。
2026-05-26,lfp_cathode_proxy,磷酸铁锂正极材料（碳酸锂代理）,电池正极材料,177000.0,元/吨,碳酸锂价格代理,derived_from,LC,2026-05-26,,171780.0,175960.0,-0.005875706214689247,公开日度成交价稀疏，先用碳酸锂作为正极材料成本压力代理，同时建议补录电芯/正极供应商报价。
2026-05-27,lfp_cathode_proxy,磷酸铁锂正极材料（碳酸锂代理）,电池正极材料,175000.0,元/吨,碳酸锂价格代理,derived_from,LC,2026-05-27,,168960.0,173000.0,-0.011428571428571455,公开日度成交价稀疏，先用碳酸锂作为正极材料成本压力代理，同时建议补录电芯/正极供应商报价。
2026-05-28,lfp_cathode_proxy,磷酸铁锂正极材料（碳酸锂代理）,电池正极材料,176000.0,元/吨,碳酸锂价格代理,derived_from,LC,2026-05-28,,174800.0,178860.0,0.016250000000000098,公开日度成交价稀疏，先用碳酸锂作为正极材料成本压力代理，同时建议补录电芯/正极供应商报价。
2026-05-29,lfp_cathode_proxy,磷酸铁锂正极材料（碳酸锂代理）,电池正极材料,178000.0,元/吨,碳酸锂价格代理,derived_from,LC,2026-05-29,,174600.0,179740.0,0.00977528089887647,公开日度成交价稀疏，先用碳酸锂作为正极材料成本压力代理，同时建议补录电芯/正极供应商报价。
2026-06-01,lfp_cathode_proxy,磷酸铁锂正极材料（碳酸锂代理）,电池正极材料,177000.0,元/吨,碳酸锂价格代理,derived_from,LC,2026-06-01,,174880.0,178900.0,0.010734463276836248,公开日度成交价稀疏，先用碳酸锂作为正极材料成本压力代理，同时建议补录电芯/正极供应商报价。
2026-06-02,lfp_cathode_proxy,磷酸铁锂正极材料（碳酸锂代理）,电池正极材料,174000.0,元/吨,碳酸锂价格代理,derived_from,LC,2026-06-02,,168300.0,172980.0,-0.00586206896551722,公开日度成交价稀疏，先用碳酸锂作为正极材料成本压力代理，同时建议补录电芯/正极供应商报价。
2026-06-03,lfp_cathode_proxy,磷酸铁锂正极材料（碳酸锂代理）,电池正极材料,170000.0,元/吨,碳酸锂价格代理,derived_from,LC,2026-06-03,,162080.0,166760.0,-0.019058823529411795,公开日度成交价稀疏，先用碳酸锂作为正极材料成本压力代理，同时建议补录电芯/正极供应商报价。
2026-06-04,lfp_cathode_proxy,磷酸铁锂正极材料（碳酸锂代理）,电池正极材料,166000.0,元/吨,碳酸锂价格代理,derived_from,LC,2026-06-04,,154760.0,160740.0,-0.03168674698795182,公开日度成交价稀疏，先用碳酸锂作为正极材料成本压力代理，同时建议补录电芯/正极供应商报价。
2026-06-05,lfp_cathode_proxy,磷酸铁锂正极材料（碳酸锂代理）,电池正极材料,160000.0,元/吨,碳酸锂价格代理,derived_from,LC,2026-06-05,,158820.0,164360.0,0.027249999999999996,公开日度成交价稀疏，先用碳酸锂作为正极材料成本压力代理，同时建议补录电芯/正极供应商报价。
2026-06-08,lfp_cathode_proxy,磷酸铁锂正极材料（碳酸锂代理）,电池正极材料,162000.0,元/吨,碳酸锂价格代理,derived_from,LC,2026-06-08,,158500.0,163340.0,0.008271604938271615,公开日度成交价稀疏，先用碳酸锂作为正极材料成本压力代理，同时建议补录电芯/正极供应商报价。
2026-06-09,lfp_cathode_proxy,磷酸铁锂正极材料（碳酸锂代理）,电池正极材料,162000.0,元/吨,碳酸锂价格代理,derived_from,LC,2026-06-09,,162800.0,168460.0,0.039876543209876436,公开日度成交价稀疏，先用碳酸锂作为正极材料成本压力代理，同时建议补录电芯/正极供应商报价。
2026-06-10,lfp_cathode_proxy,磷酸铁锂正极材料（碳酸锂代理）,电池正极材料,164000.0,元/吨,碳酸锂价格代理,derived_from,LC,2026-06-10,,162860.0,167400.0,0.02073170731707319,公开日度成交价稀疏，先用碳酸锂作为正极材料成本压力代理，同时建议补录电芯/正极供应商报价。
2026-06-11,lfp_cathode_proxy,磷酸铁锂正极材料（碳酸锂代理）,电池正极材料,167000.0,元/吨,碳酸锂价格代理,derived_from,LC,2026-06-11,,169000.0,174600.0,0.045508982035928236,公开日度成交价稀疏，先用碳酸锂作为正极材料成本压力代理，同时建议补录电芯/正极供应商报价。
2026-06-12,lfp_cathode_proxy,磷酸铁锂正极材料（碳酸锂代理）,电池正极材料,172000.0,元/吨,碳酸锂价格代理,derived_from,LC,2026-06-12,,172800.0,175300.0,0.019186046511627808,公开日度成交价稀疏，先用碳酸锂作为正极材料成本压力代理，同时建议补录电芯/正极供应商报价。
2025-12-15,lithium_carbonate,碳酸锂,电池上游材料,96233.33,元/吨,AKShare/生意社现货与期货,akshare_basis,LC,2025-12-15,,99100.0,101060.0,0.05015590752185339,
2025-12-16,lithium_carbonate,碳酸锂,电池上游材料,97733.33,元/吨,AKShare/生意社现货与期货,akshare_basis,LC,2025-12-16,,98740.0,100600.0,0.02933154943149896,
2025-12-17,lithium_carbonate,碳酸锂,电池上游材料,100733.33,元/吨,AKShare/生意社现货与期货,akshare_basis,LC,2025-12-17,,106820.0,108620.0,0.07829255719035588,
2025-12-18,lithium_carbonate,碳酸锂,电池上游材料,101733.33,元/吨,AKShare/生意社现货与期货,akshare_basis,LC,2025-12-18,,104440.0,106160.0,0.04351248504300398,
2025-12-19,lithium_carbonate,碳酸锂,电池上游材料,102733.33,元/吨,AKShare/生意社现货与期货,akshare_basis,LC,2025-12-19,,109720.0,111400.0,0.08436083985596499,
2025-12-22,lithium_carbonate,碳酸锂,电池上游材料,107733.33,元/吨,AKShare/生意社现货与期货,akshare_basis,LC,2025-12-22,,112480.0,114380.0,0.06169557740394738,
2025-12-23,lithium_carbonate,碳酸锂,电池上游材料,108733.33,元/吨,AKShare/生意社现货与期货,akshare_basis,LC,2025-12-23,,118440.0,120360.0,0.10692829880221644,
2025-12-24,lithium_carbonate,碳酸锂,电池上游材料,110733.33,元/吨,AKShare/生意社现货与期货,akshare_basis,LC,2025-12-24,,122760.0,124720.0,0.1263094860418268,
2025-12-25,lithium_carbonate,碳酸锂,电池上游材料,111733.33,元/吨,AKShare/生意社现货与期货,akshare_basis,LC,2025-12-25,,121540.0,123520.0,0.105489293123189,
2025-12-26,lithium_carbonate,碳酸锂,电池上游材料,117733.33,元/吨,AKShare/生意社现货与期货,akshare_basis,LC,2025-12-26,,127800.0,130520.0,0.10860705290506933,
2025-12-29,lithium_carbonate,碳酸锂,电池上游材料,122066.67,元/吨,AKShare/生意社现货与期货,akshare_basis,LC,2025-12-29,,117980.0,118820.0,-0.026597514292804103,
2025-12-30,lithium_carbonate,碳酸锂,电池上游材料,120400.0,元/吨,AKShare/生意社现货与期货,akshare_basis,LC,2025-12-30,,119540.0,121580.0,0.009800664451827146,
2025-12-31,lithium_carbonate,碳酸锂,电池上游材料,119400.0,元/吨,AKShare/生意社现货与期货,akshare_basis,LC,2025-12-31,,120000.0,121580.0,0.01825795644891115,
2026-01-05,lithium_carbonate,碳酸锂,电池上游材料,121566.67,元/吨,AKShare/生意社现货与期货,akshare_basis,LC,2026-01-05,,127000.0,129980.0,0.06920753854654405,
2026-01-06,lithium_carbonate,碳酸锂,电池上游材料,129000.0,元/吨,AKShare/生意社现货与期货,akshare_basis,LC,2026-01-06,,134360.0,137940.0,0.06930232558139537,
2026-01-07,lithium_carbonate,碳酸锂,电池上游材料,135000.0,元/吨,AKShare/生意社现货与期货,akshare_basis,LC,2026-01-07,,139960.0,142300.0,0.05407407407407416,
2026-01-08,lithium_carbonate,碳酸锂,电池上游材料,138000.0,元/吨,AKShare/生意社现货与期货,akshare_basis,LC,2026-01-08,,137000.0,145000.0,0.050724637681159424,
2026-01-09,lithium_carbonate,碳酸锂,电池上游材料,140000.0,元/吨,AKShare/生意社现货与期货,akshare_basis,LC,2026-01-09,,138700.0,143420.0,0.024428571428571466,
2026-01-12,lithium_carbonate,碳酸锂,电池上游材料,150000.0,元/吨,AKShare/生意社现货与期货,akshare_basis,LC,2026-01-12,,146000.0,156060.0,0.04039999999999999,
2026-01-13,lithium_carbonate,碳酸锂,电池上游材料,160000.0,元/吨,AKShare/生意社现货与期货,akshare_basis,LC,2026-01-13,,162800.0,166980.0,0.043625000000000025,
2026-01-14,lithium_carbonate,碳酸锂,电池上游材料,162000.0,元/吨,AKShare/生意社现货与期货,akshare_basis,LC,2026-01-14,,166340.0,161940.0,-0.00037037037037035425,
2026-01-15,lithium_carbonate,碳酸锂,电池上游材料,160000.0,元/吨,AKShare/生意社现货与期货,akshare_basis,LC,2026-01-15,,161900.0,163220.0,0.02012499999999995,
2026-01-16,lithium_carbonate,碳酸锂,电池上游材料,155000.0,元/吨,AKShare/生意社现货与期货,akshare_basis,LC,2026-01-16,,156300.0,146200.0,-0.056774193548387086,
2026-01-19,lithium_carbonate,碳酸锂,电池上游材料,147000.0,元/吨,AKShare/生意社现货与期货,akshare_basis,LC,2026-01-19,,145600.0,147260.0,0.0017687074829932925,
2026-01-20,lithium_carbonate,碳酸锂,电池上游材料,155000.0,元/吨,AKShare/生意社现货与期货,akshare_basis,LC,2026-01-20,,158940.0,160500.0,0.03548387096774186,
2026-01-21,lithium_carbonate,碳酸锂,电池上游材料,159000.0,元/吨,AKShare/生意社现货与期货,akshare_basis,LC,2026-01-21,,165080.0,166740.0,0.048679245283018924,
2026-01-22,lithium_carbonate,碳酸锂,电池上游材料,165000.0,元/吨,AKShare/生意社现货与期货,akshare_basis,LC,2026-01-22,,166500.0,168780.0,0.02290909090909099,
2026-01-23,lithium_carbonate,碳酸锂,电池上游材料,172000.0,元/吨,AKShare/生意社现货与期货,akshare_basis,LC,2026-01-23,,179640.0,181520.0,0.05534883720930228,
2026-01-26,lithium_carbonate,碳酸锂,电池上游材料,170000.0,元/吨,AKShare/生意社现货与期货,akshare_basis,LC,2026-01-26,,164580.0,165680.0,-0.025411764705882356,
2026-01-27,lithium_carbonate,碳酸锂,电池上游材料,169000.0,元/吨,AKShare/生意社现货与期货,akshare_basis,LC,2026-01-27,,176120.0,179600.0,0.06272189349112423,
2026-01-28,lithium_carbonate,碳酸锂,电池上游材料,167000.0,元/吨,AKShare/生意社现货与期货,akshare_basis,LC,2026-01-28,,166000.0,166280.0,-0.004311377245509007,
2026-01-29,lithium_carbonate,碳酸锂,电池上游材料,165000.0,元/吨,AKShare/生意社现货与期货,akshare_basis,LC,2026-01-29,,162140.0,164820.0,-0.0010909090909091423,
2026-01-30,lithium_carbonate,碳酸锂,电池上游材料,150000.0,元/吨,AKShare/生意社现货与期货,akshare_basis,LC,2026-01-30,,147220.0,148200.0,-0.01200000000000001,
2026-02-02,lithium_carbonate,碳酸锂,电池上游材料,145000.0,元/吨,AKShare/生意社现货与期货,akshare_basis,LC,2026-02-02,,136860.0,132440.0,-0.08662068965517244,
2026-02-03,lithium_carbonate,碳酸锂,电池上游材料,146000.0,元/吨,AKShare/生意社现货与期货,akshare_basis,LC,2026-02-03,,149000.0,148100.0,0.014383561643835696,
2026-02-04,lithium_carbonate,碳酸锂,电池上游材料,147000.0,元/吨,AKShare/生意社现货与期货,akshare_basis,LC,2026-02-04,,149000.0,147220.0,0.0014965986394557262,
2026-02-05,lithium_carbonate,碳酸锂,电池上游材料,140000.0,元/吨,AKShare/生意社现货与期货,akshare_basis,LC,2026-02-05,,139520.0,132780.0,-0.0515714285714286,
2026-02-06,lithium_carbonate,碳酸锂,电池上游材料,136000.0,元/吨,AKShare/生意社现货与期货,akshare_basis,LC,2026-02-06,,127600.0,132920.0,-0.022647058823529465,
2026-02-09,lithium_carbonate,碳酸锂,电池上游材料,136000.0,元/吨,AKShare/生意社现货与期货,akshare_basis,LC,2026-02-09,,136340.0,137000.0,0.007352941176470562,
2026-02-10,lithium_carbonate,碳酸锂,电池上游材料,136000.0,元/吨,AKShare/生意社现货与期货,akshare_basis,LC,2026-02-10,,135880.0,137340.0,0.009852941176470509,
2026-02-11,lithium_carbonate,碳酸锂,电池上游材料,138000.0,元/吨,AKShare/生意社现货与期货,akshare_basis,LC,2026-02-11,,146860.0,150260.0,0.08884057971014503,
2026-02-12,lithium_carbonate,碳酸锂,电池上游材料,147000.0,元/吨,AKShare/生意社现货与期货,akshare_basis,LC,2026-02-12,,148000.0,149420.0,0.016462585034013655,
2026-02-13,lithium_carbonate,碳酸锂,电池上游材料,145000.0,元/吨,AKShare/生意社现货与期货,akshare_basis,LC,2026-02-13,,144120.0,152640.0,0.05268965517241386,
2026-02-24,lithium_carbonate,碳酸锂,电池上游材料,152000.0,元/吨,AKShare/生意社现货与期货,akshare_basis,LC,2026-02-24,,161460.0,164120.0,0.0797368421052631,
2026-02-25,lithium_carbonate,碳酸锂,电池上游材料,162000.0,元/吨,AKShare/生意社现货与期货,akshare_basis,LC,2026-02-25,,163920.0,166480.0,0.0276543209876543,
2026-02-26,lithium_carbonate,碳酸锂,电池上游材料,172000.0,元/吨,AKShare/生意社现货与期货,akshare_basis,LC,2026-02-26,,170640.0,173660.0,0.009651162790697665,
2026-02-27,lithium_carbonate,碳酸锂,电池上游材料,173000.0,元/吨,AKShare/生意社现货与期货,akshare_basis,LC,2026-02-27,,171900.0,176040.0,0.017572254335260107,
2026-03-02,lithium_carbonate,碳酸锂,电池上游材料,172000.0,元/吨,AKShare/生意社现货与期货,akshare_basis,LC,2026-03-02,,170500.0,172020.0,0.000116279069767522,
2026-03-03,lithium_carbonate,碳酸锂,电池上游材料,160000.0,元/吨,AKShare/生意社现货与期货,akshare_basis,LC,2026-03-03,,148120.0,150860.0,-0.05712499999999998,
2026-03-04,lithium_carbonate,碳酸锂,电池上游材料,153000.0,元/吨,AKShare/生意社现货与期货,akshare_basis,LC,2026-03-04,,149000.0,153060.0,0.00039215686274518546,
2026-03-05,lithium_carbonate,碳酸锂,电池上游材料,152000.0,元/吨,AKShare/生意社现货与期货,akshare_basis,LC,2026-03-05,,153020.0,155860.0,0.025394736842105248,
2026-03-06,lithium_carbonate,碳酸锂,电池上游材料,154000.0,元/吨,AKShare/生意社现货与期货,akshare_basis,LC,2026-03-06,,154020.0,156160.0,0.014025974025974053,
2026-03-09,lithium_carbonate,碳酸锂,电池上游材料,158000.0,元/吨,AKShare/生意社现货与期货,akshare_basis,LC,2026-03-09,,148500.0,161060.0,0.01936708860759495,
2026-03-10,lithium_carbonate,碳酸锂,电池上游材料,160000.0,元/吨,AKShare/生意社现货与期货,akshare_basis,LC,2026-03-10,,163000.0,163000.0,0.018750000000000044,
2026-03-11,lithium_carbonate,碳酸锂,电池上游材料,158000.0,元/吨,AKShare/生意社现货与期货,akshare_basis,LC,2026-03-11,,155000.0,155040.0,-0.018734177215189884,
2026-03-12,lithium_carbonate,碳酸锂,电池上游材料,157000.0,元/吨,AKShare/生意社现货与期货,akshare_basis,LC,2026-03-12,,150000.0,156980.0,-0.0001273885350318027,
2026-03-13,lithium_carbonate,碳酸锂,电池上游材料,157000.0,元/吨,AKShare/生意社现货与期货,akshare_basis,LC,2026-03-13,,156500.0,152080.0,-0.031337579617834344,
2026-03-16,lithium_carbonate,碳酸锂,电池上游材料,155000.0,元/吨,AKShare/生意社现货与期货,akshare_basis,LC,2026-03-16,,159320.0,159620.0,0.029806451612903295,
2026-03-17,lithium_carbonate,碳酸锂,电池上游材料,155000.0,元/吨,AKShare/生意社现货与期货,akshare_basis,LC,2026-03-17,,155440.0,155320.0,0.0020645161290322456,
2026-03-18,lithium_carbonate,碳酸锂,电池上游材料,153000.0,元/吨,AKShare/生意社现货与期货,akshare_basis,LC,2026-03-18,,149880.0,150120.0,-0.018823529411764683,
2026-03-19,lithium_carbonate,碳酸锂,电池上游材料,150000.0,元/吨,AKShare/生意社现货与期货,akshare_basis,LC,2026-03-19,,141920.0,142600.0,-0.04933333333333334,
2026-03-20,lithium_carbonate,碳酸锂,电池上游材料,150000.0,元/吨,AKShare/生意社现货与期货,akshare_basis,LC,2026-03-20,,145000.0,143860.0,-0.04093333333333338,
2026-03-23,lithium_carbonate,碳酸锂,电池上游材料,142000.0,元/吨,AKShare/生意社现货与期货,akshare_basis,LC,2026-03-23,,147860.0,149040.0,0.04957746478873237,
2026-03-24,lithium_carbonate,碳酸锂,电池上游材料,150000.0,元/吨,AKShare/生意社现货与期货,akshare_basis,LC,2026-03-24,,152440.0,152940.0,0.019600000000000062,
2026-03-25,lithium_carbonate,碳酸锂,电池上游材料,155000.0,元/吨,AKShare/生意社现货与期货,akshare_basis,LC,2026-03-25,,158740.0,159120.0,0.026580645161290217,
2026-03-26,lithium_carbonate,碳酸锂,电池上游材料,155000.0,元/吨,AKShare/生意社现货与期货,akshare_basis,LC,2026-03-26,,158100.0,157200.0,0.014193548387096744,
2026-03-27,lithium_carbonate,碳酸锂,电池上游材料,160000.0,元/吨,AKShare/生意社现货与期货,akshare_basis,LC,2026-03-27,,167480.0,168440.0,0.052750000000000075,
2026-03-30,lithium_carbonate,碳酸锂,电池上游材料,167000.0,元/吨,AKShare/生意社现货与期货,akshare_basis,LC,2026-03-30,,170060.0,171620.0,0.027664670658682722,
2026-03-31,lithium_carbonate,碳酸锂,电池上游材料,159000.0,元/吨,AKShare/生意社现货与期货,akshare_basis,LC,2026-03-31,,158040.0,157200.0,-0.01132075471698113,
2026-04-01,lithium_carbonate,碳酸锂,电池上游材料,158000.0,元/吨,AKShare/生意社现货与期货,akshare_basis,LC,2026-04-01,,161500.0,158620.0,0.003924050632911458,
2026-04-02,lithium_carbonate,碳酸锂,电池上游材料,158000.0,元/吨,AKShare/生意社现货与期货,akshare_basis,LC,2026-04-02,,159980.0,160180.0,0.013797468354430409,
2026-04-03,lithium_carbonate,碳酸锂,电池上游材料,157500.0,元/吨,AKShare/生意社现货与期货,akshare_basis,LC,2026-04-03,,157800.0,157860.0,0.0022857142857142243,
2026-04-07,lithium_carbonate,碳酸锂,电池上游材料,160000.0,元/吨,AKShare/生意社现货与期货,akshare_basis,LC,2026-04-07,,163000.0,160860.0,0.005374999999999908,
2026-04-08,lithium_carbonate,碳酸锂,电池上游材料,158000.0,元/吨,AKShare/生意社现货与期货,akshare_basis,LC,2026-04-08,,162000.0,159620.0,0.010253164556962124,
2026-04-09,lithium_carbonate,碳酸锂,电池上游材料,155000.0,元/吨,AKShare/生意社现货与期货,akshare_basis,LC,2026-04-09,,151900.0,153560.0,-0.009290322580645216,
2026-04-10,lithium_carbonate,碳酸锂,电池上游材料,150000.0,元/吨,AKShare/生意社现货与期货,akshare_basis,LC,2026-04-10,,153900.0,157600.0,0.05066666666666664,
2026-04-13,lithium_carbonate,碳酸锂,电池上游材料,157000.0,元/吨,AKShare/生意社现货与期货,akshare_basis,LC,2026-04-13,,161680.0,166500.0,0.060509554140127486,
2026-04-14,lithium_carbonate,碳酸锂,电池上游材料,161000.0,元/吨,AKShare/生意社现货与期货,akshare_basis,LC,2026-04-14,,162000.0,166840.0,0.0362732919254658,
2026-04-15,lithium_carbonate,碳酸锂,电池上游材料,162000.0,元/吨,AKShare/生意社现货与期货,akshare_basis,LC,2026-04-15,,163400.0,168660.0,0.0411111111111111,
2026-04-16,lithium_carbonate,碳酸锂,电池上游材料,167000.0,元/吨,AKShare/生意社现货与期货,akshare_basis,LC,2026-04-16,,172400.0,176000.0,0.05389221556886237,
2026-04-17,lithium_carbonate,碳酸锂,电池上游材料,168000.0,元/吨,AKShare/生意社现货与期货,akshare_basis,LC,2026-04-17,,173760.0,177560.0,0.05690476190476201,
2026-04-20,lithium_carbonate,碳酸锂,电池上游材料,172000.0,元/吨,AKShare/生意社现货与期货,akshare_basis,LC,2026-04-20,,176220.0,180200.0,0.04767441860465116,
2026-04-21,lithium_carbonate,碳酸锂,电池上游材料,170000.0,元/吨,AKShare/生意社现货与期货,akshare_basis,LC,2026-04-21,,170460.0,174260.0,0.0250588235294118,
2026-04-22,lithium_carbonate,碳酸锂,电池上游材料,169000.0,元/吨,AKShare/生意社现货与期货,akshare_basis,LC,2026-04-22,,171580.0,175240.0,0.036923076923076836,
2026-04-23,lithium_carbonate,碳酸锂,电池上游材料,170000.0,元/吨,AKShare/生意社现货与期货,akshare_basis,LC,2026-04-23,,173960.0,177960.0,0.04682352941176471,
2026-04-24,lithium_carbonate,碳酸锂,电池上游材料,172000.0,元/吨,AKShare/生意社现货与期货,akshare_basis,LC,2026-04-24,,173940.0,177900.0,0.034302325581395454,
2026-04-27,lithium_carbonate,碳酸锂,电池上游材料,176000.0,元/吨,AKShare/生意社现货与期货,akshare_basis,LC,2026-04-27,,176700.0,180560.0,0.02590909090909088,
2026-04-28,lithium_carbonate,碳酸锂,电池上游材料,174000.0,元/吨,AKShare/生意社现货与期货,akshare_basis,LC,2026-04-28,,174760.0,178620.0,0.026551724137930943,
2026-04-29,lithium_carbonate,碳酸锂,电池上游材料,177000.0,元/吨,AKShare/生意社现货与期货,akshare_basis,LC,2026-04-29,,179700.0,183880.0,0.03887005649717512,
2026-04-30,lithium_carbonate,碳酸锂,电池上游材料,177000.0,元/吨,AKShare/生意社现货与期货,akshare_basis,LC,2026-04-30,,185180.0,189080.0,0.06824858757062158,
2026-05-06,lithium_carbonate,碳酸锂,电池上游材料,190000.0,元/吨,AKShare/生意社现货与期货,akshare_basis,LC,2026-05-06,,194600.0,199400.0,0.049473684210526336,
2026-05-07,lithium_carbonate,碳酸锂,电池上游材料,193000.0,元/吨,AKShare/生意社现货与期货,akshare_basis,LC,2026-05-07,,193540.0,199060.0,0.03139896373057005,
2026-05-08,lithium_carbonate,碳酸锂,电池上游材料,190000.0,元/吨,AKShare/生意社现货与期货,akshare_basis,LC,2026-05-08,,192000.0,196560.0,0.03452631578947374,
2026-05-11,lithium_carbonate,碳酸锂,电池上游材料,196000.0,元/吨,AKShare/生意社现货与期货,akshare_basis,LC,2026-05-11,,200520.0,205020.0,0.04602040816326536,
2026-05-12,lithium_carbonate,碳酸锂,电池上游材料,199000.0,元/吨,AKShare/生意社现货与期货,akshare_basis,LC,2026-05-12,,200140.0,205260.0,0.031457286432160725,
2026-05-13,lithium_carbonate,碳酸锂,电池上游材料,195000.0,元/吨,AKShare/生意社现货与期货,akshare_basis,LC,2026-05-13,,193060.0,201960.0,0.03569230769230769,
2026-05-14,lithium_carbonate,碳酸锂,电池上游材料,192000.0,元/吨,AKShare/生意社现货与期货,akshare_basis,LC,2026-05-14,,186380.0,191760.0,-0.0012499999999999734,
2026-05-15,lithium_carbonate,碳酸锂,电池上游材料,191000.0,元/吨,AKShare/生意社现货与期货,akshare_basis,LC,2026-05-15,,184000.0,188800.0,-0.011518324607329822,
2026-05-18,lithium_carbonate,碳酸锂,电池上游材料,190000.0,元/吨,AKShare/生意社现货与期货,akshare_basis,LC,2026-05-18,,188000.0,192180.0,0.011473684210526303,
2026-05-19,lithium_carbonate,碳酸锂,电池上游材料,184000.0,元/吨,AKShare/生意社现货与期货,akshare_basis,LC,2026-05-19,,179500.0,184400.0,0.0021739130434783593,
2026-05-20,lithium_carbonate,碳酸锂,电池上游材料,179000.0,元/吨,AKShare/生意社现货与期货,akshare_basis,LC,2026-05-20,,178640.0,183100.0,0.022905027932960786,
2026-05-21,lithium_carbonate,碳酸锂,电池上游材料,179000.0,元/吨,AKShare/生意社现货与期货,akshare_basis,LC,2026-05-21,,173400.0,177600.0,-0.007821229050279377,
2026-05-22,lithium_carbonate,碳酸锂,电池上游材料,179000.0,元/吨,AKShare/生意社现货与期货,akshare_basis,LC,2026-05-22,,179460.0,184460.0,0.030502793296089292,
2026-05-25,lithium_carbonate,碳酸锂,电池上游材料,180000.0,元/吨,AKShare/生意社现货与期货,akshare_basis,LC,2026-05-25,,177020.0,181200.0,0.006666666666666599,
2026-05-26,lithium_carbonate,碳酸锂,电池上游材料,177000.0,元/吨,AKShare/生意社现货与期货,akshare_basis,LC,2026-05-26,,171780.0,175960.0,-0.005875706214689247,
2026-05-27,lithium_carbonate,碳酸锂,电池上游材料,175000.0,元/吨,AKShare/生意社现货与期货,akshare_basis,LC,2026-05-27,,168960.0,173000.0,-0.011428571428571455,
2026-05-28,lithium_carbonate,碳酸锂,电池上游材料,176000.0,元/吨,AKShare/生意社现货与期货,akshare_basis,LC,2026-05-28,,174800.0,178860.0,0.016250000000000098,
2026-05-29,lithium_carbonate,碳酸锂,电池上游材料,178000.0,元/吨,AKShare/生意社现货与期货,akshare_basis,LC,2026-05-29,,174600.0,179740.0,0.00977528089887647,
2026-06-01,lithium_carbonate,碳酸锂,电池上游材料,177000.0,元/吨,AKShare/生意社现货与期货,akshare_basis,LC,2026-06-01,,174880.0,178900.0,0.010734463276836248,
2026-06-02,lithium_carbonate,碳酸锂,电池上游材料,174000.0,元/吨,AKShare/生意社现货与期货,akshare_basis,LC,2026-06-02,,168300.0,172980.0,-0.00586206896551722,
2026-06-03,lithium_carbonate,碳酸锂,电池上游材料,170000.0,元/吨,AKShare/生意社现货与期货,akshare_basis,LC,2026-06-03,,162080.0,166760.0,-0.019058823529411795,
2026-06-04,lithium_carbonate,碳酸锂,电池上游材料,166000.0,元/吨,AKShare/生意社现货与期货,akshare_basis,LC,2026-06-04,,154760.0,160740.0,-0.03168674698795182,
2026-06-05,lithium_carbonate,碳酸锂,电池上游材料,160000.0,元/吨,AKShare/生意社现货与期货,akshare_basis,LC,2026-06-05,,158820.0,164360.0,0.027249999999999996,
2026-06-08,lithium_carbonate,碳酸锂,电池上游材料,162000.0,元/吨,AKShare/生意社现货与期货,akshare_basis,LC,2026-06-08,,158500.0,163340.0,0.008271604938271615,
2026-06-09,lithium_carbonate,碳酸锂,电池上游材料,162000.0,元/吨,AKShare/生意社现货与期货,akshare_basis,LC,2026-06-09,,162800.0,168460.0,0.039876543209876436,
2026-06-10,lithium_carbonate,碳酸锂,电池上游材料,164000.0,元/吨,AKShare/生意社现货与期货,akshare_basis,LC,2026-06-10,,162860.0,167400.0,0.02073170731707319,
2026-06-11,lithium_carbonate,碳酸锂,电池上游材料,167000.0,元/吨,AKShare/生意社现货与期货,akshare_basis,LC,2026-06-11,,169000.0,174600.0,0.045508982035928236,
2026-06-12,lithium_carbonate,碳酸锂,电池上游材料,172000.0,元/吨,AKShare/生意社现货与期货,akshare_basis,LC,2026-06-12,,172800.0,175300.0,0.019186046511627808,
2025-12-15,lldpe,LLDPE,包装/塑料辅材,6670.0,元/吨,AKShare/生意社现货与期货,akshare_basis,L,2025-12-15,,6522.0,6557.0,-0.01694152923538228,
2025-12-16,lldpe,LLDPE,包装/塑料辅材,6645.0,元/吨,AKShare/生意社现货与期货,akshare_basis,L,2025-12-16,,6516.0,6543.0,-0.01534988713318286,
2025-12-17,lldpe,LLDPE,包装/塑料辅材,6616.66,元/吨,AKShare/生意社现货与期货,akshare_basis,L,2025-12-17,,6439.0,6479.0,-0.020805058745651084,
2025-12-18,lldpe,LLDPE,包装/塑料辅材,6608.34,元/吨,AKShare/生意社现货与期货,akshare_basis,L,2025-12-18,,6433.0,6476.0,-0.020026209305211262,
2025-12-19,lldpe,LLDPE,包装/塑料辅材,6600.0,元/吨,AKShare/生意社现货与期货,akshare_basis,L,2025-12-19,,6272.0,6320.0,-0.042424242424242475,
2025-12-22,lldpe,LLDPE,包装/塑料辅材,6513.33,元/吨,AKShare/生意社现货与期货,akshare_basis,L,2025-12-22,,6186.0,6240.0,-0.04196470929616647,
2025-12-23,lldpe,LLDPE,包装/塑料辅材,6430.0,元/吨,AKShare/生意社现货与期货,akshare_basis,L,2025-12-23,,6246.0,6296.0,-0.02083981337480556,
2025-12-24,lldpe,LLDPE,包装/塑料辅材,6388.33,元/吨,AKShare/生意社现货与期货,akshare_basis,L,2025-12-24,,6350.0,6408.0,0.0030790519588062004,
2025-12-25,lldpe,LLDPE,包装/塑料辅材,6376.66,元/吨,AKShare/生意社现货与期货,akshare_basis,L,2025-12-25,,6343.0,6390.0,0.0020920042781016335,
2025-12-26,lldpe,LLDPE,包装/塑料辅材,6375.0,元/吨,AKShare/生意社现货与期货,akshare_basis,L,2025-12-26,,6389.0,6465.0,0.014117647058823568,
2025-12-29,lldpe,LLDPE,包装/塑料辅材,6380.0,元/吨,AKShare/生意社现货与期货,akshare_basis,L,2025-12-29,,6365.0,6453.0,0.011442006269592575,
2025-12-30,lldpe,LLDPE,包装/塑料辅材,6415.0,元/吨,AKShare/生意社现货与期货,akshare_basis,L,2025-12-30,,6376.0,6461.0,0.007170693686671781,
2025-12-31,lldpe,LLDPE,包装/塑料辅材,6410.0,元/吨,AKShare/生意社现货与期货,akshare_basis,L,2025-12-31,,6270.0,6472.0,0.009672386895475782,
2026-01-05,lldpe,LLDPE,包装/塑料辅材,6483.34,元/吨,AKShare/生意社现货与期货,akshare_basis,L,2026-01-05,,6240.0,6449.0,-0.0052966526512568946,
2026-01-06,lldpe,LLDPE,包装/塑料辅材,6500.0,元/吨,AKShare/生意社现货与期货,akshare_basis,L,2026-01-06,,6329.0,6579.0,0.012153846153846182,
2026-01-07,lldpe,LLDPE,包装/塑料辅材,6573.34,元/吨,AKShare/生意社现货与期货,akshare_basis,L,2026-01-07,,6430.0,6642.0,0.010445222672187837,
2026-01-08,lldpe,LLDPE,包装/塑料辅材,6615.0,元/吨,AKShare/生意社现货与期货,akshare_basis,L,2026-01-08,,6410.0,6628.0,0.0019652305366590905,
2026-01-09,lldpe,LLDPE,包装/塑料辅材,6625.0,元/吨,AKShare/生意社现货与期货,akshare_basis,L,2026-01-09,,6425.0,6674.0,0.007396226415094409,
2026-01-12,lldpe,LLDPE,包装/塑料辅材,6675.0,元/吨,AKShare/生意社现货与期货,akshare_basis,L,2026-01-12,,6506.0,6737.0,0.00928838951310862,
2026-01-13,lldpe,LLDPE,包装/塑料辅材,6773.34,元/吨,AKShare/生意社现货与期货,akshare_basis,L,2026-01-13,,6550.0,6766.0,-0.001083660350728044,
2026-01-14,lldpe,LLDPE,包装/塑料辅材,6890.0,元/吨,AKShare/生意社现货与期货,akshare_basis,L,2026-01-14,,6655.0,6820.0,-0.010159651669085612,
2026-01-15,lldpe,LLDPE,包装/塑料辅材,6921.67,元/吨,AKShare/生意社现货与期货,akshare_basis,L,2026-01-15,,6600.0,6785.0,-0.019745234892735386,
2026-01-16,lldpe,LLDPE,包装/塑料辅材,6840.0,元/吨,AKShare/生意社现货与期货,akshare_basis,L,2026-01-16,,6520.0,6695.0,-0.021198830409356773,
2026-01-19,lldpe,LLDPE,包装/塑料辅材,6810.0,元/吨,AKShare/生意社现货与期货,akshare_basis,L,2026-01-19,,6534.0,6667.0,-0.02099853157121878,
2026-01-20,lldpe,LLDPE,包装/塑料辅材,6725.0,元/吨,AKShare/生意社现货与期货,akshare_basis,L,2026-01-20,,6519.0,6640.0,-0.01263940520446094,
2026-01-21,lldpe,LLDPE,包装/塑料辅材,6668.34,元/吨,AKShare/生意社现货与期货,akshare_basis,L,2026-01-21,,6530.0,6666.0,-0.00035091192110781044,
2026-01-22,lldpe,LLDPE,包装/塑料辅材,6696.66,元/吨,AKShare/生意社现货与期货,akshare_basis,L,2026-01-22,,6656.0,6814.0,0.01752216776721527,
2026-01-23,lldpe,LLDPE,包装/塑料辅材,6846.66,元/吨,AKShare/生意社现货与期货,akshare_basis,L,2026-01-23,,6707.0,6865.0,0.0026786783628807154,
2026-01-26,lldpe,LLDPE,包装/塑料辅材,6871.66,元/吨,AKShare/生意社现货与期货,akshare_basis,L,2026-01-26,,6774.0,6935.0,0.009217568971689571,
2026-01-27,lldpe,LLDPE,包装/塑料辅材,6915.0,元/吨,AKShare/生意社现货与期货,akshare_basis,L,2026-01-27,,6734.0,6899.0,-0.0023138105567607203,
2026-01-28,lldpe,LLDPE,包装/塑料辅材,6905.0,元/吨,AKShare/生意社现货与期货,akshare_basis,L,2026-01-28,,6832.0,6967.0,0.008979000724113062,
2026-01-29,lldpe,LLDPE,包装/塑料辅材,6958.33,元/吨,AKShare/生意社现货与期货,akshare_basis,L,2026-01-29,,6903.0,7049.0,0.013030425403796508,
2026-01-30,lldpe,LLDPE,包装/塑料辅材,6966.67,元/吨,AKShare/生意社现货与期货,akshare_basis,L,2026-01-30,,6858.0,7014.0,0.006793776653695405,
2026-02-02,lldpe,LLDPE,包装/塑料辅材,7025.0,元/吨,AKShare/生意社现货与期货,akshare_basis,L,2026-02-02,,6683.0,6878.0,-0.020925266903914608,
2026-02-03,lldpe,LLDPE,包装/塑料辅材,6930.0,元/吨,AKShare/生意社现货与期货,akshare_basis,L,2026-02-03,,6677.0,6865.0,-0.009379509379509376,
2026-02-04,lldpe,LLDPE,包装/塑料辅材,6975.0,元/吨,AKShare/生意社现货与期货,akshare_basis,L,2026-02-04,,6750.0,6918.0,-0.008172043010752694,
2026-02-05,lldpe,LLDPE,包装/塑料辅材,6915.0,元/吨,AKShare/生意社现货与期货,akshare_basis,L,2026-02-05,,6616.0,6777.0,-0.019956616052060783,
2026-02-06,lldpe,LLDPE,包装/塑料辅材,6800.0,元/吨,AKShare/生意社现货与期货,akshare_basis,L,2026-02-06,,6570.0,6812.0,0.0017647058823528905,
2026-02-09,lldpe,LLDPE,包装/塑料辅材,6800.0,元/吨,AKShare/生意社现货与期货,akshare_basis,L,2026-02-09,,6562.0,6721.0,-0.01161764705882351,
2026-02-10,lldpe,LLDPE,包装/塑料辅材,6790.0,元/吨,AKShare/生意社现货与期货,akshare_basis,L,2026-02-10,,6596.0,6775.0,-0.0022091310751104487,
2026-02-11,lldpe,LLDPE,包装/塑料辅材,6790.0,元/吨,AKShare/生意社现货与期货,akshare_basis,L,2026-02-11,,6832.0,6967.0,0.026067746686303295,
2026-02-12,lldpe,LLDPE,包装/塑料辅材,6775.0,元/吨,AKShare/生意社现货与期货,akshare_basis,L,2026-02-12,,6596.0,6734.0,-0.006051660516605217,
2026-02-13,lldpe,LLDPE,包装/塑料辅材,6775.0,元/吨,AKShare/生意社现货与期货,akshare_basis,L,2026-02-13,,6687.0,6644.0,-0.01933579335793356,
2026-02-24,lldpe,LLDPE,包装/塑料辅材,6708.34,元/吨,AKShare/生意社现货与期货,akshare_basis,L,2026-02-24,,6657.0,6820.0,0.016644952402531832,
2026-02-25,lldpe,LLDPE,包装/塑料辅材,6736.66,元/吨,AKShare/生意社现货与期货,akshare_basis,L,2026-02-25,,6625.0,6777.0,0.005988130616655818,
2026-02-26,lldpe,LLDPE,包装/塑料辅材,6723.33,元/吨,AKShare/生意社现货与期货,akshare_basis,L,2026-02-26,,6476.0,6668.0,-0.008229552914998939,
2026-02-27,lldpe,LLDPE,包装/塑料辅材,6605.0,元/吨,AKShare/生意社现货与期货,akshare_basis,L,2026-02-27,,6371.0,6597.0,-0.0012112036336109355,
2026-03-02,lldpe,LLDPE,包装/塑料辅材,6816.66,元/吨,AKShare/生意社现货与期货,akshare_basis,L,2026-03-02,,6765.0,6991.0,0.025575575135036832,
2026-03-03,lldpe,LLDPE,包装/塑料辅材,7125.0,元/吨,AKShare/生意社现货与期货,akshare_basis,L,2026-03-03,,7001.0,7200.0,0.010526315789473717,
2026-03-04,lldpe,LLDPE,包装/塑料辅材,7325.0,元/吨,AKShare/生意社现货与期货,akshare_basis,L,2026-03-04,,7158.0,7355.0,0.004095563139931757,
2026-03-05,lldpe,LLDPE,包装/塑料辅材,7491.66,元/吨,AKShare/生意社现货与期货,akshare_basis,L,2026-03-05,,7380.0,7393.0,-0.013169310940432388,
2026-03-06,lldpe,LLDPE,包装/塑料辅材,7566.66,元/吨,AKShare/生意社现货与期货,akshare_basis,L,2026-03-06,,7207.0,7691.0,0.01643261359701631,
2026-03-09,lldpe,LLDPE,包装/塑料辅材,8650.0,元/吨,AKShare/生意社现货与期货,akshare_basis,L,2026-03-09,,7200.0,7944.0,-0.0816184971098266,
2026-03-10,lldpe,LLDPE,包装/塑料辅材,8008.34,元/吨,AKShare/生意社现货与期货,akshare_basis,L,2026-03-10,,7200.0,7767.0,-0.03013608313333349,
2026-03-11,lldpe,LLDPE,包装/塑料辅材,7866.67,元/吨,AKShare/生意社现货与期货,akshare_basis,L,2026-03-11,,7200.0,8154.0,0.03652498452331154,
2026-03-12,lldpe,LLDPE,包装/塑料辅材,8550.0,元/吨,AKShare/生意社现货与期货,akshare_basis,L,2026-03-12,,7580.0,8236.0,-0.03672514619883038,
2026-03-13,lldpe,LLDPE,包装/塑料辅材,8458.33,元/吨,AKShare/生意社现货与期货,akshare_basis,L,2026-03-13,,8262.0,8416.0,-0.005004533991934568,
2026-03-16,lldpe,LLDPE,包装/塑料辅材,8625.0,元/吨,AKShare/生意社现货与期货,akshare_basis,L,2026-03-16,,8622.0,8677.0,0.006028985507246398,
2026-03-17,lldpe,LLDPE,包装/塑料辅材,8516.67,元/吨,AKShare/生意社现货与期货,akshare_basis,L,2026-03-17,,8469.0,8496.0,-0.0024270049209373923,
2026-03-18,lldpe,LLDPE,包装/塑料辅材,8476.67,元/吨,AKShare/生意社现货与期货,akshare_basis,L,2026-03-18,,8376.0,8431.0,-0.005387728907696121,
2026-03-19,lldpe,LLDPE,包装/塑料辅材,8708.33,元/吨,AKShare/生意社现货与期货,akshare_basis,L,2026-03-19,,8850.0,8916.0,0.023847281855418956,
2026-03-20,lldpe,LLDPE,包装/塑料辅材,8625.0,元/吨,AKShare/生意社现货与期货,akshare_basis,L,2026-03-20,,8720.0,8818.0,0.022376811594202906,
2026-03-23,lldpe,LLDPE,包装/塑料辅材,9108.33,元/吨,AKShare/生意社现货与期货,akshare_basis,L,2026-03-23,,9459.0,9523.0,0.04552645764920693,
2026-03-24,lldpe,LLDPE,包装/塑料辅材,9075.0,元/吨,AKShare/生意社现货与期货,akshare_basis,L,2026-03-24,,8818.0,8918.0,-0.017300275482093674,
2026-03-25,lldpe,LLDPE,包装/塑料辅材,8766.67,元/吨,AKShare/生意社现货与期货,akshare_basis,L,2026-03-25,,8628.0,8715.0,-0.005893914108777931,
2026-03-26,lldpe,LLDPE,包装/塑料辅材,8816.67,元/吨,AKShare/生意社现货与期货,akshare_basis,L,2026-03-26,,8668.0,8767.0,-0.005633646263271785,
2026-03-27,lldpe,LLDPE,包装/塑料辅材,8783.33,元/吨,AKShare/生意社现货与期货,akshare_basis,L,2026-03-27,,8739.0,8868.0,0.00963985185573124,
2026-03-30,lldpe,LLDPE,包装/塑料辅材,9000.0,元/吨,AKShare/生意社现货与期货,akshare_basis,L,2026-03-30,,8727.0,8804.0,-0.021777777777777785,
2026-03-31,lldpe,LLDPE,包装/塑料辅材,8766.67,元/吨,AKShare/生意社现货与期货,akshare_basis,L,2026-03-31,,8550.0,8614.0,-0.01741482227573299,
2026-04-01,lldpe,LLDPE,包装/塑料辅材,8716.67,元/吨,AKShare/生意社现货与期货,akshare_basis,L,2026-04-01,,8350.0,8380.0,-0.03862369459896953,
2026-04-02,lldpe,LLDPE,包装/塑料辅材,8768.33,元/吨,AKShare/生意社现货与期货,akshare_basis,L,2026-04-02,,8622.0,8625.0,-0.016346328206169214,
2026-04-03,lldpe,LLDPE,包装/塑料辅材,8880.0,元/吨,AKShare/生意社现货与期货,akshare_basis,L,2026-04-03,,8750.0,8799.0,-0.009121621621621667,
2026-04-07,lldpe,LLDPE,包装/塑料辅材,9216.67,元/吨,AKShare/生意社现货与期货,akshare_basis,L,2026-04-07,,9175.0,9389.0,0.018697642423999072,
2026-04-08,lldpe,LLDPE,包装/塑料辅材,8925.0,元/吨,AKShare/生意社现货与期货,akshare_basis,L,2026-04-08,,9178.0,8498.0,-0.04784313725490197,
2026-04-09,lldpe,LLDPE,包装/塑料辅材,8916.67,元/吨,AKShare/生意社现货与期货,akshare_basis,L,2026-04-09,,8500.0,8579.0,-0.037869518553451,
2026-04-10,lldpe,LLDPE,包装/塑料辅材,8840.0,元/吨,AKShare/生意社现货与期货,akshare_basis,L,2026-04-10,,8449.0,8179.0,-0.07477375565610855,
2026-04-13,lldpe,LLDPE,包装/塑料辅材,8858.33,元/吨,AKShare/生意社现货与期货,akshare_basis,L,2026-04-13,,8380.0,8203.0,-0.07397895540130028,
2026-04-14,lldpe,LLDPE,包装/塑料辅材,8758.33,元/吨,AKShare/生意社现货与期货,akshare_basis,L,2026-04-14,,8260.0,8067.0,-0.07893399769134068,
2026-04-15,lldpe,LLDPE,包装/塑料辅材,8580.0,元/吨,AKShare/生意社现货与期货,akshare_basis,L,2026-04-15,,8260.0,8036.0,-0.06340326340326341,
2026-04-16,lldpe,LLDPE,包装/塑料辅材,8541.67,元/吨,AKShare/生意社现货与期货,akshare_basis,L,2026-04-16,,8280.0,8091.0,-0.05276134526386522,
2026-04-17,lldpe,LLDPE,包装/塑料辅材,8466.67,元/吨,AKShare/生意社现货与期货,akshare_basis,L,2026-04-17,,8284.0,8129.0,-0.039882267762886725,
2026-04-20,lldpe,LLDPE,包装/塑料辅材,8425.0,元/吨,AKShare/生意社现货与期货,akshare_basis,L,2026-04-20,,8119.0,7968.0,-0.05424332344213645,
2026-04-21,lldpe,LLDPE,包装/塑料辅材,8321.67,元/吨,AKShare/生意社现货与期货,akshare_basis,L,2026-04-21,,8132.0,7981.0,-0.04093769639988132,
2026-04-22,lldpe,LLDPE,包装/塑料辅材,8266.67,元/吨,AKShare/生意社现货与期货,akshare_basis,L,2026-04-22,,8169.0,8069.0,-0.02391168390657905,
2026-04-23,lldpe,LLDPE,包装/塑料辅材,8275.0,元/吨,AKShare/生意社现货与期货,akshare_basis,L,2026-04-23,,8183.0,8145.0,-0.015709969788519684,
2026-04-24,lldpe,LLDPE,包装/塑料辅材,8258.33,元/吨,AKShare/生意社现货与期货,akshare_basis,L,2026-04-24,,8147.0,8120.0,-0.01675035993960039,
2026-04-27,lldpe,LLDPE,包装/塑料辅材,8276.67,元/吨,AKShare/生意社现货与期货,akshare_basis,L,2026-04-27,,8279.0,8250.0,-0.003222310421945096,
2026-04-28,lldpe,LLDPE,包装/塑料辅材,8313.33,元/吨,AKShare/生意社现货与期货,akshare_basis,L,2026-04-28,,8400.0,8389.0,0.009102249038592136,
2026-04-29,lldpe,LLDPE,包装/塑料辅材,8425.0,元/吨,AKShare/生意社现货与期货,akshare_basis,L,2026-04-29,,8399.0,8412.0,-0.0015430267062314096,
2026-04-30,lldpe,LLDPE,包装/塑料辅材,8525.0,元/吨,AKShare/生意社现货与期货,akshare_basis,L,2026-04-30,,8510.0,8452.0,-0.008563049853372418,
2026-05-06,lldpe,LLDPE,包装/塑料辅材,8625.0,元/吨,AKShare/生意社现货与期货,akshare_basis,L,2026-05-06,,8480.0,8486.0,-0.016115942028985475,
2026-05-07,lldpe,LLDPE,包装/塑料辅材,8516.67,元/吨,AKShare/生意社现货与期货,akshare_basis,L,2026-05-07,,8160.0,8079.0,-0.05138980376132929,
2026-05-08,lldpe,LLDPE,包装/塑料辅材,8450.0,元/吨,AKShare/生意社现货与期货,akshare_basis,L,2026-05-08,,8088.0,8060.0,-0.0461538461538461,
2026-05-11,lldpe,LLDPE,包装/塑料辅材,8446.67,元/吨,AKShare/生意社现货与期货,akshare_basis,L,2026-05-11,,8228.0,8177.0,-0.0319261910314953,
2026-05-12,lldpe,LLDPE,包装/塑料辅材,8491.67,元/吨,AKShare/生意社现货与期货,akshare_basis,L,2026-05-12,,8318.0,8255.0,-0.027870842837745657,
2026-05-13,lldpe,LLDPE,包装/塑料辅材,8490.0,元/吨,AKShare/生意社现货与期货,akshare_basis,L,2026-05-13,,8218.0,8214.0,-0.03250883392226145,
2026-05-14,lldpe,LLDPE,包装/塑料辅材,8466.67,元/吨,AKShare/生意社现货与期货,akshare_basis,L,2026-05-14,,8230.0,8048.0,-0.04944919313023899,
2026-05-15,lldpe,LLDPE,包装/塑料辅材,8441.67,元/吨,AKShare/生意社现货与期货,akshare_basis,L,2026-05-15,,8168.0,8034.0,-0.04829257717963387,
2026-05-18,lldpe,LLDPE,包装/塑料辅材,8450.0,元/吨,AKShare/生意社现货与期货,akshare_basis,L,2026-05-18,,8230.0,8170.0,-0.03313609467455625,
2026-05-19,lldpe,LLDPE,包装/塑料辅材,8410.0,元/吨,AKShare/生意社现货与期货,akshare_basis,L,2026-05-19,,8091.0,8051.0,-0.042687277051129624,
2026-05-20,lldpe,LLDPE,包装/塑料辅材,8425.0,元/吨,AKShare/生意社现货与期货,akshare_basis,L,2026-05-20,,8174.0,8094.0,-0.03928783382789314,
2026-05-21,lldpe,LLDPE,包装/塑料辅材,8403.33,元/吨,AKShare/生意社现货与期货,akshare_basis,L,2026-05-21,,8096.0,8012.0,-0.046568443700295004,
2026-05-22,lldpe,LLDPE,包装/塑料辅材,8386.67,元/吨,AKShare/生意社现货与期货,akshare_basis,L,2026-05-22,,8010.0,7927.0,-0.05480959665755303,
2026-05-25,lldpe,LLDPE,包装/塑料辅材,8351.67,元/吨,AKShare/生意社现货与期货,akshare_basis,L,2026-05-25,,7975.0,7814.0,-0.06437874101826346,
2026-05-26,lldpe,LLDPE,包装/塑料辅材,8275.0,元/吨,AKShare/生意社现货与期货,akshare_basis,L,2026-05-26,,7974.0,7796.0,-0.057885196374622305,
2026-05-27,lldpe,LLDPE,包装/塑料辅材,8271.67,元/吨,AKShare/生意社现货与期货,akshare_basis,L,2026-05-27,,7884.0,7738.0,-0.0645178059569591,
2026-05-28,lldpe,LLDPE,包装/塑料辅材,8256.67,元/吨,AKShare/生意社现货与期货,akshare_basis,L,2026-05-28,,7950.0,7818.0,-0.05312916708551996,
2026-05-29,lldpe,LLDPE,包装/塑料辅材,8256.67,元/吨,AKShare/生意社现货与期货,akshare_basis,L,2026-05-29,,7980.0,7851.0,-0.049132398412435,
2026-06-01,lldpe,LLDPE,包装/塑料辅材,8276.67,元/吨,AKShare/生意社现货与期货,akshare_basis,L,2026-06-01,,8110.0,7968.0,-0.0372939841747949,
2026-06-02,lldpe,LLDPE,包装/塑料辅材,8286.67,元/吨,AKShare/生意社现货与期货,akshare_basis,L,2026-06-02,,8050.0,7937.0,-0.042196684554833275,
2026-06-03,lldpe,LLDPE,包装/塑料辅材,8270.0,元/吨,AKShare/生意社现货与期货,akshare_basis,L,2026-06-03,,8120.0,8005.0,-0.03204353083434097,
2026-06-04,lldpe,LLDPE,包装/塑料辅材,8270.0,元/吨,AKShare/生意社现货与期货,akshare_basis,L,2026-06-04,,8120.0,7885.0,-0.04655380894800487,
2026-06-05,lldpe,LLDPE,包装/塑料辅材,8283.33,元/吨,AKShare/生意社现货与期货,akshare_basis,L,2026-06-05,,8120.0,7916.0,-0.04434569188961446,
2026-06-08,lldpe,LLDPE,包装/塑料辅材,8291.67,元/吨,AKShare/生意社现货与期货,akshare_basis,L,2026-06-08,,8190.0,8146.0,-0.017568234143423456,
2026-06-09,lldpe,LLDPE,包装/塑料辅材,8326.67,元/吨,AKShare/生意社现货与期货,akshare_basis,L,2026-06-09,,7935.0,7888.0,-0.052682524946947584,
2026-06-10,lldpe,LLDPE,包装/塑料辅材,8296.67,元/吨,AKShare/生意社现货与期货,akshare_basis,L,2026-06-10,,8044.0,7875.0,-0.05082400529369013,
2026-06-11,lldpe,LLDPE,包装/塑料辅材,8313.33,元/吨,AKShare/生意社现货与期货,akshare_basis,L,2026-06-11,,8050.0,7983.0,-0.039734979845621465,
2026-06-12,lldpe,LLDPE,包装/塑料辅材,8301.67,元/吨,AKShare/生意社现货与期货,akshare_basis,L,2026-06-12,,8050.0,7902.0,-0.04814332537911048,
2025-12-15,natural_rubber,天然橡胶,橡胶软管/缓冲件,14991.67,元/吨,AKShare/生意社现货与期货,akshare_basis,RU,2025-12-15,,15225.0,15200.0,0.013896383791799138,
2025-12-16,natural_rubber,天然橡胶,橡胶软管/缓冲件,14908.33,元/吨,AKShare/生意社现货与期货,akshare_basis,RU,2025-12-16,,15195.0,15170.0,0.017551932376060897,
2025-12-17,natural_rubber,天然橡胶,橡胶软管/缓冲件,15075.0,元/吨,AKShare/生意社现货与期货,akshare_basis,RU,2025-12-17,,15390.0,15390.0,0.020895522388059806,
2025-12-18,natural_rubber,天然橡胶,橡胶软管/缓冲件,15100.0,元/吨,AKShare/生意社现货与期货,akshare_basis,RU,2025-12-18,,15335.0,15320.0,0.014569536423840956,
2025-12-19,natural_rubber,天然橡胶,橡胶软管/缓冲件,14983.33,元/吨,AKShare/生意社现货与期货,akshare_basis,RU,2025-12-19,,15225.0,15190.0,0.013793328986280162,
2025-12-22,natural_rubber,天然橡胶,橡胶软管/缓冲件,14950.0,元/吨,AKShare/生意社现货与期货,akshare_basis,RU,2025-12-22,,15225.0,15205.0,0.017056856187291025,
2025-12-23,natural_rubber,天然橡胶,橡胶软管/缓冲件,14983.33,元/吨,AKShare/生意社现货与期货,akshare_basis,RU,2025-12-23,,15325.0,15290.0,0.020467412784741512,
2025-12-24,natural_rubber,天然橡胶,橡胶软管/缓冲件,15100.0,元/吨,AKShare/生意社现货与期货,akshare_basis,RU,2025-12-24,,15620.0,15650.0,0.036423841059602724,
2025-12-25,natural_rubber,天然橡胶,橡胶软管/缓冲件,15358.33,元/吨,AKShare/生意社现货与期货,akshare_basis,RU,2025-12-25,,15675.0,15730.0,0.024199896733564152,
2025-12-26,natural_rubber,天然橡胶,橡胶软管/缓冲件,15458.33,元/吨,AKShare/生意社现货与期货,akshare_basis,RU,2025-12-26,,15735.0,15780.0,0.02080884545743289,
2025-12-29,natural_rubber,天然橡胶,橡胶软管/缓冲件,15408.33,元/吨,AKShare/生意社现货与期货,akshare_basis,RU,2025-12-29,,15640.0,15665.0,0.016657872722092515,
2025-12-30,natural_rubber,天然橡胶,橡胶软管/缓冲件,15416.67,元/吨,AKShare/生意社现货与期货,akshare_basis,RU,2025-12-30,,15630.0,15670.0,0.016432212663305412,
2025-12-31,natural_rubber,天然橡胶,橡胶软管/缓冲件,15341.67,元/吨,AKShare/生意社现货与期货,akshare_basis,RU,2025-12-31,,15600.0,15605.0,0.017164363462387033,
2026-01-05,natural_rubber,天然橡胶,橡胶软管/缓冲件,15575.0,元/吨,AKShare/生意社现货与期货,akshare_basis,RU,2026-01-05,,15760.0,15790.0,0.01380417335473516,
2026-01-06,natural_rubber,天然橡胶,橡胶软管/缓冲件,15733.33,元/吨,AKShare/生意社现货与期货,akshare_basis,RU,2026-01-06,,16040.0,16050.0,0.020127334772740424,
2026-01-07,natural_rubber,天然橡胶,橡胶软管/缓冲件,15941.67,元/吨,AKShare/生意社现货与期货,akshare_basis,RU,2026-01-07,,16240.0,16180.0,0.014950127558781556,
2026-01-08,natural_rubber,天然橡胶,橡胶软管/缓冲件,15850.0,元/吨,AKShare/生意社现货与期货,akshare_basis,RU,2026-01-08,,16180.0,16120.0,0.017034700315457396,
2026-01-09,natural_rubber,天然橡胶,橡胶软管/缓冲件,15716.67,元/吨,AKShare/生意社现货与期货,akshare_basis,RU,2026-01-09,,16005.0,16030.0,0.019936156959457607,
2026-01-12,natural_rubber,天然橡胶,橡胶软管/缓冲件,15816.67,元/吨,AKShare/生意社现货与期货,akshare_basis,RU,2026-01-12,,16055.0,16130.0,0.019810111736541236,
2026-01-13,natural_rubber,天然橡胶,橡胶软管/缓冲件,15816.67,元/吨,AKShare/生意社现货与期货,akshare_basis,RU,2026-01-13,,16000.0,15975.0,0.010010324549984295,
2026-01-14,natural_rubber,天然橡胶,橡胶软管/缓冲件,15866.67,元/吨,AKShare/生意社现货与期货,akshare_basis,RU,2026-01-14,,16100.0,16160.0,0.018487180990087948,
2026-01-15,natural_rubber,天然橡胶,橡胶软管/缓冲件,15741.67,元/吨,AKShare/生意社现货与期货,akshare_basis,RU,2026-01-15,,16050.0,15995.0,0.016092955829972277,
2026-01-16,natural_rubber,天然橡胶,橡胶软管/缓冲件,15700.0,元/吨,AKShare/生意社现货与期货,akshare_basis,RU,2026-01-16,,15855.0,15835.0,0.008598726114649624,
2026-01-19,natural_rubber,天然橡胶,橡胶软管/缓冲件,15583.33,元/吨,AKShare/生意社现货与期货,akshare_basis,RU,2026-01-19,,15745.0,15745.0,0.010374547673700052,
2026-01-20,natural_rubber,天然橡胶,橡胶软管/缓冲件,15475.0,元/吨,AKShare/生意社现货与期货,akshare_basis,RU,2026-01-20,,15635.0,15620.0,0.009369951534733412,
2026-01-21,natural_rubber,天然橡胶,橡胶软管/缓冲件,15533.33,元/吨,AKShare/生意社现货与期货,akshare_basis,RU,2026-01-21,,15780.0,15745.0,0.013626826958546667,
2026-01-22,natural_rubber,天然橡胶,橡胶软管/缓冲件,15616.67,元/吨,AKShare/生意社现货与期货,akshare_basis,RU,2026-01-22,,15900.0,15850.0,0.014941085391443787,
2026-01-23,natural_rubber,天然橡胶,橡胶软管/缓冲件,15983.33,元/吨,AKShare/生意社现货与期货,akshare_basis,RU,2026-01-23,,16375.0,16315.0,0.02075099494285615,
2026-01-26,natural_rubber,天然橡胶,橡胶软管/缓冲件,16016.67,元/吨,AKShare/生意社现货与期货,akshare_basis,RU,2026-01-26,,16280.0,16230.0,0.013319248008481166,
2026-01-27,natural_rubber,天然橡胶,橡胶软管/缓冲件,15966.67,元/吨,AKShare/生意社现货与期货,akshare_basis,RU,2026-01-27,,16260.0,16205.0,0.014926719221979301,
2026-01-28,natural_rubber,天然橡胶,橡胶软管/缓冲件,16150.0,元/吨,AKShare/生意社现货与期货,akshare_basis,RU,2026-01-28,,16395.0,16360.0,0.013003095975232304,
2026-01-29,natural_rubber,天然橡胶,橡胶软管/缓冲件,16450.0,元/吨,AKShare/生意社现货与期货,akshare_basis,RU,2026-01-29,,16660.0,16690.0,0.014589665653495398,
2026-01-30,natural_rubber,天然橡胶,橡胶软管/缓冲件,16275.0,元/吨,AKShare/生意社现货与期货,akshare_basis,RU,2026-01-30,,16355.0,16360.0,0.005222734254992423,
2026-02-02,natural_rubber,天然橡胶,橡胶软管/缓冲件,15841.67,元/吨,AKShare/生意社现货与期货,akshare_basis,RU,2026-02-02,,16020.0,15980.0,0.008732033933291028,
2026-02-03,natural_rubber,天然橡胶,橡胶软管/缓冲件,16025.0,元/吨,AKShare/生意社现货与期货,akshare_basis,RU,2026-02-03,,16250.0,16180.0,0.009672386895475782,
2026-02-04,natural_rubber,天然橡胶,橡胶软管/缓冲件,16175.0,元/吨,AKShare/生意社现货与期货,akshare_basis,RU,2026-02-04,,16440.0,16385.0,0.012982998454404981,
2026-02-05,natural_rubber,天然橡胶,橡胶软管/缓冲件,16075.0,元/吨,AKShare/生意社现货与期货,akshare_basis,RU,2026-02-05,,16200.0,16175.0,0.0062208398133747345,
2026-02-06,natural_rubber,天然橡胶,橡胶软管/缓冲件,16083.33,元/吨,AKShare/生意社现货与期货,akshare_basis,RU,2026-02-06,,16100.0,16080.0,-0.0002070466750355715,
2026-02-09,natural_rubber,天然橡胶,橡胶软管/缓冲件,16125.0,元/吨,AKShare/生意社现货与期货,akshare_basis,RU,2026-02-09,,16270.0,16245.0,0.007441860465116301,
2026-02-10,natural_rubber,天然橡胶,橡胶软管/缓冲件,16225.0,元/吨,AKShare/生意社现货与期货,akshare_basis,RU,2026-02-10,,16365.0,16335.0,0.006779661016949046,
2026-02-11,natural_rubber,天然橡胶,橡胶软管/缓冲件,16441.67,元/吨,AKShare/生意社现货与期货,akshare_basis,RU,2026-02-11,,16590.0,16575.0,0.008109273571358822,
2026-02-12,natural_rubber,天然橡胶,橡胶软管/缓冲件,16408.33,元/吨,AKShare/生意社现货与期货,akshare_basis,RU,2026-02-12,,16415.0,16450.0,0.002539563745975304,
2026-02-13,natural_rubber,天然橡胶,橡胶软管/缓冲件,16283.33,元/吨,AKShare/生意社现货与期货,akshare_basis,RU,2026-02-13,,16295.0,16315.0,0.0019449338679495831,
2026-02-24,natural_rubber,天然橡胶,橡胶软管/缓冲件,16833.33,元/吨,AKShare/生意社现货与期货,akshare_basis,RU,2026-02-24,,17015.0,17030.0,0.011683368650171833,
2026-02-25,natural_rubber,天然橡胶,橡胶软管/缓冲件,17125.0,元/吨,AKShare/生意社现货与期货,akshare_basis,RU,2026-02-25,,17200.0,17240.0,0.006715328467153281,
2026-02-26,natural_rubber,天然橡胶,橡胶软管/缓冲件,17000.0,元/吨,AKShare/生意社现货与期货,akshare_basis,RU,2026-02-26,,17100.0,17125.0,0.007352941176470562,
2026-02-27,natural_rubber,天然橡胶,橡胶软管/缓冲件,16916.67,元/吨,AKShare/生意社现货与期货,akshare_basis,RU,2026-02-27,,17085.0,17155.0,0.01408847013035075,
2026-03-02,natural_rubber,天然橡胶,橡胶软管/缓冲件,17025.0,元/吨,AKShare/生意社现货与期货,akshare_basis,RU,2026-03-02,,17205.0,17245.0,0.012922173274596105,
2026-03-03,natural_rubber,天然橡胶,橡胶软管/缓冲件,16866.67,元/吨,AKShare/生意社现货与期货,akshare_basis,RU,2026-03-03,,16800.0,16835.0,-0.0018776676131090353,
2026-03-04,natural_rubber,天然橡胶,橡胶软管/缓冲件,16625.0,元/吨,AKShare/生意社现货与期货,akshare_basis,RU,2026-03-04,,16635.0,16740.0,0.006917293233082766,
2026-03-05,natural_rubber,天然橡胶,橡胶软管/缓冲件,16633.33,元/吨,AKShare/生意社现货与期货,akshare_basis,RU,2026-03-05,,16530.0,16555.0,-0.004709219380605201,
2026-03-06,natural_rubber,天然橡胶,橡胶软管/缓冲件,16650.0,元/吨,AKShare/生意社现货与期货,akshare_basis,RU,2026-03-06,,16650.0,16835.0,0.011111111111111072,
2026-03-09,natural_rubber,天然橡胶,橡胶软管/缓冲件,16925.0,元/吨,AKShare/生意社现货与期货,akshare_basis,RU,2026-03-09,,17030.0,16895.0,-0.0017725258493352936,
2026-03-10,natural_rubber,天然橡胶,橡胶软管/缓冲件,16908.33,元/吨,AKShare/生意社现货与期货,akshare_basis,RU,2026-03-10,,17025.0,17115.0,0.012222969388461014,
2026-03-11,natural_rubber,天然橡胶,橡胶软管/缓冲件,17000.0,元/吨,AKShare/生意社现货与期货,akshare_basis,RU,2026-03-11,,17170.0,17180.0,0.010588235294117565,
2026-03-12,natural_rubber,天然橡胶,橡胶软管/缓冲件,17033.33,元/吨,AKShare/生意社现货与期货,akshare_basis,RU,2026-03-12,,17345.0,17075.0,0.0024463801264931195,
2026-03-13,natural_rubber,天然橡胶,橡胶软管/缓冲件,16933.33,元/吨,AKShare/生意社现货与期货,akshare_basis,RU,2026-03-13,,17130.0,16765.0,-0.009940749988336717,
2026-03-16,natural_rubber,天然橡胶,橡胶软管/缓冲件,16808.33,元/吨,AKShare/生意社现货与期货,akshare_basis,RU,2026-03-16,,16950.0,16870.0,0.003669014113835134,
2026-03-17,natural_rubber,天然橡胶,橡胶软管/缓冲件,16808.33,元/吨,AKShare/生意社现货与期货,akshare_basis,RU,2026-03-17,,16810.0,16800.0,-0.0004955876044795415,
2026-03-18,natural_rubber,天然橡胶,橡胶软管/缓冲件,16483.33,元/吨,AKShare/生意社现货与期货,akshare_basis,RU,2026-03-18,,16415.0,16400.0,-0.005055410526877857,
2026-03-19,natural_rubber,天然橡胶,橡胶软管/缓冲件,16233.33,元/吨,AKShare/生意社现货与期货,akshare_basis,RU,2026-03-19,,16160.0,16090.0,-0.008829365262703281,
2026-03-20,natural_rubber,天然橡胶,橡胶软管/缓冲件,16025.0,元/吨,AKShare/生意社现货与期货,akshare_basis,RU,2026-03-20,,16055.0,16000.0,-0.0015600624024960652,
2026-03-23,natural_rubber,天然橡胶,橡胶软管/缓冲件,16141.67,元/吨,AKShare/生意社现货与期货,akshare_basis,RU,2026-03-23,,16200.0,16145.0,0.00020629835698526833,
2026-03-24,natural_rubber,天然橡胶,橡胶软管/缓冲件,16158.33,元/吨,AKShare/生意社现货与期货,akshare_basis,RU,2026-03-24,,16230.0,16225.0,0.004126045203928896,
2026-03-25,natural_rubber,天然橡胶,橡胶软管/缓冲件,16308.33,元/吨,AKShare/生意社现货与期货,akshare_basis,RU,2026-03-25,,16435.0,16430.0,0.007460604488626288,
2026-03-26,natural_rubber,天然橡胶,橡胶软管/缓冲件,16316.67,元/吨,AKShare/生意社现货与期货,akshare_basis,RU,2026-03-26,,16405.0,16460.0,0.00878426786838249,
2026-03-27,natural_rubber,天然橡胶,橡胶软管/缓冲件,16425.0,元/吨,AKShare/生意社现货与期货,akshare_basis,RU,2026-03-27,,16485.0,16555.0,0.007914764079147707,
2026-03-30,natural_rubber,天然橡胶,橡胶软管/缓冲件,16416.67,元/吨,AKShare/生意社现货与期货,akshare_basis,RU,2026-03-30,,16450.0,16565.0,0.00903532811465424,
2026-03-31,natural_rubber,天然橡胶,橡胶软管/缓冲件,16341.67,元/吨,AKShare/生意社现货与期货,akshare_basis,RU,2026-03-31,,16340.0,16400.0,0.0035694026375516774,
2026-04-01,natural_rubber,天然橡胶,橡胶软管/缓冲件,16566.67,元/吨,AKShare/生意社现货与期货,akshare_basis,RU,2026-04-01,,16360.0,16505.0,-0.003722534462266558,
2026-04-02,natural_rubber,天然橡胶,橡胶软管/缓冲件,16650.0,元/吨,AKShare/生意社现货与期货,akshare_basis,RU,2026-04-02,,16615.0,16765.0,0.006906906906906984,
2026-04-03,natural_rubber,天然橡胶,橡胶软管/缓冲件,16750.0,元/吨,AKShare/生意社现货与期货,akshare_basis,RU,2026-04-03,,16815.0,16925.0,0.010447761194029903,
2026-04-07,natural_rubber,天然橡胶,橡胶软管/缓冲件,16933.33,元/吨,AKShare/生意社现货与期货,akshare_basis,RU,2026-04-07,,16930.0,17015.0,0.00482303244547877,
2026-04-08,natural_rubber,天然橡胶,橡胶软管/缓冲件,16866.67,元/吨,AKShare/生意社现货与期货,akshare_basis,RU,2026-04-08,,16950.0,17125.0,0.015316004878259903,
2026-04-09,natural_rubber,天然橡胶,橡胶软管/缓冲件,16925.0,元/吨,AKShare/生意社现货与期货,akshare_basis,RU,2026-04-09,,16950.0,17140.0,0.012703101920236382,
2026-04-10,natural_rubber,天然橡胶,橡胶软管/缓冲件,16750.0,元/吨,AKShare/生意社现货与期货,akshare_basis,RU,2026-04-10,,16905.0,16815.0,0.00388059701492538,
2026-04-13,natural_rubber,天然橡胶,橡胶软管/缓冲件,16591.67,元/吨,AKShare/生意社现货与期货,akshare_basis,RU,2026-04-13,,16905.0,16795.0,0.012254944800613954,
2026-04-14,natural_rubber,天然橡胶,橡胶软管/缓冲件,16616.67,元/吨,AKShare/生意社现货与期货,akshare_basis,RU,2026-04-14,,16905.0,16740.0,0.007422064709716292,
2026-04-15,natural_rubber,天然橡胶,橡胶软管/缓冲件,16725.0,元/吨,AKShare/生意社现货与期货,akshare_basis,RU,2026-04-15,,16905.0,16800.0,0.004484304932735439,
2026-04-16,natural_rubber,天然橡胶,橡胶软管/缓冲件,16783.33,元/吨,AKShare/生意社现货与期货,akshare_basis,RU,2026-04-16,,16680.0,16805.0,0.001291162123368661,
2026-04-17,natural_rubber,天然橡胶,橡胶软管/缓冲件,16566.67,元/吨,AKShare/生意社现货与期货,akshare_basis,RU,2026-04-17,,16535.0,16630.0,0.003822735649348985,
2026-04-20,natural_rubber,天然橡胶,橡胶软管/缓冲件,16825.0,元/吨,AKShare/生意社现货与期货,akshare_basis,RU,2026-04-20,,16945.0,17080.0,0.015156017830609159,
2026-04-21,natural_rubber,天然橡胶,橡胶软管/缓冲件,16983.33,元/吨,AKShare/生意社现货与期货,akshare_basis,RU,2026-04-21,,16920.0,17065.0,0.004808833132253776,
2026-04-22,natural_rubber,天然橡胶,橡胶软管/缓冲件,17116.67,元/吨,AKShare/生意社现货与期货,akshare_basis,RU,2026-04-22,,17070.0,17220.0,0.006036805056123695,
2026-04-23,natural_rubber,天然橡胶,橡胶软管/缓冲件,17275.0,元/吨,AKShare/生意社现货与期货,akshare_basis,RU,2026-04-23,,16955.0,17120.0,-0.008972503617944994,
2026-04-24,natural_rubber,天然橡胶,橡胶软管/缓冲件,17058.33,元/吨,AKShare/生意社现货与期货,akshare_basis,RU,2026-04-24,,16895.0,17060.0,9.789938405457832e-05,
2026-04-27,natural_rubber,天然橡胶,橡胶软管/缓冲件,17150.0,元/吨,AKShare/生意社现货与期货,akshare_basis,RU,2026-04-27,,17070.0,17225.0,0.004373177842565523,
2026-04-28,natural_rubber,天然橡胶,橡胶软管/缓冲件,17258.33,元/吨,AKShare/生意社现货与期货,akshare_basis,RU,2026-04-28,,17225.0,17395.0,0.007919074441153917,
2026-04-29,natural_rubber,天然橡胶,橡胶软管/缓冲件,17475.0,元/吨,AKShare/生意社现货与期货,akshare_basis,RU,2026-04-29,,17470.0,17635.0,0.009155937052932828,
2026-04-30,natural_rubber,天然橡胶,橡胶软管/缓冲件,17408.33,元/吨,AKShare/生意社现货与期货,akshare_basis,RU,2026-04-30,,17410.0,17590.0,0.010435808604271513,
2026-05-06,natural_rubber,天然橡胶,橡胶软管/缓冲件,17708.33,元/吨,AKShare/生意社现货与期货,akshare_basis,RU,2026-05-06,,17655.0,17770.0,0.0034825418320076906,
2026-05-07,natural_rubber,天然橡胶,橡胶软管/缓冲件,17858.33,元/吨,AKShare/生意社现货与期货,akshare_basis,RU,2026-05-07,,17835.0,17945.0,0.004853197359439454,
2026-05-08,natural_rubber,天然橡胶,橡胶软管/缓冲件,17841.67,元/吨,AKShare/生意社现货与期货,akshare_basis,RU,2026-05-08,,17730.0,17830.0,-0.0006540867530897554,
2026-05-11,natural_rubber,天然橡胶,橡胶软管/缓冲件,17766.67,元/吨,AKShare/生意社现货与期货,akshare_basis,RU,2026-05-11,,17785.0,17865.0,0.0055345205376136075,
2026-05-12,natural_rubber,天然橡胶,橡胶软管/缓冲件,17783.33,元/吨,AKShare/生意社现货与期货,akshare_basis,RU,2026-05-12,,17600.0,17750.0,-0.001874227155431618,
2026-05-13,natural_rubber,天然橡胶,橡胶软管/缓冲件,17958.33,元/吨,AKShare/生意社现货与期货,akshare_basis,RU,2026-05-13,,18205.0,18325.0,0.020417822815373077,
2026-05-14,natural_rubber,天然橡胶,橡胶软管/缓冲件,17883.33,元/吨,AKShare/生意社现货与期货,akshare_basis,RU,2026-05-14,,17715.0,17765.0,-0.006616776629408627,
2026-05-15,natural_rubber,天然橡胶,橡胶软管/缓冲件,17625.0,元/吨,AKShare/生意社现货与期货,akshare_basis,RU,2026-05-15,,17530.0,17585.0,-0.0022695035460993385,
2026-05-18,natural_rubber,天然橡胶,橡胶软管/缓冲件,17733.33,元/吨,AKShare/生意社现货与期货,akshare_basis,RU,2026-05-18,,17730.0,17690.0,-0.002443421511921451,
2026-05-19,natural_rubber,天然橡胶,橡胶软管/缓冲件,17808.33,元/吨,AKShare/生意社现货与期货,akshare_basis,RU,2026-05-19,,17750.0,17740.0,-0.0038369684299427442,
2026-05-20,natural_rubber,天然橡胶,橡胶软管/缓冲件,17608.33,元/吨,AKShare/生意社现货与期货,akshare_basis,RU,2026-05-20,,17510.0,17540.0,-0.0038805497170941727,
2026-05-21,natural_rubber,天然橡胶,橡胶软管/缓冲件,17550.0,元/吨,AKShare/生意社现货与期货,akshare_basis,RU,2026-05-21,,17370.0,17345.0,-0.011680911680911676,
2026-05-22,natural_rubber,天然橡胶,橡胶软管/缓冲件,17500.0,元/吨,AKShare/生意社现货与期货,akshare_basis,RU,2026-05-22,,17435.0,17420.0,-0.00457142857142856,
2026-05-25,natural_rubber,天然橡胶,橡胶软管/缓冲件,17450.0,元/吨,AKShare/生意社现货与期货,akshare_basis,RU,2026-05-25,,17440.0,17460.0,0.0005730659025788842,
2026-05-26,natural_rubber,天然橡胶,橡胶软管/缓冲件,17391.67,元/吨,AKShare/生意社现货与期货,akshare_basis,RU,2026-05-26,,17310.0,17365.0,-0.001533492758314603,
2026-05-27,natural_rubber,天然橡胶,橡胶软管/缓冲件,17466.67,元/吨,AKShare/生意社现货与期货,akshare_basis,RU,2026-05-27,,17330.0,17395.0,-0.004103243491747288,
2026-05-28,natural_rubber,天然橡胶,橡胶软管/缓冲件,17600.0,元/吨,AKShare/生意社现货与期货,akshare_basis,RU,2026-05-28,,17755.0,17850.0,0.014204545454545414,
2026-05-29,natural_rubber,天然橡胶,橡胶软管/缓冲件,17758.33,元/吨,AKShare/生意社现货与期货,akshare_basis,RU,2026-05-29,,17690.0,17850.0,0.005162084497810193,
2026-06-01,natural_rubber,天然橡胶,橡胶软管/缓冲件,17866.67,元/吨,AKShare/生意社现货与期货,akshare_basis,RU,2026-06-01,,17870.0,18065.0,0.011100557630493002,
2026-06-02,natural_rubber,天然橡胶,橡胶软管/缓冲件,17975.0,元/吨,AKShare/生意社现货与期货,akshare_basis,RU,2026-06-02,,18005.0,18170.0,0.010848400556328297,
2026-06-03,natural_rubber,天然橡胶,橡胶软管/缓冲件,18091.67,元/吨,AKShare/生意社现货与期货,akshare_basis,RU,2026-06-03,,18000.0,18165.0,0.004053246604653005,
2026-06-04,natural_rubber,天然橡胶,橡胶软管/缓冲件,17891.67,元/吨,AKShare/生意社现货与期货,akshare_basis,RU,2026-06-04,,17715.0,17925.0,0.0018628780879594853,
2026-06-05,natural_rubber,天然橡胶,橡胶软管/缓冲件,17808.33,元/吨,AKShare/生意社现货与期货,akshare_basis,RU,2026-06-05,,17660.0,17860.0,0.002901451174815328,
2026-06-08,natural_rubber,天然橡胶,橡胶软管/缓冲件,17516.67,元/吨,AKShare/生意社现货与期货,akshare_basis,RU,2026-06-08,,17370.0,17565.0,0.0027590860591655275,
2026-06-09,natural_rubber,天然橡胶,橡胶软管/缓冲件,17533.33,元/吨,AKShare/生意社现货与期货,akshare_basis,RU,2026-06-09,,17520.0,17590.0,0.0032321298920399144,
2026-06-10,natural_rubber,天然橡胶,橡胶软管/缓冲件,17358.33,元/吨,AKShare/生意社现货与期货,akshare_basis,RU,2026-06-10,,17485.0,17330.0,-0.0016320694444685868,
2026-06-11,natural_rubber,天然橡胶,橡胶软管/缓冲件,17383.33,元/吨,AKShare/生意社现货与期货,akshare_basis,RU,2026-06-11,,17400.0,17470.0,0.004985811119043282,
2026-06-12,natural_rubber,天然橡胶,橡胶软管/缓冲件,17566.67,元/吨,AKShare/生意社现货与期货,akshare_basis,RU,2026-06-12,,17500.0,17565.0,-9.506639562295582e-05,
2025-12-15,nickel,镍,连接器/镀层金属,117633.33,元/吨,AKShare/生意社现货与期货,akshare_basis,NI,2025-12-15,,114350.0,114690.0,-0.025021224851834112,
2025-12-16,nickel,镍,连接器/镀层金属,115050.0,元/吨,AKShare/生意社现货与期货,akshare_basis,NI,2025-12-16,,112290.0,112290.0,-0.023989569752281614,
2025-12-17,nickel,镍,连接器/镀层金属,115533.33,元/吨,AKShare/生意社现货与期货,akshare_basis,NI,2025-12-17,,113800.0,113800.0,-0.0150028567513808,
2025-12-18,nickel,镍,连接器/镀层金属,116866.67,元/吨,AKShare/生意社现货与期货,akshare_basis,NI,2025-12-18,,113940.0,114120.0,-0.02350259488013129,
2025-12-19,nickel,镍,连接器/镀层金属,120416.67,元/吨,AKShare/生意社现货与期货,akshare_basis,NI,2025-12-19,,117180.0,117460.0,-0.024553660219967854,
2025-12-22,nickel,镍,连接器/镀层金属,121950.0,元/吨,AKShare/生意社现货与期货,akshare_basis,NI,2025-12-22,,121260.0,121700.0,-0.0020500205002049743,
2025-12-23,nickel,镍,连接器/镀层金属,125700.0,元/吨,AKShare/生意社现货与期货,akshare_basis,NI,2025-12-23,,123040.0,123440.0,-0.01797931583134449,
2025-12-24,nickel,镍,连接器/镀层金属,130800.0,元/吨,AKShare/生意社现货与期货,akshare_basis,NI,2025-12-24,,127650.0,128000.0,-0.021406727828746197,
2025-12-25,nickel,镍,连接器/镀层金属,127383.33,元/吨,AKShare/生意社现货与期货,akshare_basis,NI,2025-12-25,,124980.0,125410.0,-0.015491273465688238,
2025-12-26,nickel,镍,连接器/镀层金属,130550.0,元/吨,AKShare/生意社现货与期货,akshare_basis,NI,2025-12-26,,126440.0,126750.0,-0.029107621600919176,
2025-12-29,nickel,镍,连接器/镀层金属,132316.67,元/吨,AKShare/生意社现货与期货,akshare_basis,NI,2025-12-29,,125310.0,125710.0,-0.049930745687599365,
2025-12-30,nickel,镍,连接器/镀层金属,133250.0,元/吨,AKShare/生意社现货与期货,akshare_basis,NI,2025-12-30,,132080.0,132390.0,-0.006454033771106982,
2025-12-31,nickel,镍,连接器/镀层金属,137733.33,元/吨,AKShare/生意社现货与期货,akshare_basis,NI,2025-12-31,,130400.0,132850.0,-0.03545496213588961,
2026-01-05,nickel,镍,连接器/镀层金属,139250.0,元/吨,AKShare/生意社现货与期货,akshare_basis,NI,2026-01-05,,133750.0,134100.0,-0.03698384201077198,
2026-01-06,nickel,镍,连接器/镀层金属,144216.67,元/吨,AKShare/生意社现货与期货,akshare_basis,NI,2026-01-06,,139410.0,139800.0,-0.030625239093372558,
2026-01-07,nickel,镍,连接器/镀层金属,151183.33,元/吨,AKShare/生意社现货与期货,akshare_basis,NI,2026-01-07,,147400.0,147720.0,-0.02290814734666835,
2026-01-08,nickel,镍,连接器/镀层金属,149350.0,元/吨,AKShare/生意社现货与期货,akshare_basis,NI,2026-01-08,,136000.0,136440.0,-0.08644124539671916,
2026-01-09,nickel,镍,连接器/镀层金属,142816.67,元/吨,AKShare/生意社现货与期货,akshare_basis,NI,2026-01-09,,138000.0,139090.0,-0.02609408271457392,
2026-01-12,nickel,镍,连接器/镀层金属,147133.33,元/吨,AKShare/生意社现货与期货,akshare_basis,NI,2026-01-12,,141800.0,144200.0,-0.019936543269971407,
2026-01-13,nickel,镍,连接器/镀层金属,145750.0,元/吨,AKShare/生意社现货与期货,akshare_basis,NI,2026-01-13,,140200.0,138450.0,-0.05008576329331049,
2026-01-14,nickel,镍,连接器/镀层金属,146716.67,元/吨,AKShare/生意社现货与期货,akshare_basis,NI,2026-01-14,,141800.0,140940.0,-0.03937296286781866,
2026-01-15,nickel,镍,连接器/镀层金属,149716.67,元/吨,AKShare/生意社现货与期货,akshare_basis,NI,2026-01-15,,145400.0,147020.0,-0.018011821930049687,
2026-01-16,nickel,镍,连接器/镀层金属,149150.0,元/吨,AKShare/生意社现货与期货,akshare_basis,NI,2026-01-16,,141350.0,141590.0,-0.050687227623198106,
2026-01-19,nickel,镍,连接器/镀层金属,146416.67,元/吨,AKShare/生意社现货与期货,akshare_basis,NI,2026-01-19,,142320.0,142530.0,-0.026545269742851096,
2026-01-20,nickel,镍,连接器/镀层金属,145633.33,元/吨,AKShare/生意社现货与期货,akshare_basis,NI,2026-01-20,,141360.0,141560.0,-0.0279697648882985,
2026-01-21,nickel,镍,连接器/镀层金属,145100.0,元/吨,AKShare/生意社现货与期货,akshare_basis,NI,2026-01-21,,143060.0,143170.0,-0.013301171605789142,
2026-01-22,nickel,镍,连接器/镀层金属,145633.33,元/吨,AKShare/生意社现货与期货,akshare_basis,NI,2026-01-22,,142500.0,142740.0,-0.01986722407569741,
2026-01-23,nickel,镍,连接器/镀层金属,149416.67,元/吨,AKShare/生意社现货与期货,akshare_basis,NI,2026-01-23,,148010.0,148360.0,-0.007071968609660528,
2026-01-26,nickel,镍,连接器/镀层金属,153883.33,元/吨,AKShare/生意社现货与期货,akshare_basis,NI,2026-01-26,,145380.0,145730.0,-0.052983841719567604,
2026-01-27,nickel,镍,连接器/镀层金属,148500.0,元/吨,AKShare/生意社现货与期货,akshare_basis,NI,2026-01-27,,146110.0,146370.0,-0.014343434343434325,
2026-01-28,nickel,镍,连接器/镀层金属,146083.33,元/吨,AKShare/生意社现货与期货,akshare_basis,NI,2026-01-28,,144370.0,144730.0,-0.009264096047098547,
2026-01-29,nickel,镍,连接器/镀层金属,147950.0,元/吨,AKShare/生意社现货与期货,akshare_basis,NI,2026-01-29,,146990.0,147470.0,-0.003244339303818844,
2026-01-30,nickel,镍,连接器/镀层金属,146016.67,元/吨,AKShare/生意社现货与期货,akshare_basis,NI,2026-01-30,,139910.0,140000.0,-0.04120536374374251,
2026-02-02,nickel,镍,连接器/镀层金属,140150.0,元/吨,AKShare/生意社现货与期货,akshare_basis,NI,2026-02-02,,129500.0,129720.0,-0.07442026400285406,
2026-02-03,nickel,镍,连接器/镀层金属,138933.33,元/吨,AKShare/生意社现货与期货,akshare_basis,NI,2026-02-03,,134120.0,135430.0,-0.02521590751477698,
2026-02-04,nickel,镍,连接器/镀层金属,142116.67,元/吨,AKShare/生意社现货与期货,akshare_basis,NI,2026-02-04,,136880.0,138270.0,-0.02706698658222162,
2026-02-05,nickel,镍,连接器/镀层金属,139516.67,元/吨,AKShare/生意社现货与期货,akshare_basis,NI,2026-02-05,,134140.0,135100.0,-0.03165693389901014,
2026-02-06,nickel,镍,连接器/镀层金属,136250.0,元/吨,AKShare/生意社现货与期货,akshare_basis,NI,2026-02-06,,131230.0,132330.0,-0.028770642201834895,
2026-02-09,nickel,镍,连接器/镀层金属,138650.0,元/吨,AKShare/生意社现货与期货,akshare_basis,NI,2026-02-09,,134710.0,135020.0,-0.026181031373963215,
2026-02-10,nickel,镍,连接器/镀层金属,139250.0,元/吨,AKShare/生意社现货与期货,akshare_basis,NI,2026-02-10,,133090.0,133900.0,-0.03842010771992821,
2026-02-11,nickel,镍,连接器/镀层金属,142583.33,元/吨,AKShare/生意社现货与期货,akshare_basis,NI,2026-02-11,,138590.0,140000.0,-0.018118036659685144,
2026-02-12,nickel,镍,连接器/镀层金属,145300.0,元/吨,AKShare/生意社现货与期货,akshare_basis,NI,2026-02-12,,139810.0,140160.0,-0.03537508602890571,
2026-02-13,nickel,镍,连接器/镀层金属,140100.0,元/吨,AKShare/生意社现货与期货,akshare_basis,NI,2026-02-13,,134130.0,135950.0,-0.029621698786581052,
2026-02-24,nickel,镍,连接器/镀层金属,142533.33,元/吨,AKShare/生意社现货与期货,akshare_basis,NI,2026-02-24,,137500.0,138970.0,-0.024999977198315593,
2026-02-25,nickel,镍,连接器/镀层金属,145233.33,元/吨,AKShare/生意社现货与期货,akshare_basis,NI,2026-02-25,,141250.0,142180.0,-0.02102361765030103,
2026-02-26,nickel,镍,连接器/镀层金属,143833.33,元/吨,AKShare/生意社现货与期货,akshare_basis,NI,2026-02-26,,140080.0,141040.0,-0.019420602999318692,
2026-02-27,nickel,镍,连接器/镀层金属,143216.67,元/吨,AKShare/生意社现货与期货,akshare_basis,NI,2026-02-27,,140320.0,141560.0,-0.01156757799214303,
2026-03-02,nickel,镍,连接器/镀层金属,141583.33,元/吨,AKShare/生意社现货与期货,akshare_basis,NI,2026-03-02,,139930.0,140890.0,-0.00489697480628537,
2026-03-03,nickel,镍,连接器/镀层金属,139516.67,元/吨,AKShare/生意社现货与期货,akshare_basis,NI,2026-03-03,,134610.0,135450.0,-0.02914827310600243,
2026-03-04,nickel,镍,连接器/镀层金属,140883.33,元/吨,AKShare/生意社现货与期货,akshare_basis,NI,2026-03-04,,136730.0,137410.0,-0.024653945928166165,
2026-03-05,nickel,镍,连接器/镀层金属,140516.67,元/吨,AKShare/生意社现货与期货,akshare_basis,NI,2026-03-05,,134850.0,136270.0,-0.03022182350321856,
2026-03-06,nickel,镍,连接器/镀层金属,140633.33,元/吨,AKShare/生意社现货与期货,akshare_basis,NI,2026-03-06,,136300.0,137140.0,-0.02483998636738527,
2026-03-09,nickel,镍,连接器/镀层金属,140300.0,元/吨,AKShare/生意社现货与期货,akshare_basis,NI,2026-03-09,,135430.0,136520.0,-0.026942266571632234,
2026-03-10,nickel,镍,连接器/镀层金属,141633.33,元/吨,AKShare/生意社现货与期货,akshare_basis,NI,2026-03-10,,136600.0,137050.0,-0.03236053265145988,
2026-03-11,nickel,镍,连接器/镀层金属,139766.67,元/吨,AKShare/生意社现货与期货,akshare_basis,NI,2026-03-11,,136500.0,137160.0,-0.01865015457547936,
2026-03-12,nickel,镍,连接器/镀层金属,141050.0,元/吨,AKShare/生意社现货与期货,akshare_basis,NI,2026-03-12,,137110.0,138100.0,-0.02091456930166613,
2026-03-13,nickel,镍,连接器/镀层金属,141500.0,元/吨,AKShare/生意社现货与期货,akshare_basis,NI,2026-03-13,,137000.0,136930.0,-0.03229681978798582,
2026-03-16,nickel,镍,连接器/镀层金属,138666.67,元/吨,AKShare/生意社现货与期货,akshare_basis,NI,2026-03-16,,136400.0,136400.0,-0.01634617749167855,
2026-03-17,nickel,镍,连接器/镀层金属,140100.0,元/吨,AKShare/生意社现货与期货,akshare_basis,NI,2026-03-17,,135560.0,135940.0,-0.029693076374018523,
2026-03-18,nickel,镍,连接器/镀层金属,138100.0,元/吨,AKShare/生意社现货与期货,akshare_basis,NI,2026-03-18,,134780.0,135200.0,-0.020999275887038427,
2026-03-19,nickel,镍,连接器/镀层金属,134833.33,元/吨,AKShare/生意社现货与期货,akshare_basis,NI,2026-03-19,,131220.0,131550.0,-0.024351026559975897,
2026-03-20,nickel,镍,连接器/镀层金属,137633.33,元/吨,AKShare/生意社现货与期货,akshare_basis,NI,2026-03-20,,132750.0,133160.0,-0.032501792988660405,
2026-03-23,nickel,镍,连接器/镀层金属,138066.67,元/吨,AKShare/生意社现货与期货,akshare_basis,NI,2026-03-23,,132570.0,132980.0,-0.036842128516607286,
2026-03-24,nickel,镍,连接器/镀层金属,136100.0,元/吨,AKShare/生意社现货与期货,akshare_basis,NI,2026-03-24,,133200.0,133480.0,-0.019250551065393084,
2026-03-25,nickel,镍,连接器/镀层金属,137883.33,元/吨,AKShare/生意社现货与期货,akshare_basis,NI,2026-03-25,,135790.0,136130.0,-0.012716040437955711,
2026-03-26,nickel,镍,连接器/镀层金属,139433.33,元/吨,AKShare/生意社现货与期货,akshare_basis,NI,2026-03-26,,135380.0,135860.0,-0.025627516749402668,
2026-03-27,nickel,镍,连接器/镀层金属,139233.33,元/吨,AKShare/生意社现货与期货,akshare_basis,NI,2026-03-27,,136620.0,137100.0,-0.015321977862628011,
2026-03-30,nickel,镍,连接器/镀层金属,137683.33,元/吨,AKShare/生意社现货与期货,akshare_basis,NI,2026-03-30,,136540.0,137120.0,-0.004091490233421813,
2026-03-31,nickel,镍,连接器/镀层金属,136766.67,元/吨,AKShare/生意社现货与期货,akshare_basis,NI,2026-03-31,,137480.0,134780.0,-0.014525980635486824,
2026-04-01,nickel,镍,连接器/镀层金属,137383.33,元/吨,AKShare/生意社现货与期货,akshare_basis,NI,2026-04-01,,133950.0,134540.0,-0.02069632465598259,
2026-04-02,nickel,镍,连接器/镀层金属,135583.33,元/吨,AKShare/生意社现货与期货,akshare_basis,NI,2026-04-02,,133480.0,133730.0,-0.01366930580625203,
2026-04-03,nickel,镍,连接器/镀层金属,135650.0,元/吨,AKShare/生意社现货与期货,akshare_basis,NI,2026-04-03,,133440.0,133990.0,-0.012237375598967981,
2026-04-07,nickel,镍,连接器/镀层金属,135416.67,元/吨,AKShare/生意社现货与期货,akshare_basis,NI,2026-04-07,,133000.0,133230.0,-0.01614771652559477,
2026-04-08,nickel,镍,连接器/镀层金属,135450.0,元/吨,AKShare/生意社现货与期货,akshare_basis,NI,2026-04-08,,133940.0,134380.0,-0.00789959394610562,
2026-04-09,nickel,镍,连接器/镀层金属,135300.0,元/吨,AKShare/生意社现货与期货,akshare_basis,NI,2026-04-09,,133000.0,133300.0,-0.014781966001478186,
2026-04-10,nickel,镍,连接器/镀层金属,135333.33,元/吨,AKShare/生意社现货与期货,akshare_basis,NI,2026-04-10,,133500.0,133010.0,-0.01716746347703102,
2026-04-13,nickel,镍,连接器/镀层金属,135016.67,元/吨,AKShare/生意社现货与期货,akshare_basis,NI,2026-04-13,,134700.0,136900.0,0.013948870165439553,
2026-04-14,nickel,镍,连接器/镀层金属,138883.33,元/吨,AKShare/生意社现货与期货,akshare_basis,NI,2026-04-14,,136660.0,139480.0,0.0042961959509468794,
2026-04-15,nickel,镍,连接器/镀层金属,142783.33,元/吨,AKShare/生意社现货与期货,akshare_basis,NI,2026-04-15,,140900.0,141400.0,-0.00968831585591956,
2026-04-16,nickel,镍,连接器/镀层金属,142900.0,元/吨,AKShare/生意社现货与期货,akshare_basis,NI,2026-04-16,,141900.0,142270.0,-0.004408677396780969,
2026-04-17,nickel,镍,连接器/镀层金属,144000.0,元/吨,AKShare/生意社现货与期货,akshare_basis,NI,2026-04-17,,143730.0,144240.0,0.0016666666666667052,
2026-04-20,nickel,镍,连接器/镀层金属,142850.0,元/吨,AKShare/生意社现货与期货,akshare_basis,NI,2026-04-20,,141490.0,141930.0,-0.006440322016100786,
2026-04-21,nickel,镍,连接器/镀层金属,141416.67,元/吨,AKShare/生意社现货与期货,akshare_basis,NI,2026-04-21,,140010.0,140460.0,-0.006764902610137957,
2026-04-22,nickel,镍,连接器/镀层金属,142366.67,元/吨,AKShare/生意社现货与期货,akshare_basis,NI,2026-04-22,,141540.0,142010.0,-0.0025052914421613837,
2026-04-23,nickel,镍,连接器/镀层金属,141933.33,元/吨,AKShare/生意社现货与期货,akshare_basis,NI,2026-04-23,,141630.0,142120.0,0.001315194958083632,
2026-04-24,nickel,镍,连接器/镀层金属,145933.33,元/吨,AKShare/生意社现货与期货,akshare_basis,NI,2026-04-24,,144180.0,144750.0,-0.00810870278914344,
2026-04-27,nickel,镍,连接器/镀层金属,149666.67,元/吨,AKShare/生意社现货与期货,akshare_basis,NI,2026-04-27,,148780.0,149310.0,-0.0023830957152986,
2026-04-28,nickel,镍,连接器/镀层金属,148200.0,元/吨,AKShare/生意社现货与期货,akshare_basis,NI,2026-04-28,,148780.0,149340.0,0.007692307692307665,
2026-04-29,nickel,镍,连接器/镀层金属,151550.0,元/吨,AKShare/生意社现货与期货,akshare_basis,NI,2026-04-29,,149970.0,150550.0,-0.006598482349059687,
2026-04-30,nickel,镍,连接器/镀层金属,150683.33,元/吨,AKShare/生意社现货与期货,akshare_basis,NI,2026-04-30,,148100.0,148870.0,-0.01203404517274731,
2026-05-06,nickel,镍,连接器/镀层金属,153933.33,元/吨,AKShare/生意社现货与期货,akshare_basis,NI,2026-05-06,,154180.0,154690.0,0.004915569617054416,
2026-05-07,nickel,镍,连接器/镀层金属,148300.0,元/吨,AKShare/生意社现货与期货,akshare_basis,NI,2026-05-07,,149060.0,149700.0,0.009440323668240103,
2026-05-08,nickel,镍,连接器/镀层金属,146666.67,元/吨,AKShare/生意社现货与期货,akshare_basis,NI,2026-05-08,,145600.0,146450.0,-0.0014772954209706368,
2026-05-11,nickel,镍,连接器/镀层金属,148433.33,元/吨,AKShare/生意社现货与期货,akshare_basis,NI,2026-05-11,,147290.0,147620.0,-0.0054794297210740694,
2026-05-12,nickel,镍,连接器/镀层金属,146250.0,元/吨,AKShare/生意社现货与期货,akshare_basis,NI,2026-05-12,,144150.0,145280.0,-0.006632478632478622,
2026-05-13,nickel,镍,连接器/镀层金属,147533.33,元/吨,AKShare/生意社现货与期货,akshare_basis,NI,2026-05-13,,146630.0,147190.0,-0.0023271351632880855,
2026-05-14,nickel,镍,连接器/镀层金属,145900.0,元/吨,AKShare/生意社现货与期货,akshare_basis,NI,2026-05-14,,145550.0,144470.0,-0.009801233721727254,
2026-05-15,nickel,镍,连接器/镀层金属,144033.33,元/吨,AKShare/生意社现货与期货,akshare_basis,NI,2026-05-15,,141910.0,143330.0,-0.00488310587556362,
2026-05-18,nickel,镍,连接器/镀层金属,143066.67,元/吨,AKShare/生意社现货与期货,akshare_basis,NI,2026-05-18,,142970.0,142970.0,-0.0006756989590938067,
2026-05-19,nickel,镍,连接器/镀层金属,142116.67,元/吨,AKShare/生意社现货与期货,akshare_basis,NI,2026-05-19,,144990.0,144990.0,0.020218106714715356,
2026-05-20,nickel,镍,连接器/镀层金属,143233.33,元/吨,AKShare/生意社现货与期货,akshare_basis,NI,2026-05-20,,145390.0,145390.0,0.015057040145614264,
2026-05-21,nickel,镍,连接器/镀层金属,144816.67,元/吨,AKShare/生意社现货与期货,akshare_basis,NI,2026-05-21,,142770.0,142770.0,-0.01413283429317913,
2026-05-22,nickel,镍,连接器/镀层金属,144400.0,元/吨,AKShare/生意社现货与期货,akshare_basis,NI,2026-05-22,,143330.0,143830.0,-0.003947368421052588,
2026-05-25,nickel,镍,连接器/镀层金属,144883.33,元/吨,AKShare/生意社现货与期货,akshare_basis,NI,2026-05-25,,144000.0,144480.0,-0.002783826130997813,
2026-05-26,nickel,镍,连接器/镀层金属,142266.67,元/吨,AKShare/生意社现货与期货,akshare_basis,NI,2026-05-26,,142120.0,142600.0,0.00234299432186047,
2026-05-27,nickel,镍,连接器/镀层金属,145250.0,元/吨,AKShare/生意社现货与期货,akshare_basis,NI,2026-05-27,,143130.0,143680.0,-0.010808950086058533,
2026-05-28,nickel,镍,连接器/镀层金属,142966.67,元/吨,AKShare/生意社现货与期货,akshare_basis,NI,2026-05-28,,142810.0,143370.0,0.00282114705476455,
2026-05-29,nickel,镍,连接器/镀层金属,143750.0,元/吨,AKShare/生意社现货与期货,akshare_basis,NI,2026-05-29,,142160.0,143670.0,-0.0005565217391304556,
2026-06-01,nickel,镍,连接器/镀层金属,143716.67,元/吨,AKShare/生意社现货与期货,akshare_basis,NI,2026-06-01,,142940.0,143580.0,-0.0009509683184283357,
2026-06-02,nickel,镍,连接器/镀层金属,143766.67,元/吨,AKShare/生意社现货与期货,akshare_basis,NI,2026-06-02,,144260.0,144850.0,0.007535334858907117,
2026-06-03,nickel,镍,连接器/镀层金属,143550.0,元/吨,AKShare/生意社现货与期货,akshare_basis,NI,2026-06-03,,142420.0,143070.0,-0.0033437826541274918,
2026-06-04,nickel,镍,连接器/镀层金属,140833.33,元/吨,AKShare/生意社现货与期货,akshare_basis,NI,2026-06-04,,138120.0,138770.0,-0.014650864252091389,
2026-06-05,nickel,镍,连接器/镀层金属,138983.33,元/吨,AKShare/生意社现货与期货,akshare_basis,NI,2026-06-05,,138040.0,138490.0,-0.003549562382769156,
2026-06-08,nickel,镍,连接器/镀层金属,140433.33,元/吨,AKShare/生意社现货与期货,akshare_basis,NI,2026-06-08,,138250.0,139090.0,-0.009565606683256678,
2026-06-09,nickel,镍,连接器/镀层金属,137850.0,元/吨,AKShare/生意社现货与期货,akshare_basis,NI,2026-06-09,,137000.0,137620.0,-0.0016684802321363934,
2026-06-10,nickel,镍,连接器/镀层金属,135666.67,元/吨,AKShare/生意社现货与期货,akshare_basis,NI,2026-06-10,,134350.0,135100.0,-0.004176928644301636,
2026-06-11,nickel,镍,连接器/镀层金属,134683.33,元/吨,AKShare/生意社现货与期货,akshare_basis,NI,2026-06-11,,133000.0,133980.0,-0.005222101354339759,
2026-06-12,nickel,镍,连接器/镀层金属,136033.33,元/吨,AKShare/生意社现货与期货,akshare_basis,NI,2026-06-12,,132520.0,134540.0,-0.01097767730893584,
2026-05-22,organic_silicon_dmc,有机硅DMC,线材硅胶上游,14800.0,元/吨,生意社基准价,sunsirs_vane,,2026-05-22,0.0,,,,
2026-05-28,organic_silicon_dmc,有机硅DMC,线材硅胶上游,14800.0,元/吨,生意社基准价,sunsirs_vane,,2026-05-28,0.0,,,,
2026-06-02,organic_silicon_dmc,有机硅DMC,线材硅胶上游,14800.0,元/吨,生意社基准价,sunsirs_vane,,2026-06-02,0.0,,,,
2026-06-06,organic_silicon_dmc,有机硅DMC,线材硅胶上游,14800.0,元/吨,生意社基准价,sunsirs_vane,,2026-06-06,0.0,,,,
2026-06-09,organic_silicon_dmc,有机硅DMC,线材硅胶上游,14700.0,元/吨,生意社基准价,sunsirs_vane,,2026-06-09,-0.68,,,,
2026-06-11,organic_silicon_dmc,有机硅DMC,线材硅胶上游,14700.0,元/吨,生意社基准价,sunsirs_vane,,2026-06-11,0.0,,,,
2026-06-12,organic_silicon_dmc,有机硅DMC,线材硅胶上游,14700.0,元/吨,生意社基准价,sunsirs_vane,,2026-06-12,0.0,,,,
2025-12-15,paper_pulp,纸浆,包装纸箱上游,5583.33,元/吨,AKShare/生意社现货与期货,akshare_basis,SP,2025-12-15,,4828.0,5572.0,-0.0020292549428387874,
2025-12-16,paper_pulp,纸浆,包装纸箱上游,5583.33,元/吨,AKShare/生意社现货与期货,akshare_basis,SP,2025-12-16,,5398.0,5468.0,-0.020656131735004024,
2025-12-17,paper_pulp,纸浆,包装纸箱上游,5583.33,元/吨,AKShare/生意社现货与期货,akshare_basis,SP,2025-12-17,,5440.0,5506.0,-0.013850157522482087,
2025-12-18,paper_pulp,纸浆,包装纸箱上游,5600.0,元/吨,AKShare/生意社现货与期货,akshare_basis,SP,2025-12-18,,5422.0,5500.0,-0.017857142857142905,
2025-12-19,paper_pulp,纸浆,包装纸箱上游,5600.0,元/吨,AKShare/生意社现货与期货,akshare_basis,SP,2025-12-19,,5430.0,5506.0,-0.016785714285714293,
2025-12-22,paper_pulp,纸浆,包装纸箱上游,5600.0,元/吨,AKShare/生意社现货与期货,akshare_basis,SP,2025-12-22,,5548.0,5622.0,0.003928571428571503,
2025-12-23,paper_pulp,纸浆,包装纸箱上游,5616.67,元/吨,AKShare/生意社现货与期货,akshare_basis,SP,2025-12-23,,5550.0,5620.0,0.0005928779864226019,
2025-12-24,paper_pulp,纸浆,包装纸箱上游,5633.33,元/吨,AKShare/生意社现货与期货,akshare_basis,SP,2025-12-24,,5552.0,5620.0,-0.0023662735895110254,
2025-12-25,paper_pulp,纸浆,包装纸箱上游,5633.33,元/吨,AKShare/生意社现货与期货,akshare_basis,SP,2025-12-25,,5532.0,5604.0,-0.005206511956515891,
2025-12-26,paper_pulp,纸浆,包装纸箱上游,5633.33,元/吨,AKShare/生意社现货与期货,akshare_basis,SP,2025-12-26,,5564.0,5630.0,-0.0005911246101328871,
2025-12-29,paper_pulp,纸浆,包装纸箱上游,5633.33,元/吨,AKShare/生意社现货与期货,akshare_basis,SP,2025-12-29,,5440.0,5510.0,-0.021892912362669992,
2025-12-30,paper_pulp,纸浆,包装纸箱上游,5633.33,元/吨,AKShare/生意社现货与期货,akshare_basis,SP,2025-12-30,,5496.0,5568.0,-0.011597048282277034,
2025-12-31,paper_pulp,纸浆,包装纸箱上游,5633.33,元/吨,AKShare/生意社现货与期货,akshare_basis,SP,2025-12-31,,5460.0,5532.0,-0.017987584608038176,
2026-01-05,paper_pulp,纸浆,包装纸箱上游,5633.33,元/吨,AKShare/生意社现货与期货,akshare_basis,SP,2026-01-05,,5472.0,5530.0,-0.018342614403913826,
2026-01-06,paper_pulp,纸浆,包装纸箱上游,5633.33,元/吨,AKShare/生意社现货与期货,akshare_basis,SP,2026-01-06,,5528.0,5612.0,-0.003786392773013514,
2026-01-07,paper_pulp,纸浆,包装纸箱上游,5633.33,元/吨,AKShare/生意社现货与期货,akshare_basis,SP,2026-01-07,,5520.0,5596.0,-0.00662663114001838,
2026-01-08,paper_pulp,纸浆,包装纸箱上游,5616.67,元/吨,AKShare/生意社现货与期货,akshare_basis,SP,2026-01-08,,5444.0,5504.0,-0.020059928747816813,
2026-01-09,paper_pulp,纸浆,包装纸箱上游,5616.67,元/吨,AKShare/生意社现货与期货,akshare_basis,SP,2026-01-09,,5480.0,5550.0,-0.011870022629066668,
2026-01-12,paper_pulp,纸浆,包装纸箱上游,5616.67,元/吨,AKShare/生意社现货与期货,akshare_basis,SP,2026-01-12,,5418.0,5490.0,-0.022552508870914645,
2026-01-13,paper_pulp,纸浆,包装纸箱上游,5616.67,元/吨,AKShare/生意社现货与期货,akshare_basis,SP,2026-01-13,,5422.0,5492.0,-0.02219642599618632,
2026-01-14,paper_pulp,纸浆,包装纸箱上游,5633.33,元/吨,AKShare/生意社现货与期货,akshare_basis,SP,2026-01-14,,5470.0,5494.0,-0.02473315072967497,
2026-01-15,paper_pulp,纸浆,包装纸箱上游,5583.33,元/吨,AKShare/生意社现货与期货,akshare_basis,SP,2026-01-15,,5410.0,5436.0,-0.02638747844028566,
2026-01-16,paper_pulp,纸浆,包装纸箱上游,5533.33,元/吨,AKShare/生意社现货与期货,akshare_basis,SP,2026-01-16,,5330.0,5362.0,-0.030963271664621428,
2026-01-19,paper_pulp,纸浆,包装纸箱上游,5500.0,元/吨,AKShare/生意社现货与期货,akshare_basis,SP,2026-01-19,,5322.0,5362.0,-0.025090909090909053,
2026-01-20,paper_pulp,纸浆,包装纸箱上游,5500.0,元/吨,AKShare/生意社现货与期货,akshare_basis,SP,2026-01-20,,5344.0,5376.0,-0.022545454545454535,
2026-01-21,paper_pulp,纸浆,包装纸箱上游,5483.33,元/吨,AKShare/生意社现货与期货,akshare_basis,SP,2026-01-21,,5328.0,5360.0,-0.02249180698590092,
2026-01-22,paper_pulp,纸浆,包装纸箱上游,5483.33,元/吨,AKShare/生意社现货与期货,akshare_basis,SP,2026-01-22,,5338.0,5380.0,-0.018844388355251263,
2026-01-23,paper_pulp,纸浆,包装纸箱上游,5500.0,元/吨,AKShare/生意社现货与期货,akshare_basis,SP,2026-01-23,,5336.0,5398.0,-0.01854545454545453,
2026-01-26,paper_pulp,纸浆,包装纸箱上游,5500.0,元/吨,AKShare/生意社现货与期货,akshare_basis,SP,2026-01-26,,5328.0,5374.0,-0.02290909090909088,
2026-01-27,paper_pulp,纸浆,包装纸箱上游,5450.0,元/吨,AKShare/生意社现货与期货,akshare_basis,SP,2026-01-27,,5314.0,5342.0,-0.01981651376146787,
2026-01-28,paper_pulp,纸浆,包装纸箱上游,5466.67,元/吨,AKShare/生意社现货与期货,akshare_basis,SP,2026-01-28,,5312.0,5374.0,-0.01695181893181774,
2026-01-29,paper_pulp,纸浆,包装纸箱上游,5466.67,元/吨,AKShare/生意社现货与期货,akshare_basis,SP,2026-01-29,,5338.0,5388.0,-0.014390844883631182,
2026-01-30,paper_pulp,纸浆,包装纸箱上游,5466.67,元/吨,AKShare/生意社现货与期货,akshare_basis,SP,2026-01-30,,5286.0,5300.0,-0.030488396043660937,
2026-02-02,paper_pulp,纸浆,包装纸箱上游,5400.0,元/吨,AKShare/生意社现货与期货,akshare_basis,SP,2026-02-02,,5140.0,5266.0,-0.024814814814814845,
2026-02-03,paper_pulp,纸浆,包装纸箱上游,5400.0,元/吨,AKShare/生意社现货与期货,akshare_basis,SP,2026-02-03,,5246.0,5276.0,-0.022962962962962963,
2026-02-04,paper_pulp,纸浆,包装纸箱上游,5400.0,元/吨,AKShare/生意社现货与期货,akshare_basis,SP,2026-02-04,,5244.0,5324.0,-0.014074074074074128,
2026-02-05,paper_pulp,纸浆,包装纸箱上游,5400.0,元/吨,AKShare/生意社现货与期货,akshare_basis,SP,2026-02-05,,5244.0,5254.0,-0.02703703703703708,
2026-02-06,paper_pulp,纸浆,包装纸箱上游,5383.33,元/吨,AKShare/生意社现货与期货,akshare_basis,SP,2026-02-06,,5244.0,5234.0,-0.027739336061508357,
2026-02-09,paper_pulp,纸浆,包装纸箱上游,5366.67,元/吨,AKShare/生意社现货与期货,akshare_basis,SP,2026-02-09,,5170.0,5200.0,-0.03105650244937741,
2026-02-10,paper_pulp,纸浆,包装纸箱上游,5350.0,元/吨,AKShare/生意社现货与期货,akshare_basis,SP,2026-02-10,,5160.0,5202.0,-0.027663551401869158,
2026-02-11,paper_pulp,纸浆,包装纸箱上游,5350.0,元/吨,AKShare/生意社现货与期货,akshare_basis,SP,2026-02-11,,5160.0,5236.0,-0.021308411214953304,
2026-02-12,paper_pulp,纸浆,包装纸箱上游,5350.0,元/吨,AKShare/生意社现货与期货,akshare_basis,SP,2026-02-12,,5160.0,5238.0,-0.020934579439252365,
2026-02-13,paper_pulp,纸浆,包装纸箱上游,5350.0,元/吨,AKShare/生意社现货与期货,akshare_basis,SP,2026-02-13,,5160.0,5260.0,-0.016822429906542036,
2026-02-24,paper_pulp,纸浆,包装纸箱上游,5383.33,元/吨,AKShare/生意社现货与期货,akshare_basis,SP,2026-02-24,,5160.0,5340.0,-0.008048921392521002,
2026-02-25,paper_pulp,纸浆,包装纸箱上游,5400.0,元/吨,AKShare/生意社现货与期货,akshare_basis,SP,2026-02-25,,5304.0,5348.0,-0.009629629629629655,
2026-02-26,paper_pulp,纸浆,包装纸箱上游,5400.0,元/吨,AKShare/生意社现货与期货,akshare_basis,SP,2026-02-26,,5262.0,5312.0,-0.016296296296296253,
2026-02-27,paper_pulp,纸浆,包装纸箱上游,5400.0,元/吨,AKShare/生意社现货与期货,akshare_basis,SP,2026-02-27,,5188.0,5246.0,-0.0285185185185185,
2026-03-02,paper_pulp,纸浆,包装纸箱上游,5350.0,元/吨,AKShare/生意社现货与期货,akshare_basis,SP,2026-03-02,,5196.0,5252.0,-0.018317757009345792,
2026-03-03,paper_pulp,纸浆,包装纸箱上游,5333.33,元/吨,AKShare/生意社现货与期货,akshare_basis,SP,2026-03-03,,5164.0,5220.0,-0.021249388280867643,
2026-03-04,paper_pulp,纸浆,包装纸箱上游,5333.33,元/吨,AKShare/生意社现货与期货,akshare_basis,SP,2026-03-04,,5182.0,5246.0,-0.016374385233990707,
2026-03-05,paper_pulp,纸浆,包装纸箱上游,5333.33,元/吨,AKShare/生意社现货与期货,akshare_basis,SP,2026-03-05,,5230.0,5250.0,-0.015624384765240418,
2026-03-06,paper_pulp,纸浆,包装纸箱上游,5350.0,元/吨,AKShare/生意社现货与期货,akshare_basis,SP,2026-03-06,,5260.0,5322.0,-0.005233644859813036,
2026-03-09,paper_pulp,纸浆,包装纸箱上游,5450.0,元/吨,AKShare/生意社现货与期货,akshare_basis,SP,2026-03-09,,5272.0,5300.0,-0.02752293577981646,
2026-03-10,paper_pulp,纸浆,包装纸箱上游,5333.33,元/吨,AKShare/生意社现货与期货,akshare_basis,SP,2026-03-10,,5180.0,5244.0,-0.016749385468365907,
2026-03-11,paper_pulp,纸浆,包装纸箱上游,5316.67,元/吨,AKShare/生意社现货与期货,akshare_basis,SP,2026-03-11,,5200.0,5260.0,-0.010658927486565828,
2026-03-12,paper_pulp,纸浆,包装纸箱上游,5316.67,元/吨,AKShare/生意社现货与期货,akshare_basis,SP,2026-03-12,,5210.0,5252.0,-0.012163628737536847,
2026-03-13,paper_pulp,纸浆,包装纸箱上游,5316.67,元/吨,AKShare/生意社现货与期货,akshare_basis,SP,2026-03-13,,5216.0,5272.0,-0.0084018756101093,
2026-03-16,paper_pulp,纸浆,包装纸箱上游,5316.67,元/吨,AKShare/生意社现货与期货,akshare_basis,SP,2026-03-16,,5200.0,5232.0,-0.015925381864964394,
2026-03-17,paper_pulp,纸浆,包装纸箱上游,5266.67,元/吨,AKShare/生意社现货与期货,akshare_basis,SP,2026-03-17,,5088.0,5088.0,-0.03392466207299871,
2026-03-18,paper_pulp,纸浆,包装纸箱上游,5183.33,元/吨,AKShare/生意社现货与期货,akshare_basis,SP,2026-03-18,,5010.0,5040.0,-0.02765210781486027,
2026-03-19,paper_pulp,纸浆,包装纸箱上游,5100.0,元/吨,AKShare/生意社现货与期货,akshare_basis,SP,2026-03-19,,5080.0,5104.0,0.0007843137254901489,
2026-03-20,paper_pulp,纸浆,包装纸箱上游,5166.67,元/吨,AKShare/生意社现货与期货,akshare_basis,SP,2026-03-20,,5172.0,5164.0,-0.0005167738601459249,
2026-03-23,paper_pulp,纸浆,包装纸箱上游,5216.67,元/吨,AKShare/生意社现货与期货,akshare_basis,SP,2026-03-23,,5196.0,5188.0,-0.005495843133646594,
2026-03-24,paper_pulp,纸浆,包装纸箱上游,5250.0,元/吨,AKShare/生意社现货与期货,akshare_basis,SP,2026-03-24,,5160.0,5210.0,-0.007619047619047636,
2026-03-25,paper_pulp,纸浆,包装纸箱上游,5250.0,元/吨,AKShare/生意社现货与期货,akshare_basis,SP,2026-03-25,,5204.0,5224.0,-0.00495238095238093,
2026-03-26,paper_pulp,纸浆,包装纸箱上游,5250.0,元/吨,AKShare/生意社现货与期货,akshare_basis,SP,2026-03-26,,5134.0,5156.0,-0.017904761904761868,
2026-03-27,paper_pulp,纸浆,包装纸箱上游,5216.67,元/吨,AKShare/生意社现货与期货,akshare_basis,SP,2026-03-27,,5156.0,5202.0,-0.0028121387781860907,
2026-03-30,paper_pulp,纸浆,包装纸箱上游,5233.33,元/吨,AKShare/生意社现货与期货,akshare_basis,SP,2026-03-30,,5150.0,5182.0,-0.00980828650209331,
2026-03-31,paper_pulp,纸浆,包装纸箱上游,5233.33,元/吨,AKShare/生意社现货与期货,akshare_basis,SP,2026-03-31,,5100.0,5124.0,-0.020891096108978435,
2026-04-01,paper_pulp,纸浆,包装纸箱上游,5200.0,元/吨,AKShare/生意社现货与期货,akshare_basis,SP,2026-04-01,,5066.0,5072.0,-0.024615384615384595,
2026-04-02,paper_pulp,纸浆,包装纸箱上游,5150.0,元/吨,AKShare/生意社现货与期货,akshare_basis,SP,2026-04-02,,5050.0,5076.0,-0.014368932038834936,
2026-04-03,paper_pulp,纸浆,包装纸箱上游,5150.0,元/吨,AKShare/生意社现货与期货,akshare_basis,SP,2026-04-03,,5040.0,5096.0,-0.010485436893203914,
2026-04-07,paper_pulp,纸浆,包装纸箱上游,5116.67,元/吨,AKShare/生意社现货与期货,akshare_basis,SP,2026-04-07,,5040.0,5032.0,-0.016547871955783777,
2026-04-08,paper_pulp,纸浆,包装纸箱上游,5116.67,元/吨,AKShare/生意社现货与期货,akshare_basis,SP,2026-04-08,,5000.0,5098.0,-0.0036488575577475757,
2026-04-09,paper_pulp,纸浆,包装纸箱上游,5116.67,元/吨,AKShare/生意社现货与期货,akshare_basis,SP,2026-04-09,,5000.0,5040.0,-0.014984355059052046,
2026-04-10,paper_pulp,纸浆,包装纸箱上游,5100.0,元/吨,AKShare/生意社现货与期货,akshare_basis,SP,2026-04-10,,4966.0,5060.0,-0.007843137254901933,
2026-04-13,paper_pulp,纸浆,包装纸箱上游,5083.33,元/吨,AKShare/生意社现货与期货,akshare_basis,SP,2026-04-13,,4966.0,5024.0,-0.011671483063267596,
2026-04-14,paper_pulp,纸浆,包装纸箱上游,5083.33,元/吨,AKShare/生意社现货与期货,akshare_basis,SP,2026-04-14,,4900.0,5016.0,-0.013245254587052169,
2026-04-15,paper_pulp,纸浆,包装纸箱上游,5033.33,元/吨,AKShare/生意社现货与期货,akshare_basis,SP,2026-04-15,,4900.0,5024.0,-0.0018536436116844968,
2026-04-16,paper_pulp,纸浆,包装纸箱上游,5033.33,元/吨,AKShare/生意社现货与期货,akshare_basis,SP,2026-04-16,,4988.0,5040.0,0.0013251664405076191,
2026-04-17,paper_pulp,纸浆,包装纸箱上游,5083.33,元/吨,AKShare/生意社现货与期货,akshare_basis,SP,2026-04-17,,5022.0,5092.0,0.001705574888901662,
2026-04-20,paper_pulp,纸浆,包装纸箱上游,5116.67,元/吨,AKShare/生意社现货与期货,akshare_basis,SP,2026-04-20,,5080.0,5152.0,0.006904881495191084,
2026-04-21,paper_pulp,纸浆,包装纸箱上游,5150.0,元/吨,AKShare/生意社现货与期货,akshare_basis,SP,2026-04-21,,5068.0,5134.0,-0.003106796116504884,
2026-04-22,paper_pulp,纸浆,包装纸箱上游,5150.0,元/吨,AKShare/生意社现货与期货,akshare_basis,SP,2026-04-22,,5066.0,5150.0,0.0,
2026-04-23,paper_pulp,纸浆,包装纸箱上游,5150.0,元/吨,AKShare/生意社现货与期货,akshare_basis,SP,2026-04-23,,5006.0,5090.0,-0.011650485436893177,
2026-04-24,paper_pulp,纸浆,包装纸箱上游,5100.0,元/吨,AKShare/生意社现货与期货,akshare_basis,SP,2026-04-24,,4980.0,5060.0,-0.007843137254901933,
2026-04-27,paper_pulp,纸浆,包装纸箱上游,5100.0,元/吨,AKShare/生意社现货与期货,akshare_basis,SP,2026-04-27,,4992.0,5082.0,-0.003529411764705892,
2026-04-28,paper_pulp,纸浆,包装纸箱上游,5083.33,元/吨,AKShare/生意社现货与期货,akshare_basis,SP,2026-04-28,,4974.0,5040.0,-0.00852394001569834,
2026-04-29,paper_pulp,纸浆,包装纸箱上游,5083.33,元/吨,AKShare/生意社现货与期货,akshare_basis,SP,2026-04-29,,4974.0,5062.0,-0.004196068325290736,
2026-04-30,paper_pulp,纸浆,包装纸箱上游,5100.0,元/吨,AKShare/生意社现货与期货,akshare_basis,SP,2026-04-30,,4978.0,5072.0,-0.005490196078431375,
2026-05-06,paper_pulp,纸浆,包装纸箱上游,5100.0,元/吨,AKShare/生意社现货与期货,akshare_basis,SP,2026-05-06,,5004.0,5104.0,0.0007843137254901489,
2026-05-07,paper_pulp,纸浆,包装纸箱上游,5100.0,元/吨,AKShare/生意社现货与期货,akshare_basis,SP,2026-05-07,,4984.0,5064.0,-0.007058823529411784,
2026-05-08,paper_pulp,纸浆,包装纸箱上游,5116.67,元/吨,AKShare/生意社现货与期货,akshare_basis,SP,2026-05-08,,4964.0,5066.0,-0.009902925144674168,
2026-05-11,paper_pulp,纸浆,包装纸箱上游,5116.67,元/吨,AKShare/生意社现货与期货,akshare_basis,SP,2026-05-11,,5040.0,5134.0,0.0033869684775449382,
2026-05-12,paper_pulp,纸浆,包装纸箱上游,5150.0,元/吨,AKShare/生意社现货与期货,akshare_basis,SP,2026-05-12,,5030.0,5138.0,-0.0023300970873786353,
2026-05-13,paper_pulp,纸浆,包装纸箱上游,5150.0,元/吨,AKShare/生意社现货与期货,akshare_basis,SP,2026-05-13,,5052.0,5166.0,0.003106796116504773,
2026-05-14,paper_pulp,纸浆,包装纸箱上游,5133.33,元/吨,AKShare/生意社现货与期货,akshare_basis,SP,2026-05-14,,5060.0,5110.0,-0.004544808145979351,
2026-05-15,paper_pulp,纸浆,包装纸箱上游,5133.33,元/吨,AKShare/生意社现货与期货,akshare_basis,SP,2026-05-15,,4940.0,5066.0,-0.013116242283274238,
2026-05-18,paper_pulp,纸浆,包装纸箱上游,5133.33,元/吨,AKShare/生意社现货与期货,akshare_basis,SP,2026-05-18,,4970.0,5052.0,-0.01584351678150442,
2026-05-19,paper_pulp,纸浆,包装纸箱上游,5100.0,元/吨,AKShare/生意社现货与期货,akshare_basis,SP,2026-05-19,,5020.0,5060.0,-0.007843137254901933,
2026-05-20,paper_pulp,纸浆,包装纸箱上游,5083.33,元/吨,AKShare/生意社现货与期货,akshare_basis,SP,2026-05-20,,4954.0,4996.0,-0.017179683396513656,
2026-05-21,paper_pulp,纸浆,包装纸箱上游,5066.67,元/吨,AKShare/生意社现货与期货,akshare_basis,SP,2026-05-21,,4890.0,4932.0,-0.026579587776586977,
2026-05-22,paper_pulp,纸浆,包装纸箱上游,5033.33,元/吨,AKShare/生意社现货与期货,akshare_basis,SP,2026-05-22,,4854.0,4912.0,-0.024105313977029086,
2026-05-25,paper_pulp,纸浆,包装纸箱上游,5033.33,元/吨,AKShare/生意社现货与期货,akshare_basis,SP,2026-05-25,,4906.0,4976.0,-0.011390073768260733,
2026-05-26,paper_pulp,纸浆,包装纸箱上游,5050.0,元/吨,AKShare/生意社现货与期货,akshare_basis,SP,2026-05-26,,4902.0,4982.0,-0.013465346534653477,
2026-05-27,paper_pulp,纸浆,包装纸箱上游,5050.0,元/吨,AKShare/生意社现货与期货,akshare_basis,SP,2026-05-27,,4898.0,4968.0,-0.016237623762376252,
2026-05-28,paper_pulp,纸浆,包装纸箱上游,5033.33,元/吨,AKShare/生意社现货与期货,akshare_basis,SP,2026-05-28,,4902.0,4964.0,-0.01377418130740482,
2026-05-29,paper_pulp,纸浆,包装纸箱上游,5033.33,元/吨,AKShare/生意社现货与期货,akshare_basis,SP,2026-05-29,,4842.0,4922.0,-0.02211855769440907,
2026-06-01,paper_pulp,纸浆,包装纸箱上游,4983.33,元/吨,AKShare/生意社现货与期货,akshare_basis,SP,2026-06-01,,4804.0,4886.0,-0.019531116743221832,
2026-06-02,paper_pulp,纸浆,包装纸箱上游,4966.67,元/吨,AKShare/生意社现货与期货,akshare_basis,SP,2026-06-02,,4794.0,4860.0,-0.021477166793847813,
2026-06-03,paper_pulp,纸浆,包装纸箱上游,4966.67,元/吨,AKShare/生意社现货与期货,akshare_basis,SP,2026-06-03,,4814.0,4860.0,-0.021477166793847813,
2026-06-04,paper_pulp,纸浆,包装纸箱上游,4966.67,元/吨,AKShare/生意社现货与期货,akshare_basis,SP,2026-06-04,,4782.0,4812.0,-0.031141589837859196,
2026-06-05,paper_pulp,纸浆,包装纸箱上游,4966.67,元/吨,AKShare/生意社现货与期货,akshare_basis,SP,2026-06-05,,4802.0,4846.0,-0.024295956848351175,
2026-06-08,paper_pulp,纸浆,包装纸箱上游,4983.33,元/吨,AKShare/生意社现货与期货,akshare_basis,SP,2026-06-08,,4780.0,4844.0,-0.027959216026231415,
2026-06-09,paper_pulp,纸浆,包装纸箱上游,4983.33,元/吨,AKShare/生意社现货与期货,akshare_basis,SP,2026-06-09,,4788.0,4878.0,-0.021136468987604684,
2026-06-10,paper_pulp,纸浆,包装纸箱上游,4983.33,元/吨,AKShare/生意社现货与期货,akshare_basis,SP,2026-06-10,,4788.0,4868.0,-0.023143159293083082,
2026-06-11,paper_pulp,纸浆,包装纸箱上游,4983.33,元/吨,AKShare/生意社现货与期货,akshare_basis,SP,2026-06-11,,4834.0,4900.0,-0.01672175031555201,
2026-06-12,paper_pulp,纸浆,包装纸箱上游,4983.33,元/吨,AKShare/生意社现货与期货,akshare_basis,SP,2026-06-12,,4834.0,4896.0,-0.017524426437743434,
2026-05-22,pc,PC,塑料外壳材料,16366.67,元/吨,生意社基准价,sunsirs_vane,,2026-05-22,0.61,,,,
2026-05-28,pc,PC,塑料外壳材料,16433.33,元/吨,生意社基准价,sunsirs_vane,,2026-05-28,0.41,,,,
2026-06-02,pc,PC,塑料外壳材料,16033.33,元/吨,生意社基准价,sunsirs_vane,,2026-06-02,-2.43,,,,
2026-06-06,pc,PC,塑料外壳材料,15433.33,元/吨,生意社基准价,sunsirs_vane,,2026-06-06,-3.74,,,,
2026-06-09,pc,PC,塑料外壳材料,14633.33,元/吨,生意社基准价,sunsirs_vane,,2026-06-09,-5.18,,,,
2026-06-11,pc,PC,塑料外壳材料,14350.0,元/吨,生意社基准价,sunsirs_vane,,2026-06-11,-1.94,,,,
2026-06-12,pc,PC,塑料外壳材料,14200.0,元/吨,生意社基准价,sunsirs_vane,,2026-06-12,-1.05,,,,
2025-12-15,pp,PP,塑料外壳材料,6253.33,元/吨,AKShare/生意社现货与期货,akshare_basis,PP,2025-12-15,,6178.0,6254.0,0.00010714291425539813,
2025-12-16,pp,PP,塑料外壳材料,6253.33,元/吨,AKShare/生意社现货与期货,akshare_basis,PP,2025-12-16,,6192.0,6256.0,0.0004269725090471077,
2025-12-17,pp,PP,塑料外壳材料,6253.33,元/吨,AKShare/生意社现货与期货,akshare_basis,PP,2025-12-17,,6196.0,6254.0,0.00010714291425539813,
2025-12-18,pp,PP,塑料外壳材料,6253.33,元/吨,AKShare/生意社现货与期货,akshare_basis,PP,2025-12-18,,6202.0,6279.0,0.004105012849153988,
2025-12-19,pp,PP,塑料外壳材料,6253.33,元/吨,AKShare/生意社现货与期货,akshare_basis,PP,2025-12-19,,6132.0,6213.0,-0.006449363778978534,
2025-12-22,pp,PP,塑料外壳材料,6253.33,元/吨,AKShare/生意社现货与期货,akshare_basis,PP,2025-12-22,,6028.0,6119.0,-0.021481354734197655,
2025-12-23,pp,PP,塑料外壳材料,6253.33,元/吨,AKShare/生意社现货与期货,akshare_basis,PP,2025-12-23,,6073.0,6158.0,-0.015244677635755655,
2025-12-24,pp,PP,塑料外壳材料,6153.33,元/吨,AKShare/生意社现货与期货,akshare_basis,PP,2025-12-24,,6187.0,6278.0,0.020260574355674077,
2025-12-25,pp,PP,塑料外壳材料,6153.33,元/吨,AKShare/生意社现货与期货,akshare_basis,PP,2025-12-25,,6169.0,6266.0,0.01831041078570461,
2025-12-26,pp,PP,塑料外壳材料,6153.33,元/吨,AKShare/生意社现货与期货,akshare_basis,PP,2025-12-26,,6178.0,6292.0,0.022535765187305046,
2025-12-29,pp,PP,塑料外壳材料,6153.33,元/吨,AKShare/生意社现货与期货,akshare_basis,PP,2025-12-29,,6157.0,6274.0,0.019610519832350848,
2025-12-30,pp,PP,塑料外壳材料,6170.0,元/吨,AKShare/生意社现货与期货,akshare_basis,PP,2025-12-30,,6191.0,6321.0,0.024473257698541362,
2025-12-31,pp,PP,塑料外壳材料,6170.0,元/吨,AKShare/生意社现货与期货,akshare_basis,PP,2025-12-31,,6190.0,6348.0,0.0288492706645056,
2026-01-05,pp,PP,塑料外壳材料,6253.33,元/吨,AKShare/生意社现货与期货,akshare_basis,PP,2026-01-05,,6150.0,6330.0,0.012260667516347246,
2026-01-06,pp,PP,塑料外壳材料,6253.33,元/吨,AKShare/生意社现货与期货,akshare_basis,PP,2026-01-06,,6240.0,6423.0,0.0271327436741704,
2026-01-07,pp,PP,塑料外壳材料,6270.0,元/吨,AKShare/生意社现货与期货,akshare_basis,PP,2026-01-07,,6312.0,6486.0,0.034449760765550286,
2026-01-08,pp,PP,塑料外壳材料,6326.67,元/吨,AKShare/生意社现货与期货,akshare_basis,PP,2026-01-08,,6288.0,6484.0,0.024867742430061845,
2026-01-09,pp,PP,塑料外壳材料,6376.67,元/吨,AKShare/生意社现货与期货,akshare_basis,PP,2026-01-09,,6302.0,6514.0,0.021536319113267588,
2026-01-12,pp,PP,塑料外壳材料,6393.33,元/吨,AKShare/生意社现货与期货,akshare_basis,PP,2026-01-12,,6340.0,6560.0,0.02606935665764154,
2026-01-13,pp,PP,塑料外壳材料,6426.67,元/吨,AKShare/生意社现货与期货,akshare_basis,PP,2026-01-13,,6343.0,6545.0,0.018412334848374012,
2026-01-14,pp,PP,塑料外壳材料,6543.33,元/吨,AKShare/生意社现货与期货,akshare_basis,PP,2026-01-14,,6390.0,6590.0,0.007132453964571628,
2026-01-15,pp,PP,塑料外壳材料,6593.33,元/吨,AKShare/生意社现货与期货,akshare_basis,PP,2026-01-15,,6394.0,6592.0,-0.00020171900996912573,
2026-01-16,pp,PP,塑料外壳材料,6576.67,元/吨,AKShare/生意社现货与期货,akshare_basis,PP,2026-01-16,,6235.0,6496.0,-0.012266086028339562,
2026-01-19,pp,PP,塑料外壳材料,6523.33,元/吨,AKShare/生意社现货与期货,akshare_basis,PP,2026-01-19,,6376.0,6482.0,-0.0063357211730817875,
2026-01-20,pp,PP,塑料外壳材料,6523.33,元/吨,AKShare/生意社现货与期货,akshare_basis,PP,2026-01-20,,6347.0,6461.0,-0.009554935899303008,
2026-01-21,pp,PP,塑料外壳材料,6523.33,元/吨,AKShare/生意社现货与期货,akshare_basis,PP,2026-01-21,,6364.0,6485.0,-0.005875833355050264,
2026-01-22,pp,PP,塑料外壳材料,6553.33,元/吨,AKShare/生意社现货与期货,akshare_basis,PP,2026-01-22,,6491.0,6624.0,0.010783830510595394,
2026-01-23,pp,PP,塑料外壳材料,6580.0,元/吨,AKShare/生意社现货与期货,akshare_basis,PP,2026-01-23,,6538.0,6656.0,0.011550151975683987,
2026-01-26,pp,PP,塑料外壳材料,6646.67,元/吨,AKShare/生意社现货与期货,akshare_basis,PP,2026-01-26,,6618.0,6737.0,0.013590263996858587,
2026-01-27,pp,PP,塑料外壳材料,6633.33,元/吨,AKShare/生意社现货与期货,akshare_basis,PP,2026-01-27,,6575.0,6709.0,0.01140754342087602,
2026-01-28,pp,PP,塑料外壳材料,6676.67,元/吨,AKShare/生意社现货与期货,akshare_basis,PP,2026-01-28,,6657.0,6778.0,0.015176727320655337,
2026-01-29,pp,PP,塑料外壳材料,6700.0,元/吨,AKShare/生意社现货与期货,akshare_basis,PP,2026-01-29,,6737.0,6870.0,0.025373134328358304,
2026-01-30,pp,PP,塑料外壳材料,6720.0,元/吨,AKShare/生意社现货与期货,akshare_basis,PP,2026-01-30,,6709.0,6824.0,0.015476190476190421,
2026-02-02,pp,PP,塑料外壳材料,6720.0,元/吨,AKShare/生意社现货与期货,akshare_basis,PP,2026-02-02,,6625.0,6714.0,-0.0008928571428571397,
2026-02-03,pp,PP,塑料外壳材料,6720.0,元/吨,AKShare/生意社现货与期货,akshare_basis,PP,2026-02-03,,6707.0,6730.0,0.0014880952380953438,
2026-02-04,pp,PP,塑料外壳材料,6690.0,元/吨,AKShare/生意社现货与期货,akshare_basis,PP,2026-02-04,,6659.0,6801.0,0.016591928251121102,
2026-02-05,pp,PP,塑料外壳材料,6656.67,元/吨,AKShare/生意社现货与期货,akshare_basis,PP,2026-02-05,,6548.0,6676.0,0.0029038543295671904,
2026-02-06,pp,PP,塑料外壳材料,6640.0,元/吨,AKShare/生意社现货与期货,akshare_basis,PP,2026-02-06,,6550.0,6691.0,0.007680722891566294,
2026-02-09,pp,PP,塑料外壳材料,6640.0,元/吨,AKShare/生意社现货与期货,akshare_basis,PP,2026-02-09,,6530.0,6630.0,-0.001506024096385561,
2026-02-10,pp,PP,塑料外壳材料,6640.0,元/吨,AKShare/生意社现货与期货,akshare_basis,PP,2026-02-10,,6548.0,6688.0,0.0072289156626506035,
2026-02-11,pp,PP,塑料外壳材料,6640.0,元/吨,AKShare/生意社现货与期货,akshare_basis,PP,2026-02-11,,6657.0,6778.0,0.02078313253012043,
2026-02-12,pp,PP,塑料外壳材料,6640.0,元/吨,AKShare/生意社现货与期货,akshare_basis,PP,2026-02-12,,6251.0,6648.0,0.00120481927710836,
2026-02-13,pp,PP,塑料外壳材料,6640.0,元/吨,AKShare/生意社现货与期货,akshare_basis,PP,2026-02-13,,6581.0,6568.0,-0.010843373493975905,
2026-02-24,pp,PP,塑料外壳材料,6650.0,元/吨,AKShare/生意社现货与期货,akshare_basis,PP,2026-02-24,,6611.0,6746.0,0.014436090225563802,
2026-02-25,pp,PP,塑料外壳材料,6690.0,元/吨,AKShare/生意社现货与期货,akshare_basis,PP,2026-02-25,,6590.0,6720.0,0.004484304932735439,
2026-02-26,pp,PP,塑料外壳材料,6686.67,元/吨,AKShare/生意社现货与期货,akshare_basis,PP,2026-02-26,,6558.0,6675.0,-0.001745263337356251,
2026-02-27,pp,PP,塑料外壳材料,6663.33,元/吨,AKShare/生意社现货与期货,akshare_basis,PP,2026-02-27,,6484.0,6611.0,-0.007853430642036363,
2026-03-02,pp,PP,塑料外壳材料,6893.33,元/吨,AKShare/生意社现货与期货,akshare_basis,PP,2026-03-02,,6905.0,6998.0,0.0151842433192666,
2026-03-03,pp,PP,塑料外壳材料,7270.0,元/吨,AKShare/生意社现货与期货,akshare_basis,PP,2026-03-03,,7108.0,7223.0,-0.006464924346630041,
2026-03-04,pp,PP,塑料外壳材料,7320.0,元/吨,AKShare/生意社现货与期货,akshare_basis,PP,2026-03-04,,7477.0,7506.0,0.025409836065573677,
2026-03-05,pp,PP,塑料外壳材料,7703.33,元/吨,AKShare/生意社现货与期货,akshare_basis,PP,2026-03-05,,7513.0,7458.0,-0.031847266052473455,
2026-03-06,pp,PP,塑料外壳材料,7826.67,元/吨,AKShare/生意社现货与期货,akshare_basis,PP,2026-03-06,,7580.0,7797.0,-0.003790884245790327,
2026-03-09,pp,PP,塑料外壳材料,9126.67,元/吨,AKShare/生意社现货与期货,akshare_basis,PP,2026-03-09,,7580.0,8034.0,-0.11972274663157534,
2026-03-10,pp,PP,塑料外壳材料,7993.33,元/吨,AKShare/生意社现货与期货,akshare_basis,PP,2026-03-10,,7580.0,7820.0,-0.02168432930956188,
2026-03-11,pp,PP,塑料外壳材料,8000.0,元/吨,AKShare/生意社现货与期货,akshare_basis,PP,2026-03-11,,7580.0,8197.0,0.024624999999999897,
2026-03-12,pp,PP,塑料外壳材料,8660.0,元/吨,AKShare/生意社现货与期货,akshare_basis,PP,2026-03-12,,7580.0,8303.0,-0.041224018475750523,
2026-03-13,pp,PP,塑料外壳材料,8660.0,元/吨,AKShare/生意社现货与期货,akshare_basis,PP,2026-03-13,,6971.0,8603.0,-0.0065819861431870574,
2026-03-16,pp,PP,塑料外壳材料,8960.0,元/吨,AKShare/生意社现货与期货,akshare_basis,PP,2026-03-16,,8812.0,8857.0,-0.011495535714285743,
2026-03-17,pp,PP,塑料外壳材料,8943.33,元/吨,AKShare/生意社现货与期货,akshare_basis,PP,2026-03-17,,8651.0,8671.0,-0.030450626332697128,
2026-03-18,pp,PP,塑料外壳材料,8943.33,元/吨,AKShare/生意社现货与期货,akshare_basis,PP,2026-03-18,,8589.0,8628.0,-0.03525867881426714,
2026-03-19,pp,PP,塑料外壳材料,9063.33,元/吨,AKShare/生意社现货与期货,akshare_basis,PP,2026-03-19,,9099.0,9158.0,0.010445388174103787,
2026-03-20,pp,PP,塑料外壳材料,8743.33,元/吨,AKShare/生意社现货与期货,akshare_basis,PP,2026-03-20,,8922.0,9019.0,0.031529177098428285,
2026-03-23,pp,PP,塑料外壳材料,9360.0,元/吨,AKShare/生意社现货与期货,akshare_basis,PP,2026-03-23,,9714.0,9793.0,0.04626068376068382,
2026-03-24,pp,PP,塑料外壳材料,9443.33,元/吨,AKShare/生意社现货与期货,akshare_basis,PP,2026-03-24,,9118.0,9114.0,-0.03487435046747278,
2026-03-25,pp,PP,塑料外壳材料,8966.67,元/吨,AKShare/生意社现货与期货,akshare_basis,PP,2026-03-25,,8900.0,8975.0,0.0009289959371763246,
2026-03-26,pp,PP,塑料外壳材料,9000.0,元/吨,AKShare/生意社现货与期货,akshare_basis,PP,2026-03-26,,9070.0,9120.0,0.01333333333333342,
2026-03-27,pp,PP,塑料外壳材料,9000.0,元/吨,AKShare/生意社现货与期货,akshare_basis,PP,2026-03-27,,9245.0,9313.0,0.034777777777777796,
2026-03-30,pp,PP,塑料外壳材料,9316.67,元/吨,AKShare/生意社现货与期货,akshare_basis,PP,2026-03-30,,9200.0,9269.0,-0.005116635020881888,
2026-03-31,pp,PP,塑料外壳材料,9250.0,元/吨,AKShare/生意社现货与期货,akshare_basis,PP,2026-03-31,,9086.0,9103.0,-0.015891891891891885,
2026-04-01,pp,PP,塑料外壳材料,9166.67,元/吨,AKShare/生意社现货与期货,akshare_basis,PP,2026-04-01,,8900.0,8764.0,-0.043927620389956235,
2026-04-02,pp,PP,塑料外壳材料,9316.67,元/吨,AKShare/生意社现货与期货,akshare_basis,PP,2026-04-02,,9100.0,9130.0,-0.020036128788504914,
2026-04-03,pp,PP,塑料外壳材料,9250.0,元/吨,AKShare/生意社现货与期货,akshare_basis,PP,2026-04-03,,9120.0,9400.0,0.016216216216216273,
2026-04-07,pp,PP,塑料外壳材料,9666.67,元/吨,AKShare/生意社现货与期货,akshare_basis,PP,2026-04-07,,9640.0,9865.0,0.020516889476934752,
2026-04-08,pp,PP,塑料外壳材料,9650.0,元/吨,AKShare/生意社现货与期货,akshare_basis,PP,2026-04-08,,8964.0,8419.0,-0.12756476683937823,
2026-04-09,pp,PP,塑料外壳材料,9416.67,元/吨,AKShare/生意社现货与期货,akshare_basis,PP,2026-04-09,,8957.0,8530.0,-0.09415961268686279,
2026-04-10,pp,PP,塑料外壳材料,9383.33,元/吨,AKShare/生意社现货与期货,akshare_basis,PP,2026-04-10,,8957.0,8369.0,-0.10809915030165196,
2026-04-13,pp,PP,塑料外壳材料,9400.0,元/吨,AKShare/生意社现货与期货,akshare_basis,PP,2026-04-13,,8957.0,8460.0,-0.09999999999999998,
2026-04-14,pp,PP,塑料外壳材料,9300.0,元/吨,AKShare/生意社现货与期货,akshare_basis,PP,2026-04-14,,9000.0,8368.0,-0.10021505376344086,
2026-04-15,pp,PP,塑料外壳材料,9283.33,元/吨,AKShare/生意社现货与期货,akshare_basis,PP,2026-04-15,,8903.0,8363.0,-0.09913791710517672,
2026-04-16,pp,PP,塑料外壳材料,9216.67,元/吨,AKShare/生意社现货与期货,akshare_basis,PP,2026-04-16,,8944.0,8446.0,-0.0836169679504637,
2026-04-17,pp,PP,塑料外壳材料,9260.0,元/吨,AKShare/生意社现货与期货,akshare_basis,PP,2026-04-17,,8936.0,8429.0,-0.0897408207343412,
2026-04-20,pp,PP,塑料外壳材料,9233.33,元/吨,AKShare/生意社现货与期货,akshare_basis,PP,2026-04-20,,8780.0,8228.0,-0.10888054472221831,
2026-04-21,pp,PP,塑料外壳材料,9183.33,元/吨,AKShare/生意社现货与期货,akshare_basis,PP,2026-04-21,,8745.0,8220.0,-0.10489985658796974,
2026-04-22,pp,PP,塑料外壳材料,9123.33,元/吨,AKShare/生意社现货与期货,akshare_basis,PP,2026-04-22,,8727.0,8278.0,-0.09265586140148385,
2026-04-23,pp,PP,塑料外壳材料,9113.33,元/吨,AKShare/生意社现货与期货,akshare_basis,PP,2026-04-23,,8719.0,8349.0,-0.08386945276863667,
2026-04-24,pp,PP,塑料外壳材料,9103.33,元/吨,AKShare/生意社现货与期货,akshare_basis,PP,2026-04-24,,8771.0,8394.0,-0.07791983812516956,
2026-04-27,pp,PP,塑料外壳材料,9133.33,元/吨,AKShare/生意社现货与期货,akshare_basis,PP,2026-04-27,,8976.0,8553.0,-0.06353980421160732,
2026-04-28,pp,PP,塑料外壳材料,9266.67,元/吨,AKShare/生意社现货与期货,akshare_basis,PP,2026-04-28,,9122.0,8752.0,-0.05553990807916975,
2026-04-29,pp,PP,塑料外壳材料,9316.67,元/吨,AKShare/生意社现货与期货,akshare_basis,PP,2026-04-29,,9133.0,8771.0,-0.05856920981423619,
2026-04-30,pp,PP,塑料外壳材料,9550.0,元/吨,AKShare/生意社现货与期货,akshare_basis,PP,2026-04-30,,9318.0,8822.0,-0.07623036649214665,
2026-05-06,pp,PP,塑料外壳材料,9533.33,元/吨,AKShare/生意社现货与期货,akshare_basis,PP,2026-05-06,,9430.0,8960.0,-0.060139531517318656,
2026-05-07,pp,PP,塑料外壳材料,9513.33,元/吨,AKShare/生意社现货与期货,akshare_basis,PP,2026-05-07,,9208.0,8589.0,-0.09716156172444346,
2026-05-08,pp,PP,塑料外壳材料,9466.67,元/吨,AKShare/生意社现货与期货,akshare_basis,PP,2026-05-08,,9230.0,8557.0,-0.09609186757328603,
2026-05-11,pp,PP,塑料外壳材料,9533.33,元/吨,AKShare/生意社现货与期货,akshare_basis,PP,2026-05-11,,9350.0,8685.0,-0.08898569544954382,
2026-05-12,pp,PP,塑料外壳材料,9523.33,元/吨,AKShare/生意社现货与期货,akshare_basis,PP,2026-05-12,,9488.0,8811.0,-0.07479841610025062,
2026-05-13,pp,PP,塑料外壳材料,9540.0,元/吨,AKShare/生意社现货与期货,akshare_basis,PP,2026-05-13,,9558.0,8818.0,-0.07568134171907759,
2026-05-14,pp,PP,塑料外壳材料,9556.67,元/吨,AKShare/生意社现货与期货,akshare_basis,PP,2026-05-14,,9550.0,8686.0,-0.09110600240460331,
2026-05-15,pp,PP,塑料外壳材料,9556.67,元/吨,AKShare/生意社现货与期货,akshare_basis,PP,2026-05-15,,9500.0,8749.0,-0.08451374798962397,
2026-05-18,pp,PP,塑料外壳材料,9673.33,元/吨,AKShare/生意社现货与期货,akshare_basis,PP,2026-05-18,,9580.0,8940.0,-0.07580946788748033,
2026-05-19,pp,PP,塑料外壳材料,9670.0,元/吨,AKShare/生意社现货与期货,akshare_basis,PP,2026-05-19,,9808.0,8944.0,-0.07507755946225436,
2026-05-20,pp,PP,塑料外壳材料,9736.67,元/吨,AKShare/生意社现货与期货,akshare_basis,PP,2026-05-20,,9506.0,8920.0,-0.08387569877586487,
2026-05-21,pp,PP,塑料外壳材料,9850.0,元/吨,AKShare/生意社现货与期货,akshare_basis,PP,2026-05-21,,9486.0,8890.0,-0.09746192893401018,
2026-05-22,pp,PP,塑料外壳材料,9823.33,元/吨,AKShare/生意社现货与期货,akshare_basis,PP,2026-05-22,,9514.0,8792.0,-0.10498781981262972,
2026-05-25,pp,PP,塑料外壳材料,9856.67,元/吨,AKShare/生意社现货与期货,akshare_basis,PP,2026-05-25,,9400.0,8577.0,-0.1298278221752377,
2026-05-26,pp,PP,塑料外壳材料,9790.0,元/吨,AKShare/生意社现货与期货,akshare_basis,PP,2026-05-26,,9443.0,8476.0,-0.1342185903983657,
2026-05-27,pp,PP,塑料外壳材料,9733.33,元/吨,AKShare/生意社现货与期货,akshare_basis,PP,2026-05-27,,9291.0,8446.0,-0.13225997680136192,
2026-05-28,pp,PP,塑料外壳材料,9723.33,元/吨,AKShare/生意社现货与期货,akshare_basis,PP,2026-05-28,,9426.0,8491.0,-0.1267395017961953,
2026-05-29,pp,PP,塑料外壳材料,9723.33,元/吨,AKShare/生意社现货与期货,akshare_basis,PP,2026-05-29,,9450.0,8484.0,-0.12745941976668484,
2026-06-01,pp,PP,塑料外壳材料,9573.33,元/吨,AKShare/生意社现货与期货,akshare_basis,PP,2026-06-01,,9475.0,8612.0,-0.10041751407295063,
2026-06-02,pp,PP,塑料外壳材料,9673.33,元/吨,AKShare/生意社现货与期货,akshare_basis,PP,2026-06-02,,9510.0,8651.0,-0.10568542580476425,
2026-06-03,pp,PP,塑料外壳材料,9706.67,元/吨,AKShare/生意社现货与期货,akshare_basis,PP,2026-06-03,,9650.0,8795.0,-0.0939220144498577,
2026-06-04,pp,PP,塑料外壳材料,9706.67,元/吨,AKShare/生意社现货与期货,akshare_basis,PP,2026-06-04,,9620.0,8683.0,-0.10546047202593678,
2026-06-05,pp,PP,塑料外壳材料,9663.33,元/吨,AKShare/生意社现货与期货,akshare_basis,PP,2026-06-05,,9680.0,8714.0,-0.09824046162140798,
2026-06-08,pp,PP,塑料外壳材料,9706.67,元/吨,AKShare/生意社现货与期货,akshare_basis,PP,2026-06-08,,9728.0,8989.0,-0.07393575757700632,
2026-06-09,pp,PP,塑料外壳材料,9663.33,元/吨,AKShare/生意社现货与期货,akshare_basis,PP,2026-06-09,,9798.0,8753.0,-0.09420458578978463,
2026-06-10,pp,PP,塑料外壳材料,9656.67,元/吨,AKShare/生意社现货与期货,akshare_basis,PP,2026-06-10,,9828.0,8649.0,-0.10434963605466485,
2026-06-11,pp,PP,塑料外壳材料,9656.67,元/吨,AKShare/生意社现货与期货,akshare_basis,PP,2026-06-11,,9828.0,8712.0,-0.09782564797181637,
2026-06-12,pp,PP,塑料外壳材料,9690.0,元/吨,AKShare/生意社现货与期货,akshare_basis,PP,2026-06-12,,9888.0,8596.0,-0.11289989680082557,
2025-12-15,pump_aluminum_proxy,泵体铝件（铝价代理）,充气泵/散热结构,21723.33,元/吨,铝价代理,derived_from,AL,2025-12-15,,21855.0,21920.0,0.009053400192327699,泵体、散热件和铝合金结构受铝价影响，日度预警先跟随铝价。
2025-12-16,pump_aluminum_proxy,泵体铝件（铝价代理）,充气泵/散热结构,21640.0,元/吨,铝价代理,derived_from,AL,2025-12-16,,21780.0,21845.0,0.009473197781885379,泵体、散热件和铝合金结构受铝价影响，日度预警先跟随铝价。
2025-12-17,pump_aluminum_proxy,泵体铝件（铝价代理）,充气泵/散热结构,21760.0,元/吨,铝价代理,derived_from,AL,2025-12-17,,21865.0,21915.0,0.007123161764705843,泵体、散热件和铝合金结构受铝价影响，日度预警先跟随铝价。
2025-12-18,pump_aluminum_proxy,泵体铝件（铝价代理）,充气泵/散热结构,21736.67,元/吨,铝价代理,derived_from,AL,2025-12-18,,21895.0,21955.0,0.010044316815777332,泵体、散热件和铝合金结构受铝价影响，日度预警先跟随铝价。
2025-12-19,pump_aluminum_proxy,泵体铝件（铝价代理）,充气泵/散热结构,21733.33,元/吨,铝价代理,derived_from,AL,2025-12-19,,22120.0,22185.0,0.020782365150669335,泵体、散热件和铝合金结构受铝价影响，日度预警先跟随铝价。
2025-12-22,pump_aluminum_proxy,泵体铝件（铝价代理）,充气泵/散热结构,21938.33,元/吨,铝价代理,derived_from,AL,2025-12-22,,22150.0,22220.0,0.012839172352681283,泵体、散热件和铝合金结构受铝价影响，日度预警先跟随铝价。
2025-12-23,pump_aluminum_proxy,泵体铝件（铝价代理）,充气泵/散热结构,21883.33,元/吨,铝价代理,derived_from,AL,2025-12-23,,22130.0,22195.0,0.01424234794247492,泵体、散热件和铝合金结构受铝价影响，日度预警先跟随铝价。
2025-12-24,pump_aluminum_proxy,泵体铝件（铝价代理）,充气泵/散热结构,21883.33,元/吨,铝价代理,derived_from,AL,2025-12-24,,22255.0,22330.0,0.02041142732847323,泵体、散热件和铝合金结构受铝价影响，日度预警先跟随铝价。
2025-12-25,pump_aluminum_proxy,泵体铝件（铝价代理）,充气泵/散热结构,22006.67,元/吨,铝价代理,derived_from,AL,2025-12-25,,22195.0,22275.0,0.012193121449088018,泵体、散热件和铝合金结构受铝价影响，日度预警先跟随铝价。
2025-12-26,pump_aluminum_proxy,泵体铝件（铝价代理）,充气泵/散热结构,22006.67,元/吨,铝价代理,derived_from,AL,2025-12-26,,22335.0,22405.0,0.018100421372247766,泵体、散热件和铝合金结构受铝价影响，日度预警先跟随铝价。
2025-12-29,pump_aluminum_proxy,泵体铝件（铝价代理）,充气泵/散热结构,22491.67,元/吨,铝价代理,derived_from,AL,2025-12-29,,22515.0,22570.0,0.0034826226776403235,泵体、散热件和铝合金结构受铝价影响，日度预警先跟随铝价。
2025-12-30,pump_aluminum_proxy,泵体铝件（铝价代理）,充气泵/散热结构,22193.33,元/吨,铝价代理,derived_from,AL,2025-12-30,,22515.0,22565.0,0.01674692351260476,泵体、散热件和铝合金结构受铝价影响，日度预警先跟随铝价。
2025-12-31,pump_aluminum_proxy,泵体铝件（铝价代理）,充气泵/散热结构,22473.33,元/吨,铝价代理,derived_from,AL,2025-12-31,,22950.0,22925.0,0.02009804510501989,泵体、散热件和铝合金结构受铝价影响，日度预警先跟随铝价。
2026-01-05,pump_aluminum_proxy,泵体铝件（铝价代理）,充气泵/散热结构,23323.33,元/吨,铝价代理,derived_from,AL,2026-01-05,,23610.0,23700.0,0.0161499237030045,泵体、散热件和铝合金结构受铝价影响，日度预警先跟随铝价。
2026-01-06,pump_aluminum_proxy,泵体铝件（铝价代理）,充气泵/散热结构,23926.67,元/吨,铝价代理,derived_from,AL,2026-01-06,,24285.0,24395.0,0.019573555367295326,泵体、散热件和铝合金结构受铝价影响，日度预警先跟随铝价。
2026-01-07,pump_aluminum_proxy,泵体铝件（铝价代理）,充气泵/散热结构,24160.0,元/吨,铝价代理,derived_from,AL,2026-01-07,,24350.0,24410.0,0.010347682119205226,泵体、散热件和铝合金结构受铝价影响，日度预警先跟随铝价。
2026-01-08,pump_aluminum_proxy,泵体铝件（铝价代理）,充气泵/散热结构,24031.67,元/吨,铝价代理,derived_from,AL,2026-01-08,,23785.0,23765.0,-0.011096607102211276,泵体、散热件和铝合金结构受铝价影响，日度预警先跟随铝价。
2026-01-09,pump_aluminum_proxy,泵体铝件（铝价代理）,充气泵/散热结构,24043.33,元/吨,铝价代理,derived_from,AL,2026-01-09,,24455.0,24385.0,0.014210593956827111,泵体、散热件和铝合金结构受铝价影响，日度预警先跟随铝价。
2026-01-12,pump_aluminum_proxy,泵体铝件（铝价代理）,充气泵/散热结构,24371.67,元/吨,铝价代理,derived_from,AL,2026-01-12,,24565.0,24650.0,0.011420226845349601,泵体、散热件和铝合金结构受铝价影响，日度预警先跟随铝价。
2026-01-13,pump_aluminum_proxy,泵体铝件（铝价代理）,充气泵/散热结构,24306.67,元/吨,铝价代理,derived_from,AL,2026-01-13,,24295.0,24375.0,0.002811162532753375,泵体、散热件和铝合金结构受铝价影响，日度预警先跟随铝价。
2026-01-14,pump_aluminum_proxy,泵体铝件（铝价代理）,充气泵/散热结构,24673.33,元/吨,铝价代理,derived_from,AL,2026-01-14,,24485.0,24595.0,-0.0031746829471336335,泵体、散热件和铝合金结构受铝价影响，日度预警先跟随铝价。
2026-01-15,pump_aluminum_proxy,泵体铝件（铝价代理）,充气泵/散热结构,24203.33,元/吨,铝价代理,derived_from,AL,2026-01-15,,24155.0,24375.0,0.007092825656634716,泵体、散热件和铝合金结构受铝价影响，日度预警先跟随铝价。
2026-01-16,pump_aluminum_proxy,泵体铝件（铝价代理）,充气泵/散热结构,24045.0,元/吨,铝价代理,derived_from,AL,2026-01-16,,23850.0,23925.0,-0.004990642545227741,泵体、散热件和铝合金结构受铝价影响，日度预警先跟随铝价。
2026-01-19,pump_aluminum_proxy,泵体铝件（铝价代理）,充气泵/散热结构,23890.0,元/吨,铝价代理,derived_from,AL,2026-01-19,,24025.0,24090.0,0.008371703641691042,泵体、散热件和铝合金结构受铝价影响，日度预警先跟随铝价。
2026-01-20,pump_aluminum_proxy,泵体铝件（铝价代理）,充气泵/散热结构,23700.0,元/吨,铝价代理,derived_from,AL,2026-01-20,,23880.0,23950.0,0.010548523206751037,泵体、散热件和铝合金结构受铝价影响，日度预警先跟随铝价。
2026-01-21,pump_aluminum_proxy,泵体铝件（铝价代理）,充气泵/散热结构,23721.67,元/吨,铝价代理,derived_from,AL,2026-01-21,,24085.0,24155.0,0.01826726364543485,泵体、散热件和铝合金结构受铝价影响，日度预警先跟随铝价。
2026-01-22,pump_aluminum_proxy,泵体铝件（铝价代理）,充气泵/散热结构,23753.33,元/吨,铝价代理,derived_from,AL,2026-01-22,,23990.0,24055.0,0.0127001140471672,泵体、散热件和铝合金结构受铝价影响，日度预警先跟随铝价。
2026-01-23,pump_aluminum_proxy,泵体铝件（铝价代理）,充气泵/散热结构,24120.0,元/吨,铝价代理,derived_from,AL,2026-01-23,,24230.0,24290.0,0.0070480928689884426,泵体、散热件和铝合金结构受铝价影响，日度预警先跟随铝价。
2026-01-26,pump_aluminum_proxy,泵体铝件（铝价代理）,充气泵/散热结构,24040.0,元/吨,铝价代理,derived_from,AL,2026-01-26,,24130.0,24215.0,0.007279534109817076,泵体、散热件和铝合金结构受铝价影响，日度预警先跟随铝价。
2026-01-27,pump_aluminum_proxy,泵体铝件（铝价代理）,充气泵/散热结构,23880.0,元/吨,铝价代理,derived_from,AL,2026-01-27,,24230.0,24305.0,0.01779731993299838,泵体、散热件和铝合金结构受铝价影响，日度预警先跟随铝价。
2026-01-28,pump_aluminum_proxy,泵体铝件（铝价代理）,充气泵/散热结构,24265.0,元/吨,铝价代理,derived_from,AL,2026-01-28,,25550.0,25640.0,0.05666597980630539,泵体、散热件和铝合金结构受铝价影响，日度预警先跟随铝价。
2026-01-29,pump_aluminum_proxy,泵体铝件（铝价代理）,充气泵/散热结构,24870.0,元/吨,铝价代理,derived_from,AL,2026-01-29,,25455.0,25590.0,0.02895054282267795,泵体、散热件和铝合金结构受铝价影响，日度预警先跟随铝价。
2026-01-30,pump_aluminum_proxy,泵体铝件（铝价代理）,充气泵/散热结构,24666.67,元/吨,铝价代理,derived_from,AL,2026-01-30,,24670.0,24560.0,-0.004324458875073045,泵体、散热件和铝合金结构受铝价影响，日度预警先跟随铝价。
2026-02-02,pump_aluminum_proxy,泵体铝件（铝价代理）,充气泵/散热结构,22970.0,元/吨,铝价代理,derived_from,AL,2026-02-02,,23275.0,23035.0,0.0028297779712669335,泵体、散热件和铝合金结构受铝价影响，日度预警先跟随铝价。
2026-02-03,pump_aluminum_proxy,泵体铝件（铝价代理）,充气泵/散热结构,23306.67,元/吨,铝价代理,derived_from,AL,2026-02-03,,23725.0,23810.0,0.0215959637305545,泵体、散热件和铝合金结构受铝价影响，日度预警先跟随铝价。
2026-02-04,pump_aluminum_proxy,泵体铝件（铝价代理）,充气泵/散热结构,23780.0,元/吨,铝价代理,derived_from,AL,2026-02-04,,23885.0,23955.0,0.0073591253153910685,泵体、散热件和铝合金结构受铝价影响，日度预警先跟随铝价。
2026-02-05,pump_aluminum_proxy,泵体铝件（铝价代理）,充气泵/散热结构,23780.0,元/吨,铝价代理,derived_from,AL,2026-02-05,,23340.0,23385.0,-0.01661059714045421,泵体、散热件和铝合金结构受铝价影响，日度预警先跟随铝价。
2026-02-06,pump_aluminum_proxy,泵体铝件（铝价代理）,充气泵/散热结构,23158.33,元/吨,铝价代理,derived_from,AL,2026-02-06,,23285.0,23315.0,0.006765168300132185,泵体、散热件和铝合金结构受铝价影响，日度预警先跟随铝价。
2026-02-09,pump_aluminum_proxy,泵体铝件（铝价代理）,充气泵/散热结构,23406.67,元/吨,铝价代理,derived_from,AL,2026-02-09,,23455.0,23620.0,0.00911406876757792,泵体、散热件和铝合金结构受铝价影响，日度预警先跟随铝价。
2026-02-10,pump_aluminum_proxy,泵体铝件（铝价代理）,充气泵/散热结构,23303.33,元/吨,铝价代理,derived_from,AL,2026-02-10,,23435.0,23600.0,0.012730798559690726,泵体、散热件和铝合金结构受铝价影响，日度预警先跟随铝价。
2026-02-11,pump_aluminum_proxy,泵体铝件（铝价代理）,充气泵/散热结构,22676.67,元/吨,铝价代理,derived_from,AL,2026-02-11,,23585.0,23730.0,0.04644994172424788,泵体、散热件和铝合金结构受铝价影响，日度预警先跟随铝价。
2026-02-12,pump_aluminum_proxy,泵体铝件（铝价代理）,充气泵/散热结构,23368.33,元/吨,铝价代理,derived_from,AL,2026-02-12,,23530.0,23690.0,0.013765211292377177,泵体、散热件和铝合金结构受铝价影响，日度预警先跟随铝价。
2026-02-13,pump_aluminum_proxy,泵体铝件（铝价代理）,充气泵/散热结构,23223.33,元/吨,铝价代理,derived_from,AL,2026-02-13,,23155.0,23265.0,0.001794316318977529,泵体、散热件和铝合金结构受铝价影响，日度预警先跟随铝价。
2026-02-24,pump_aluminum_proxy,泵体铝件（铝价代理）,充气泵/散热结构,23391.67,元/吨,铝价代理,derived_from,AL,2026-02-24,,23450.0,23635.0,0.010402421032786435,泵体、散热件和铝合金结构受铝价影响，日度预警先跟随铝价。
2026-02-25,pump_aluminum_proxy,泵体铝件（铝价代理）,充气泵/散热结构,23396.67,元/吨,铝价代理,derived_from,AL,2026-02-25,,23740.0,23835.0,0.018734717376447163,泵体、散热件和铝合金结构受铝价影响，日度预警先跟随铝价。
2026-02-26,pump_aluminum_proxy,泵体铝件（铝价代理）,充气泵/散热结构,23443.33,元/吨,铝价代理,derived_from,AL,2026-02-26,,23700.0,23845.0,0.01713365805966971,泵体、散热件和铝合金结构受铝价影响，日度预警先跟随铝价。
2026-02-27,pump_aluminum_proxy,泵体铝件（铝价代理）,充气泵/散热结构,23406.67,元/吨,铝价代理,derived_from,AL,2026-02-27,,23745.0,23835.0,0.018299484719526582,泵体、散热件和铝合金结构受铝价影响，日度预警先跟随铝价。
2026-03-02,pump_aluminum_proxy,泵体铝件（铝价代理）,充气泵/散热结构,23636.67,元/吨,铝价代理,derived_from,AL,2026-03-02,,24370.0,24465.0,0.03504427654149267,泵体、散热件和铝合金结构受铝价影响，日度预警先跟随铝价。
2026-03-03,pump_aluminum_proxy,泵体铝件（铝价代理）,充气泵/散热结构,23966.67,元/吨,铝价代理,derived_from,AL,2026-03-03,,23815.0,23905.0,-0.002573156804846044,泵体、散热件和铝合金结构受铝价影响，日度预警先跟随铝价。
2026-03-04,pump_aluminum_proxy,泵体铝件（铝价代理）,充气泵/散热结构,23966.67,元/吨,铝价代理,derived_from,AL,2026-03-04,,24680.0,24795.0,0.034561747627017025,泵体、散热件和铝合金结构受铝价影响，日度预警先跟随铝价。
2026-03-05,pump_aluminum_proxy,泵体铝件（铝价代理）,充气泵/散热结构,24406.67,元/吨,铝价代理,derived_from,AL,2026-03-05,,24695.0,24890.0,0.019803193143513642,泵体、散热件和铝合金结构受铝价影响，日度预警先跟随铝价。
2026-03-06,pump_aluminum_proxy,泵体铝件（铝价代理）,充气泵/散热结构,24466.67,元/吨,铝价代理,derived_from,AL,2026-03-06,,24645.0,24785.0,0.013010761170196172,泵体、散热件和铝合金结构受铝价影响，日度预警先跟随铝价。
2026-03-09,pump_aluminum_proxy,泵体铝件（铝价代理）,充气泵/散热结构,25223.33,元/吨,铝价代理,derived_from,AL,2026-03-09,,25000.0,25010.0,-0.008457646155364928,泵体、散热件和铝合金结构受铝价影响，日度预警先跟随铝价。
2026-03-10,pump_aluminum_proxy,泵体铝件（铝价代理）,充气泵/散热结构,24483.33,元/吨,铝价代理,derived_from,AL,2026-03-10,,24835.0,24965.0,0.019673385932387433,泵体、散热件和铝合金结构受铝价影响，日度预警先跟随铝价。
2026-03-11,pump_aluminum_proxy,泵体铝件（铝价代理）,充气泵/散热结构,25020.0,元/吨,铝价代理,derived_from,AL,2026-03-11,,25165.0,25290.0,0.010791366906474753,泵体、散热件和铝合金结构受铝价影响，日度预警先跟随铝价。
2026-03-12,pump_aluminum_proxy,泵体铝件（铝价代理）,充气泵/散热结构,25273.33,元/吨,铝价代理,derived_from,AL,2026-03-12,,25195.0,25325.0,0.002044447645007441,泵体、散热件和铝合金结构受铝价影响，日度预警先跟随铝价。
2026-03-13,pump_aluminum_proxy,泵体铝件（铝价代理）,充气泵/散热结构,25130.0,元/吨,铝价代理,derived_from,AL,2026-03-13,,25000.0,25070.0,-0.0023875845602865375,泵体、散热件和铝合金结构受铝价影响，日度预警先跟随铝价。
2026-03-16,pump_aluminum_proxy,泵体铝件（铝价代理）,充气泵/散热结构,25130.0,元/吨,铝价代理,derived_from,AL,2026-03-16,,24940.0,25170.0,0.001591723040190951,泵体、散热件和铝合金结构受铝价影响，日度预警先跟随铝价。
2026-03-17,pump_aluminum_proxy,泵体铝件（铝价代理）,充气泵/散热结构,24900.0,元/吨,铝价代理,derived_from,AL,2026-03-17,,24905.0,24990.0,0.0036144578313253017,泵体、散热件和铝合金结构受铝价影响，日度预警先跟随铝价。
2026-03-18,pump_aluminum_proxy,泵体铝件（铝价代理）,充气泵/散热结构,24526.67,元/吨,铝价代理,derived_from,AL,2026-03-18,,24700.0,24800.0,0.011144195278038227,泵体、散热件和铝合金结构受铝价影响，日度预警先跟随铝价。
2026-03-19,pump_aluminum_proxy,泵体铝件（铝价代理）,充气泵/散热结构,24506.67,元/吨,铝价代理,derived_from,AL,2026-03-19,,24130.0,24180.0,-0.0133298404067137,泵体、散热件和铝合金结构受铝价影响，日度预警先跟随铝价。
2026-03-20,pump_aluminum_proxy,泵体铝件（铝价代理）,充气泵/散热结构,24090.0,元/吨,铝价代理,derived_from,AL,2026-03-20,,23960.0,24020.0,-0.002905770029057675,泵体、散热件和铝合金结构受铝价影响，日度预警先跟随铝价。
2026-03-23,pump_aluminum_proxy,泵体铝件（铝价代理）,充气泵/散热结构,23456.67,元/吨,铝价代理,derived_from,AL,2026-03-23,,23500.0,23555.0,0.004191984625268708,泵体、散热件和铝合金结构受铝价影响，日度预警先跟随铝价。
2026-03-24,pump_aluminum_proxy,泵体铝件（铝价代理）,充气泵/散热结构,23486.67,元/吨,铝价代理,derived_from,AL,2026-03-24,,23580.0,23625.0,0.005889723830581506,泵体、散热件和铝合金结构受铝价影响，日度预警先跟随铝价。
2026-03-25,pump_aluminum_proxy,泵体铝件（铝价代理）,充气泵/散热结构,23775.0,元/吨,铝价代理,derived_from,AL,2026-03-25,,23795.0,23860.0,0.0035751840168243287,泵体、散热件和铝合金结构受铝价影响，日度预警先跟随铝价。
2026-03-26,pump_aluminum_proxy,泵体铝件（铝价代理）,充气泵/散热结构,23533.33,元/吨,铝价代理,derived_from,AL,2026-03-26,,23675.0,23725.0,0.008144618717367935,泵体、散热件和铝合金结构受铝价影响，日度预警先跟随铝价。
2026-03-27,pump_aluminum_proxy,泵体铝件（铝价代理）,充气泵/散热结构,23533.33,元/吨,铝价代理,derived_from,AL,2026-03-27,,23870.0,23935.0,0.017068132729197272,泵体、散热件和铝合金结构受铝价影响，日度预警先跟随铝价。
2026-03-30,pump_aluminum_proxy,泵体铝件（铝价代理）,充气泵/散热结构,24543.33,元/吨,铝价代理,derived_from,AL,2026-03-30,,24640.0,24725.0,0.0074020110555494956,泵体、散热件和铝合金结构受铝价影响，日度预警先跟随铝价。
2026-03-31,pump_aluminum_proxy,泵体铝件（铝价代理）,充气泵/散热结构,24621.67,元/吨,铝价代理,derived_from,AL,2026-03-31,,24800.0,24875.0,0.010288904042658364,泵体、散热件和铝合金结构受铝价影响，日度预警先跟随铝价。
2026-04-01,pump_aluminum_proxy,泵体铝件（铝价代理）,充气泵/散热结构,24616.67,元/吨,铝价代理,derived_from,AL,2026-04-01,,24605.0,24660.0,0.001760189335113127,泵体、散热件和铝合金结构受铝价影响，日度预警先跟随铝价。
2026-04-02,pump_aluminum_proxy,泵体铝件（铝价代理）,充气泵/散热结构,24646.67,元/吨,铝价代理,derived_from,AL,2026-04-02,,24640.0,24720.0,0.002975249800480251,泵体、散热件和铝合金结构受铝价影响，日度预警先跟随铝价。
2026-04-03,pump_aluminum_proxy,泵体铝件（铝价代理）,充气泵/散热结构,24523.33,元/吨,铝价代理,derived_from,AL,2026-04-03,,24605.0,24660.0,0.005573060428579524,泵体、散热件和铝合金结构受铝价影响，日度预警先跟随铝价。
2026-04-07,pump_aluminum_proxy,泵体铝件（铝价代理）,充气泵/散热结构,24523.33,元/吨,铝价代理,derived_from,AL,2026-04-07,,24570.0,24630.0,0.00434973553754725,泵体、散热件和铝合金结构受铝价影响，日度预警先跟随铝价。
2026-04-08,pump_aluminum_proxy,泵体铝件（铝价代理）,充气泵/散热结构,24576.67,元/吨,铝价代理,derived_from,AL,2026-04-08,,24735.0,24780.0,0.008273293330626208,泵体、散热件和铝合金结构受铝价影响，日度预警先跟随铝价。
2026-04-09,pump_aluminum_proxy,泵体铝件（铝价代理）,充气泵/散热结构,24416.67,元/吨,铝价代理,derived_from,AL,2026-04-09,,24475.0,24600.0,0.007508394879400138,泵体、散热件和铝合金结构受铝价影响，日度预警先跟随铝价。
2026-04-10,pump_aluminum_proxy,泵体铝件（铝价代理）,充气泵/散热结构,24553.33,元/吨,铝价代理,derived_from,AL,2026-04-10,,24575.0,24670.0,0.004751697631237839,泵体、散热件和铝合金结构受铝价影响，日度预警先跟随铝价。
2026-04-13,pump_aluminum_proxy,泵体铝件（铝价代理）,充气泵/散热结构,24458.33,元/吨,铝价代理,derived_from,AL,2026-04-13,,24690.0,24835.0,0.015400479100576403,泵体、散热件和铝合金结构受铝价影响，日度预警先跟随铝价。
2026-04-14,pump_aluminum_proxy,泵体铝件（铝价代理）,充气泵/散热结构,24458.33,元/吨,铝价代理,derived_from,AL,2026-04-14,,24870.0,24960.0,0.020511212335429185,泵体、散热件和铝合金结构受铝价影响，日度预警先跟随铝价。
2026-04-15,pump_aluminum_proxy,泵体铝件（铝价代理）,充气泵/散热结构,24763.33,元/吨,铝价代理,derived_from,AL,2026-04-15,,24790.0,24935.0,0.00693242790852433,泵体、散热件和铝合金结构受铝价影响，日度预警先跟随铝价。
2026-04-16,pump_aluminum_proxy,泵体铝件（铝价代理）,充气泵/散热结构,24763.33,元/吨,铝价代理,derived_from,AL,2026-04-16,,25545.0,25635.0,0.03520003165971608,泵体、散热件和铝合金结构受铝价影响，日度预警先跟随铝价。
2026-04-17,pump_aluminum_proxy,泵体铝件（铝价代理）,充气泵/散热结构,25173.33,元/吨,铝价代理,derived_from,AL,2026-04-17,,25440.0,25520.0,0.01377132067946496,泵体、散热件和铝合金结构受铝价影响，日度预警先跟随铝价。
2026-04-20,pump_aluminum_proxy,泵体铝件（铝价代理）,充气泵/散热结构,24921.67,元/吨,铝价代理,derived_from,AL,2026-04-20,,25040.0,25125.0,0.008158763036345551,泵体、散热件和铝合金结构受铝价影响，日度预警先跟随铝价。
2026-04-21,pump_aluminum_proxy,泵体铝件（铝价代理）,充气泵/散热结构,24686.67,元/吨,铝价代理,derived_from,AL,2026-04-21,,24825.0,24900.0,0.008641505719483522,泵体、散热件和铝合金结构受铝价影响，日度预警先跟随铝价。
2026-04-22,pump_aluminum_proxy,泵体铝件（铝价代理）,充气泵/散热结构,24783.33,元/吨,铝价代理,derived_from,AL,2026-04-22,,24980.0,25060.0,0.01116355227485566,泵体、散热件和铝合金结构受铝价影响，日度预警先跟随铝价。
2026-04-23,pump_aluminum_proxy,泵体铝件（铝价代理）,充气泵/散热结构,24790.0,元/吨,铝价代理,derived_from,AL,2026-04-23,,24905.0,24970.0,0.007260992335619276,泵体、散热件和铝合金结构受铝价影响，日度预警先跟随铝价。
2026-04-24,pump_aluminum_proxy,泵体铝件（铝价代理）,充气泵/散热结构,24766.67,元/吨,铝价代理,derived_from,AL,2026-04-24,,24805.0,24865.0,0.003970255185699267,泵体、散热件和铝合金结构受铝价影响，日度预警先跟随铝价。
2026-04-27,pump_aluminum_proxy,泵体铝件（铝价代理）,充气泵/散热结构,24823.33,元/吨,铝价代理,derived_from,AL,2026-04-27,,24775.0,24855.0,0.0012758159360568566,泵体、散热件和铝合金结构受铝价影响，日度预警先跟随铝价。
2026-04-28,pump_aluminum_proxy,泵体铝件（铝价代理）,充气泵/散热结构,24486.67,元/吨,铝价代理,derived_from,AL,2026-04-28,,24540.0,24610.0,0.00503661788230092,泵体、散热件和铝合金结构受铝价影响，日度预警先跟随铝价。
2026-04-29,pump_aluminum_proxy,泵体铝件（铝价代理）,充气泵/散热结构,24493.33,元/吨,铝价代理,derived_from,AL,2026-04-29,,24555.0,24615.0,0.00496747481865456,泵体、散热件和铝合金结构受铝价影响，日度预警先跟随铝价。
2026-04-30,pump_aluminum_proxy,泵体铝件（铝价代理）,充气泵/散热结构,24403.33,元/吨,铝价代理,derived_from,AL,2026-04-30,,24410.0,24430.0,0.0010928836351431492,泵体、散热件和铝合金结构受铝价影响，日度预警先跟随铝价。
2026-05-06,pump_aluminum_proxy,泵体铝件（铝价代理）,充气泵/散热结构,24403.33,元/吨,铝价代理,derived_from,AL,2026-05-06,,24660.0,24730.0,0.013386287854977086,泵体、散热件和铝合金结构受铝价影响，日度预警先跟随铝价。
2026-05-07,pump_aluminum_proxy,泵体铝件（铝价代理）,充气泵/散热结构,24063.33,元/吨,铝价代理,derived_from,AL,2026-05-07,,24310.0,24380.0,0.013159857758672455,泵体、散热件和铝合金结构受铝价影响，日度预警先跟随铝价。
2026-05-08,pump_aluminum_proxy,泵体铝件（铝价代理）,充气泵/散热结构,24231.67,元/吨,铝价代理,derived_from,AL,2026-05-08,,24370.0,24445.0,0.008803767961514941,泵体、散热件和铝合金结构受铝价影响，日度预警先跟随铝价。
2026-05-11,pump_aluminum_proxy,泵体铝件（铝价代理）,充气泵/散热结构,24403.33,元/吨,铝价代理,derived_from,AL,2026-05-11,,24475.0,24525.0,0.004985794971423818,泵体、散热件和铝合金结构受铝价影响，日度预警先跟随铝价。
2026-05-12,pump_aluminum_proxy,泵体铝件（铝价代理）,充气泵/散热结构,24393.33,元/吨,铝价代理,derived_from,AL,2026-05-12,,24505.0,24560.0,0.006832605470429742,泵体、散热件和铝合金结构受铝价影响，日度预警先跟随铝价。
2026-05-13,pump_aluminum_proxy,泵体铝件（铝价代理）,充气泵/散热结构,24576.67,元/吨,铝价代理,derived_from,AL,2026-05-13,,24825.0,24885.0,0.012545637793891506,泵体、散热件和铝合金结构受铝价影响，日度预警先跟随铝价。
2026-05-14,pump_aluminum_proxy,泵体铝件（铝价代理）,充气泵/散热结构,24620.0,元/吨,铝价代理,derived_from,AL,2026-05-14,,24645.0,24670.0,0.002030869212022779,泵体、散热件和铝合金结构受铝价影响，日度预警先跟随铝价。
2026-05-15,pump_aluminum_proxy,泵体铝件（铝价代理）,充气泵/散热结构,24380.0,元/吨,铝价代理,derived_from,AL,2026-05-15,,24290.0,24360.0,-0.0008203445447088065,泵体、散热件和铝合金结构受铝价影响，日度预警先跟随铝价。
2026-05-18,pump_aluminum_proxy,泵体铝件（铝价代理）,充气泵/散热结构,24063.33,元/吨,铝价代理,derived_from,AL,2026-05-18,,24295.0,24295.0,0.009627512069193989,泵体、散热件和铝合金结构受铝价影响，日度预警先跟随铝价。
2026-05-19,pump_aluminum_proxy,泵体铝件（铝价代理）,充气泵/散热结构,24210.0,元/吨,铝价代理,derived_from,AL,2026-05-19,,24480.0,24530.0,0.013217678645187858,泵体、散热件和铝合金结构受铝价影响，日度预警先跟随铝价。
2026-05-20,pump_aluminum_proxy,泵体铝件（铝价代理）,充气泵/散热结构,24210.0,元/吨,铝价代理,derived_from,AL,2026-05-20,,24470.0,24525.0,0.013011152416356975,泵体、散热件和铝合金结构受铝价影响，日度预警先跟随铝价。
2026-05-21,pump_aluminum_proxy,泵体铝件（铝价代理）,充气泵/散热结构,24406.67,元/吨,铝价代理,derived_from,AL,2026-05-21,,24305.0,24360.0,-0.0019121822026518798,泵体、散热件和铝合金结构受铝价影响，日度预警先跟随铝价。
2026-05-22,pump_aluminum_proxy,泵体铝件（铝价代理）,充气泵/散热结构,24363.33,元/吨,铝价代理,derived_from,AL,2026-05-22,,24440.0,24505.0,0.00581488655286444,泵体、散热件和铝合金结构受铝价影响，日度预警先跟随铝价。
2026-05-25,pump_aluminum_proxy,泵体铝件（铝价代理）,充气泵/散热结构,24323.33,元/吨,铝价代理,derived_from,AL,2026-05-25,,24400.0,24465.0,0.0058244492016512606,泵体、散热件和铝合金结构受铝价影响，日度预警先跟随铝价。
2026-05-26,pump_aluminum_proxy,泵体铝件（铝价代理）,充气泵/散热结构,24093.33,元/吨,铝价代理,derived_from,AL,2026-05-26,,24500.0,24570.0,0.01978431374990497,泵体、散热件和铝合金结构受铝价影响，日度预警先跟随铝价。
2026-05-27,pump_aluminum_proxy,泵体铝件（铝价代理）,充气泵/散热结构,24401.67,元/吨,铝价代理,derived_from,AL,2026-05-27,,24410.0,24485.0,0.0034149302076456056,泵体、散热件和铝合金结构受铝价影响，日度预警先跟随铝价。
2026-05-28,pump_aluminum_proxy,泵体铝件（铝价代理）,充气泵/散热结构,24151.67,元/吨,铝价代理,derived_from,AL,2026-05-28,,24215.0,24285.0,0.005520529222202919,泵体、散热件和铝合金结构受铝价影响，日度预警先跟随铝价。
2026-05-29,pump_aluminum_proxy,泵体铝件（铝价代理）,充气泵/散热结构,24223.33,元/吨,铝价代理,derived_from,AL,2026-05-29,,24195.0,24270.0,0.0019266550057319698,泵体、散热件和铝合金结构受铝价影响，日度预警先跟随铝价。
2026-06-01,pump_aluminum_proxy,泵体铝件（铝价代理）,充气泵/散热结构,24201.67,元/吨,铝价代理,derived_from,AL,2026-06-01,,24290.0,24360.0,0.006542110523777955,泵体、散热件和铝合金结构受铝价影响，日度预警先跟随铝价。
2026-06-02,pump_aluminum_proxy,泵体铝件（铝价代理）,充气泵/散热结构,24338.33,元/吨,铝价代理,derived_from,AL,2026-06-02,,24740.0,24825.0,0.01999603095200042,泵体、散热件和铝合金结构受铝价影响，日度预警先跟随铝价。
2026-06-03,pump_aluminum_proxy,泵体铝件（铝价代理）,充气泵/散热结构,24470.0,元/吨,铝价代理,derived_from,AL,2026-06-03,,24425.0,24520.0,0.002043318348998735,泵体、散热件和铝合金结构受铝价影响，日度预警先跟随铝价。
2026-06-04,pump_aluminum_proxy,泵体铝件（铝价代理）,充气泵/散热结构,24223.33,元/吨,铝价代理,derived_from,AL,2026-06-04,,24260.0,24315.0,0.003784368210316247,泵体、散热件和铝合金结构受铝价影响，日度预警先跟随铝价。
2026-06-05,pump_aluminum_proxy,泵体铝件（铝价代理）,充气泵/散热结构,24220.0,元/吨,铝价代理,derived_from,AL,2026-06-05,,24230.0,24300.0,0.003303055326176807,泵体、散热件和铝合金结构受铝价影响，日度预警先跟随铝价。
2026-06-08,pump_aluminum_proxy,泵体铝件（铝价代理）,充气泵/散热结构,24013.33,元/吨,铝价代理,derived_from,AL,2026-06-08,,24040.0,24105.0,0.0038174630507306073,泵体、散热件和铝合金结构受铝价影响，日度预警先跟随铝价。
2026-06-09,pump_aluminum_proxy,泵体铝件（铝价代理）,充气泵/散热结构,23913.33,元/吨,铝价代理,derived_from,AL,2026-06-09,,24015.0,24110.0,0.008224283276314859,泵体、散热件和铝合金结构受铝价影响，日度预警先跟随铝价。
2026-06-10,pump_aluminum_proxy,泵体铝件（铝价代理）,充气泵/散热结构,23793.33,元/吨,铝价代理,derived_from,AL,2026-06-10,,23840.0,23905.0,0.004693332122909899,泵体、散热件和铝合金结构受铝价影响，日度预警先跟随铝价。
2026-06-11,pump_aluminum_proxy,泵体铝件（铝价代理）,充气泵/散热结构,23986.67,元/吨,铝价代理,derived_from,AL,2026-06-11,,23970.0,24055.0,0.0028486655296462438,泵体、散热件和铝合金结构受铝价影响，日度预警先跟随铝价。
2026-06-12,pump_aluminum_proxy,泵体铝件（铝价代理）,充气泵/散热结构,24153.33,元/吨,铝价代理,derived_from,AL,2026-06-12,,24150.0,24165.0,0.0004831631911623724,泵体、散热件和铝合金结构受铝价影响，日度预警先跟随铝价。
2025-12-15,pvc,PVC,线束/软管材料,4287.0,元/吨,AKShare/生意社现货与期货,akshare_basis,V,2025-12-15,,4315.0,4583.0,0.06904595288080251,
2025-12-16,pvc,PVC,线束/软管材料,4314.0,元/吨,AKShare/生意社现货与期货,akshare_basis,V,2025-12-16,,4399.0,4669.0,0.08229021789522495,
2025-12-17,pvc,PVC,线束/软管材料,4322.0,元/吨,AKShare/生意社现货与期货,akshare_basis,V,2025-12-17,,4423.0,4680.0,0.08283202221193897,
2025-12-18,pvc,PVC,线束/软管材料,4332.0,元/吨,AKShare/生意社现货与期货,akshare_basis,V,2025-12-18,,4431.0,4708.0,0.08679593721144974,
2025-12-19,pvc,PVC,线束/软管材料,4324.0,元/吨,AKShare/生意社现货与期货,akshare_basis,V,2025-12-19,,4375.0,4652.0,0.07585568917668817,
2025-12-22,pvc,PVC,线束/软管材料,4268.0,元/吨,AKShare/生意社现货与期货,akshare_basis,V,2025-12-22,,4314.0,4591.0,0.0756794751640113,
2025-12-23,pvc,PVC,线束/软管材料,4346.0,元/吨,AKShare/生意社现货与期货,akshare_basis,V,2025-12-23,,4450.0,4738.0,0.09019788311090648,
2025-12-24,pvc,PVC,线束/软管材料,4374.0,元/吨,AKShare/生意社现货与期货,akshare_basis,V,2025-12-24,,4494.0,4781.0,0.09304983996342031,
2025-12-25,pvc,PVC,线束/软管材料,4383.0,元/吨,AKShare/生意社现货与期货,akshare_basis,V,2025-12-25,,4469.0,4757.0,0.08532968286561715,
2025-12-26,pvc,PVC,线束/软管材料,4375.0,元/吨,AKShare/生意社现货与期货,akshare_basis,V,2025-12-26,,4532.0,4832.0,0.1044571428571428,
2025-12-29,pvc,PVC,线束/软管材料,4405.0,元/吨,AKShare/生意社现货与期货,akshare_basis,V,2025-12-29,,4486.0,4777.0,0.08444948921679907,
2025-12-30,pvc,PVC,线束/软管材料,4430.0,元/吨,AKShare/生意社现货与期货,akshare_basis,V,2025-12-30,,4511.0,4810.0,0.08577878103837477,
2025-12-31,pvc,PVC,线束/软管材料,4409.0,元/吨,AKShare/生意社现货与期货,akshare_basis,V,2025-12-31,,4492.0,4805.0,0.08981628487185311,
2026-01-05,pvc,PVC,线束/软管材料,4415.0,元/吨,AKShare/生意社现货与期货,akshare_basis,V,2026-01-05,,4469.0,4764.0,0.07904869762174416,
2026-01-06,pvc,PVC,线束/软管材料,4498.0,元/吨,AKShare/生意社现货与期货,akshare_basis,V,2026-01-06,,4618.0,4919.0,0.09359715429079585,
2026-01-07,pvc,PVC,线束/软管材料,4603.0,元/吨,AKShare/生意社现货与期货,akshare_basis,V,2026-01-07,,4660.0,4972.0,0.08016510971105806,
2026-01-08,pvc,PVC,线束/软管材料,4567.0,元/吨,AKShare/生意社现货与期货,akshare_basis,V,2026-01-08,,4590.0,4905.0,0.07400919640902126,
2026-01-09,pvc,PVC,线束/软管材料,4513.0,元/吨,AKShare/生意社现货与期货,akshare_basis,V,2026-01-09,,4574.0,4897.0,0.08508752492798588,
2026-01-12,pvc,PVC,线束/软管材料,4524.0,元/吨,AKShare/生意社现货与期货,akshare_basis,V,2026-01-12,,4670.0,4940.0,0.09195402298850586,
2026-01-13,pvc,PVC,线束/软管材料,4543.0,元/吨,AKShare/生意社现货与期货,akshare_basis,V,2026-01-13,,4580.0,4888.0,0.07594100814439808,
2026-01-14,pvc,PVC,线束/软管材料,4522.0,元/吨,AKShare/生意社现货与期货,akshare_basis,V,2026-01-14,,4576.0,4878.0,0.07872622733303847,
2026-01-15,pvc,PVC,线束/软管材料,4544.0,元/吨,AKShare/生意社现货与期货,akshare_basis,V,2026-01-15,,4575.0,4868.0,0.0713028169014085,
2026-01-16,pvc,PVC,线束/软管材料,4496.0,元/吨,AKShare/生意社现货与期货,akshare_basis,V,2026-01-16,,4510.0,4803.0,0.06828291814946619,
2026-01-19,pvc,PVC,线束/软管材料,4461.0,元/吨,AKShare/生意社现货与期货,akshare_basis,V,2026-01-19,,4556.0,4801.0,0.07621609504595384,
2026-01-20,pvc,PVC,线束/软管材料,4461.0,元/吨,AKShare/生意社现货与期货,akshare_basis,V,2026-01-20,,4550.0,4807.0,0.07756108495852954,
2026-01-21,pvc,PVC,线束/软管材料,4429.0,元/吨,AKShare/生意社现货与期货,akshare_basis,V,2026-01-21,,4504.0,4743.0,0.07089636486791595,
2026-01-22,pvc,PVC,线束/软管材料,4478.0,元/吨,AKShare/生意社现货与期货,akshare_basis,V,2026-01-22,,4598.0,4849.0,0.08284948637784728,
2026-01-23,pvc,PVC,线束/软管材料,4560.0,元/吨,AKShare/生意社现货与期货,akshare_basis,V,2026-01-23,,4658.0,4921.0,0.07916666666666661,
2026-01-26,pvc,PVC,线束/软管材料,4637.0,元/吨,AKShare/生意社现货与期货,akshare_basis,V,2026-01-26,,4697.0,4959.0,0.06944144921285322,
2026-01-27,pvc,PVC,线束/软管材料,4624.0,元/吨,AKShare/生意社现货与期货,akshare_basis,V,2026-01-27,,4653.0,4911.0,0.06206747404844282,
2026-01-28,pvc,PVC,线束/软管材料,4615.0,元/吨,AKShare/生意社现货与期货,akshare_basis,V,2026-01-28,,4648.0,4913.0,0.06457204767063929,
2026-01-29,pvc,PVC,线束/软管材料,4592.0,元/吨,AKShare/生意社现货与期货,akshare_basis,V,2026-01-29,,4630.0,4895.0,0.06598432055749126,
2026-01-30,pvc,PVC,线束/软管材料,4640.0,元/吨,AKShare/生意社现货与期货,akshare_basis,V,2026-01-30,,4790.0,5063.0,0.09116379310344835,
2026-02-02,pvc,PVC,线束/软管材料,4698.0,元/吨,AKShare/生意社现货与期货,akshare_basis,V,2026-02-02,,4735.0,5014.0,0.06726266496381439,
2026-02-03,pvc,PVC,线束/软管材料,4721.0,元/吨,AKShare/生意社现货与期货,akshare_basis,V,2026-02-03,,4780.0,5071.0,0.07413683541622529,
2026-02-04,pvc,PVC,线束/软管材料,4813.0,元/吨,AKShare/生意社现货与期货,akshare_basis,V,2026-02-04,,4874.0,5155.0,0.07105755246208179,
2026-02-05,pvc,PVC,线束/软管材料,4742.0,元/吨,AKShare/生意社现货与期货,akshare_basis,V,2026-02-05,,4750.0,5052.0,0.06537326022775192,
2026-02-06,pvc,PVC,线束/软管材料,4691.0,元/吨,AKShare/生意社现货与期货,akshare_basis,V,2026-02-06,,4710.0,4981.0,0.061820507354508614,
2026-02-09,pvc,PVC,线束/软管材料,4678.0,元/吨,AKShare/生意社现货与期货,akshare_basis,V,2026-02-09,,4709.0,4992.0,0.06712270200940562,
2026-02-10,pvc,PVC,线束/软管材料,4659.0,元/吨,AKShare/生意社现货与期货,akshare_basis,V,2026-02-10,,4674.0,4971.0,0.06696716033483585,
2026-02-11,pvc,PVC,线束/软管材料,4677.0,元/吨,AKShare/生意社现货与期货,akshare_basis,V,2026-02-11,,4648.0,4913.0,0.05045969638657266,
2026-02-12,pvc,PVC,线束/软管材料,4665.0,元/吨,AKShare/生意社现货与期货,akshare_basis,V,2026-02-12,,4660.0,4938.0,0.058520900321543445,
2026-02-13,pvc,PVC,线束/软管材料,4616.0,元/吨,AKShare/生意社现货与期货,akshare_basis,V,2026-02-13,,4610.0,4905.0,0.06260831889081464,
2026-02-24,pvc,PVC,线束/软管材料,4693.0,元/吨,AKShare/生意社现货与期货,akshare_basis,V,2026-02-24,,4695.0,4948.0,0.05433624547197957,
2026-02-25,pvc,PVC,线束/软管材料,4710.0,元/吨,AKShare/生意社现货与期货,akshare_basis,V,2026-02-25,,4700.0,4963.0,0.053715498938428974,
2026-02-26,pvc,PVC,线束/软管材料,4639.0,元/吨,AKShare/生意社现货与期货,akshare_basis,V,2026-02-26,,4586.0,4855.0,0.04656175899978443,
2026-02-27,pvc,PVC,线束/软管材料,4555.0,元/吨,AKShare/生意社现货与期货,akshare_basis,V,2026-02-27,,4538.0,4792.0,0.052030735455543375,
2026-03-02,pvc,PVC,线束/软管材料,4632.0,元/吨,AKShare/生意社现货与期货,akshare_basis,V,2026-03-02,,4606.0,4868.0,0.050949913644214195,
2026-03-03,pvc,PVC,线束/软管材料,4702.0,元/吨,AKShare/生意社现货与期货,akshare_basis,V,2026-03-03,,4670.0,4939.0,0.05040408336877933,
2026-03-04,pvc,PVC,线束/软管材料,4758.0,元/吨,AKShare/生意社现货与期货,akshare_basis,V,2026-03-04,,4730.0,4995.0,0.04981084489281207,
2026-03-05,pvc,PVC,线束/软管材料,4821.0,元/吨,AKShare/生意社现货与期货,akshare_basis,V,2026-03-05,,4800.0,5016.0,0.04044803982576228,
2026-03-06,pvc,PVC,线束/软管材料,4901.0,元/吨,AKShare/生意社现货与期货,akshare_basis,V,2026-03-06,,4966.0,5276.0,0.07651499693940012,
2026-03-09,pvc,PVC,线束/软管材料,5502.0,元/吨,AKShare/生意社现货与期货,akshare_basis,V,2026-03-09,,5195.0,5466.0,-0.0065430752453653485,
2026-03-10,pvc,PVC,线束/软管材料,5147.0,元/吨,AKShare/生意社现货与期货,akshare_basis,V,2026-03-10,,4940.0,5229.0,0.0159316106469789,
2026-03-11,pvc,PVC,线束/软管材料,5400.0,元/吨,AKShare/生意社现货与期货,akshare_basis,V,2026-03-11,,5232.0,5571.0,0.03166666666666673,
2026-03-12,pvc,PVC,线束/软管材料,5658.0,元/吨,AKShare/生意社现货与期货,akshare_basis,V,2026-03-12,,5400.0,5620.0,-0.0067161541180629225,
2026-03-13,pvc,PVC,线束/软管材料,5694.0,元/吨,AKShare/生意社现货与期货,akshare_basis,V,2026-03-13,,5410.0,5724.0,0.005268703898840821,
2026-03-16,pvc,PVC,线束/软管材料,5875.0,元/吨,AKShare/生意社现货与期货,akshare_basis,V,2026-03-16,,5796.0,5849.0,-0.004425531914893588,
2026-03-17,pvc,PVC,线束/软管材料,5772.0,元/吨,AKShare/生意社现货与期货,akshare_basis,V,2026-03-17,,5860.0,5901.0,0.02234927234927242,
2026-03-18,pvc,PVC,线束/软管材料,5625.0,元/吨,AKShare/生意社现货与期货,akshare_basis,V,2026-03-18,,5691.0,5735.0,0.019555555555555548,
2026-03-19,pvc,PVC,线束/软管材料,5766.0,元/吨,AKShare/生意社现货与期货,akshare_basis,V,2026-03-19,,5813.0,5860.0,0.016302462712452392,
2026-03-20,pvc,PVC,线束/软管材料,5671.0,元/吨,AKShare/生意社现货与期货,akshare_basis,V,2026-03-20,,5826.0,5875.0,0.03597249162405225,
2026-03-23,pvc,PVC,线束/软管材料,6063.0,元/吨,AKShare/生意社现货与期货,akshare_basis,V,2026-03-23,,6201.0,6251.0,0.03100775193798455,
2026-03-24,pvc,PVC,线束/软管材料,5780.0,元/吨,AKShare/生意社现货与期货,akshare_basis,V,2026-03-24,,5830.0,5853.0,0.012629757785467044,
2026-03-25,pvc,PVC,线束/软管材料,5527.0,元/吨,AKShare/生意社现货与期货,akshare_basis,V,2026-03-25,,5650.0,5703.0,0.03184367649719566,
2026-03-26,pvc,PVC,线束/软管材料,5511.0,元/吨,AKShare/生意社现货与期货,akshare_basis,V,2026-03-26,,5613.0,5650.0,0.02522228270731275,
2026-03-27,pvc,PVC,线束/软管材料,5440.0,元/吨,AKShare/生意社现货与期货,akshare_basis,V,2026-03-27,,5561.0,5615.0,0.032169117647058876,
2026-03-30,pvc,PVC,线束/软管材料,5462.0,元/吨,AKShare/生意社现货与期货,akshare_basis,V,2026-03-30,,5491.0,5551.0,0.016294397656536175,
2026-03-31,pvc,PVC,线束/软管材料,5256.0,元/吨,AKShare/生意社现货与期货,akshare_basis,V,2026-03-31,,5315.0,5353.0,0.018455098934550884,
2026-04-01,pvc,PVC,线束/软管材料,5210.0,元/吨,AKShare/生意社现货与期货,akshare_basis,V,2026-04-01,,5300.0,5256.0,0.008829174664107375,
2026-04-02,pvc,PVC,线束/软管材料,5362.0,元/吨,AKShare/生意社现货与期货,akshare_basis,V,2026-04-02,,5467.0,5494.0,0.02461767997016029,
2026-04-03,pvc,PVC,线束/软管材料,5335.0,元/吨,AKShare/生意社现货与期货,akshare_basis,V,2026-04-03,,5330.0,5428.0,0.017432052483598914,
2026-04-07,pvc,PVC,线束/软管材料,5360.0,元/吨,AKShare/生意社现货与期货,akshare_basis,V,2026-04-07,,5400.0,5398.0,0.0070895522388059184,
2026-04-08,pvc,PVC,线束/软管材料,5145.0,元/吨,AKShare/生意社现货与期货,akshare_basis,V,2026-04-08,,5355.0,5160.0,0.00291545189504383,
2026-04-09,pvc,PVC,线束/软管材料,4982.0,元/吨,AKShare/生意社现货与期货,akshare_basis,V,2026-04-09,,5355.0,5093.0,0.022280208751505493,
2026-04-10,pvc,PVC,线束/软管材料,4937.0,元/吨,AKShare/生意社现货与期货,akshare_basis,V,2026-04-10,,4902.0,5067.0,0.026331780433461516,
2026-04-13,pvc,PVC,线束/软管材料,4945.0,元/吨,AKShare/生意社现货与期货,akshare_basis,V,2026-04-13,,4950.0,5092.0,0.029726996966632946,
2026-04-14,pvc,PVC,线束/软管材料,4877.0,元/吨,AKShare/生意社现货与期货,akshare_basis,V,2026-04-14,,4876.0,5039.0,0.033217141685462304,
2026-04-15,pvc,PVC,线束/软管材料,4970.0,元/吨,AKShare/生意社现货与期货,akshare_basis,V,2026-04-15,,4925.0,5100.0,0.026156941649899457,
2026-04-16,pvc,PVC,线束/软管材料,4955.0,元/吨,AKShare/生意社现货与期货,akshare_basis,V,2026-04-16,,4977.0,5109.0,0.03107971745711402,
2026-04-17,pvc,PVC,线束/软管材料,4971.0,元/吨,AKShare/生意社现货与期货,akshare_basis,V,2026-04-17,,4959.0,5093.0,0.02454234560450619,
2026-04-20,pvc,PVC,线束/软管材料,4983.0,元/吨,AKShare/生意社现货与期货,akshare_basis,V,2026-04-20,,5005.0,5147.0,0.03291190046156944,
2026-04-21,pvc,PVC,线束/软管材料,4954.0,元/吨,AKShare/生意社现货与期货,akshare_basis,V,2026-04-21,,4988.0,5134.0,0.036334275333064214,
2026-04-22,pvc,PVC,线束/软管材料,5050.0,元/吨,AKShare/生意社现货与期货,akshare_basis,V,2026-04-22,,5079.0,5230.0,0.035643564356435675,
2026-04-23,pvc,PVC,线束/软管材料,4975.0,元/吨,AKShare/生意社现货与期货,akshare_basis,V,2026-04-23,,5036.0,5189.0,0.043015075376884315,
2026-04-24,pvc,PVC,线束/软管材料,4967.0,元/吨,AKShare/生意社现货与期货,akshare_basis,V,2026-04-24,,5003.0,5153.0,0.0374471511979062,
2026-04-27,pvc,PVC,线束/软管材料,5019.0,元/吨,AKShare/生意社现货与期货,akshare_basis,V,2026-04-27,,5075.0,5228.0,0.04164176130703323,
2026-04-28,pvc,PVC,线束/软管材料,5010.0,元/吨,AKShare/生意社现货与期货,akshare_basis,V,2026-04-28,,5205.0,5358.0,0.06946107784431144,
2026-04-29,pvc,PVC,线束/软管材料,5042.0,元/吨,AKShare/生意社现货与期货,akshare_basis,V,2026-04-29,,5131.0,5295.0,0.05017850059500195,
2026-04-30,pvc,PVC,线束/软管材料,5034.0,元/吨,AKShare/生意社现货与期货,akshare_basis,V,2026-04-30,,5104.0,5272.0,0.04727850615812468,
2026-05-06,pvc,PVC,线束/软管材料,5055.0,元/吨,AKShare/生意社现货与期货,akshare_basis,V,2026-05-06,,5151.0,5319.0,0.05222551928783381,
2026-05-07,pvc,PVC,线束/软管材料,4937.0,元/吨,AKShare/生意社现货与期货,akshare_basis,V,2026-05-07,,4993.0,5163.0,0.04577678752278702,
2026-05-08,pvc,PVC,线束/软管材料,4925.0,元/吨,AKShare/生意社现货与期货,akshare_basis,V,2026-05-08,,4972.0,5145.0,0.044670050761421276,
2026-05-11,pvc,PVC,线束/软管材料,4935.0,元/吨,AKShare/生意社现货与期货,akshare_basis,V,2026-05-11,,4968.0,5133.0,0.040121580547112456,
2026-05-12,pvc,PVC,线束/软管材料,4879.0,元/吨,AKShare/生意社现货与期货,akshare_basis,V,2026-05-12,,4934.0,5105.0,0.04632096741135472,
2026-05-13,pvc,PVC,线束/软管材料,5004.0,元/吨,AKShare/生意社现货与期货,akshare_basis,V,2026-05-13,,5050.0,5229.0,0.04496402877697836,
2026-05-14,pvc,PVC,线束/软管材料,4855.0,元/吨,AKShare/生意社现货与期货,akshare_basis,V,2026-05-14,,4892.0,5056.0,0.041400617919670424,
2026-05-15,pvc,PVC,线束/软管材料,4845.0,元/吨,AKShare/生意社现货与期货,akshare_basis,V,2026-05-15,,4859.0,5027.0,0.03756449948400409,
2026-05-18,pvc,PVC,线束/软管材料,4897.0,元/吨,AKShare/生意社现货与期货,akshare_basis,V,2026-05-18,,4935.0,5109.0,0.04329181131304871,
2026-05-19,pvc,PVC,线束/软管材料,4820.0,元/吨,AKShare/生意社现货与期货,akshare_basis,V,2026-05-19,,4873.0,5050.0,0.047717842323651505,
2026-05-20,pvc,PVC,线束/软管材料,4760.0,元/吨,AKShare/生意社现货与期货,akshare_basis,V,2026-05-20,,4819.0,4947.0,0.03928571428571437,
2026-05-21,pvc,PVC,线束/软管材料,4700.0,元/吨,AKShare/生意社现货与期货,akshare_basis,V,2026-05-21,,4738.0,4865.0,0.03510638297872348,
2026-05-22,pvc,PVC,线束/软管材料,4670.0,元/吨,AKShare/生意社现货与期货,akshare_basis,V,2026-05-22,,4707.0,4846.0,0.03768736616702362,
2026-05-25,pvc,PVC,线束/软管材料,4720.0,元/吨,AKShare/生意社现货与期货,akshare_basis,V,2026-05-25,,4780.0,4914.0,0.04110169491525428,
2026-05-26,pvc,PVC,线束/软管材料,4665.0,元/吨,AKShare/生意社现货与期货,akshare_basis,V,2026-05-26,,4715.0,4854.0,0.04051446945337611,
2026-05-27,pvc,PVC,线束/软管材料,4685.0,元/吨,AKShare/生意社现货与期货,akshare_basis,V,2026-05-27,,4730.0,4873.0,0.0401280683030949,
2026-05-28,pvc,PVC,线束/软管材料,4750.0,元/吨,AKShare/生意社现货与期货,akshare_basis,V,2026-05-28,,4802.0,4939.0,0.0397894736842106,
2026-05-29,pvc,PVC,线束/软管材料,4730.0,元/吨,AKShare/生意社现货与期货,akshare_basis,V,2026-05-29,,4779.0,4924.0,0.04101479915433415,
2026-06-01,pvc,PVC,线束/软管材料,4790.0,元/吨,AKShare/生意社现货与期货,akshare_basis,V,2026-06-01,,4859.0,4993.0,0.04237995824634666,
2026-06-02,pvc,PVC,线束/软管材料,4760.0,元/吨,AKShare/生意社现货与期货,akshare_basis,V,2026-06-02,,4809.0,4950.0,0.0399159663865547,
2026-06-03,pvc,PVC,线束/软管材料,4750.0,元/吨,AKShare/生意社现货与期货,akshare_basis,V,2026-06-03,,4810.0,4943.0,0.04063157894736835,
2026-06-04,pvc,PVC,线束/软管材料,4625.0,元/吨,AKShare/生意社现货与期货,akshare_basis,V,2026-06-04,,4684.0,4819.0,0.04194594594594592,
2026-06-05,pvc,PVC,线束/软管材料,4600.0,元/吨,AKShare/生意社现货与期货,akshare_basis,V,2026-06-05,,4630.0,4767.0,0.036304347826086936,
2026-06-08,pvc,PVC,线束/软管材料,4630.0,元/吨,AKShare/生意社现货与期货,akshare_basis,V,2026-06-08,,4650.0,4778.0,0.0319654427645788,
2026-06-09,pvc,PVC,线束/软管材料,4550.0,元/吨,AKShare/生意社现货与期货,akshare_basis,V,2026-06-09,,4560.0,4717.0,0.03670329670329675,
2026-06-10,pvc,PVC,线束/软管材料,4545.0,元/吨,AKShare/生意社现货与期货,akshare_basis,V,2026-06-10,,4581.0,4706.0,0.035423542354235504,
2026-06-11,pvc,PVC,线束/软管材料,4560.0,元/吨,AKShare/生意社现货与期货,akshare_basis,V,2026-06-11,,4589.0,4716.0,0.03421052631578947,
2026-06-12,pvc,PVC,线束/软管材料,4580.0,元/吨,AKShare/生意社现货与期货,akshare_basis,V,2026-06-12,,4569.0,4741.0,0.035152838427947586,
2025-12-15,silver,白银,电子焊接/触点材料,14673.33,元/千克,AKShare/生意社现货与期货,akshare_basis,AG,2025-12-15,,14810.0,14793.0,0.008155612938576251,
2025-12-16,silver,白银,电子焊接/触点材料,14769.0,元/千克,AKShare/生意社现货与期货,akshare_basis,AG,2025-12-16,,14654.0,14666.0,-0.00697406730313499,
2025-12-17,silver,白银,电子焊接/触点材料,15331.0,元/千克,AKShare/生意社现货与期货,akshare_basis,AG,2025-12-17,,15497.0,15512.0,0.011806144413280206,
2025-12-18,silver,白银,电子焊接/触点材料,15457.0,元/千克,AKShare/生意社现货与期货,akshare_basis,AG,2025-12-18,,15505.0,15521.0,0.004140518858769537,
2025-12-19,silver,白银,电子焊接/触点材料,15212.67,元/千克,AKShare/生意社现货与期货,akshare_basis,AG,2025-12-19,,15359.0,15376.0,0.0107364453445713,
2025-12-22,silver,白银,电子焊接/触点材料,16061.33,元/千克,AKShare/生意社现货与期货,akshare_basis,AG,2025-12-22,,16195.0,16210.0,0.009256394084425246,
2025-12-23,silver,白银,电子焊接/触点材料,16376.0,元/千克,AKShare/生意社现货与期货,akshare_basis,AG,2025-12-23,,16437.0,16441.0,0.003969223253541765,
2025-12-24,silver,白银,电子焊接/触点材料,17388.67,元/千克,AKShare/生意社现货与期货,akshare_basis,AG,2025-12-24,,17610.0,17609.0,0.012670894323717707,
2025-12-25,silver,白银,电子焊接/触点材料,17257.0,元/千克,AKShare/生意社现货与期货,akshare_basis,AG,2025-12-25,,17381.0,17397.0,0.008112649939155059,
2025-12-26,silver,白银,电子焊接/触点材料,17628.67,元/千克,AKShare/生意社现货与期货,akshare_basis,AG,2025-12-26,,18328.0,18319.0,0.03915950551005842,
2025-12-29,silver,白银,电子焊接/触点材料,19186.67,元/千克,AKShare/生意社现货与期货,akshare_basis,AG,2025-12-29,,18285.0,18205.0,-0.051164167622625434,
2025-12-30,silver,白银,电子焊接/触点材料,18035.33,元/千克,AKShare/生意社现货与期货,akshare_basis,AG,2025-12-30,,18225.0,18107.0,0.003973866849123153,
2025-12-31,silver,白银,电子焊接/触点材料,18480.0,元/千克,AKShare/生意社现货与期货,akshare_basis,AG,2025-12-31,,16867.0,17074.0,-0.07608225108225108,
2026-01-05,silver,白银,电子焊接/触点材料,18304.0,元/千克,AKShare/生意社现货与期货,akshare_basis,AG,2026-01-05,,18420.0,18247.0,-0.0031140734265734382,
2026-01-06,silver,白银,电子焊接/触点材料,19251.67,元/千克,AKShare/生意社现货与期货,akshare_basis,AG,2026-01-06,,19590.0,19452.0,0.010405850505436742,
2026-01-07,silver,白银,电子焊接/触点材料,19636.67,元/千克,AKShare/生意社现货与期货,akshare_basis,AG,2026-01-07,,19298.0,19290.0,-0.017654215302288945,
2026-01-08,silver,白银,电子焊接/触点材料,19157.67,元/千克,AKShare/生意社现货与期货,akshare_basis,AG,2026-01-08,,18535.0,18450.0,-0.03693925200715942,
2026-01-09,silver,白银,电子焊接/触点材料,18643.33,元/千克,AKShare/生意社现货与期货,akshare_basis,AG,2026-01-09,,18839.0,18731.0,0.004702486090199409,
2026-01-12,silver,白银,电子焊接/触点材料,20716.33,元/千克,AKShare/生意社现货与期货,akshare_basis,AG,2026-01-12,,21069.0,20945.0,0.011038152027892822,
2026-01-13,silver,白银,电子焊接/触点材料,21043.67,元/千克,AKShare/生意社现货与期货,akshare_basis,AG,2026-01-13,,21202.0,21004.0,-0.0018851274516279437,
2026-01-14,silver,白银,电子焊接/触点材料,22867.33,元/千克,AKShare/生意社现货与期货,akshare_basis,AG,2026-01-14,,22906.0,22763.0,-0.004562404093525596,
2026-01-15,silver,白银,电子焊接/触点材料,22412.0,元/千克,AKShare/生意社现货与期货,akshare_basis,AG,2026-01-15,,22200.0,22665.0,0.011288595395323897,
2026-01-16,silver,白银,电子焊接/触点材料,22989.33,元/千克,AKShare/生意社现货与期货,akshare_basis,AG,2026-01-16,,22555.0,22483.0,-0.02202456530921093,
2026-01-19,silver,白银,电子焊接/触点材料,23114.33,元/千克,AKShare/生意社现货与期货,akshare_basis,AG,2026-01-19,,23240.0,23189.0,0.003230463526305849,
2026-01-20,silver,白银,电子焊接/触点材料,23365.33,元/千克,AKShare/生意社现货与期货,akshare_basis,AG,2026-01-20,,23112.0,23062.0,-0.012982055036243945,
2026-01-21,silver,白银,电子焊接/触点材料,23105.0,元/千克,AKShare/生意社现货与期货,akshare_basis,AG,2026-01-21,,23180.0,23131.0,0.0011252975546418575,
2026-01-22,silver,白银,电子焊接/触点材料,22893.33,元/千克,AKShare/生意社现货与期货,akshare_basis,AG,2026-01-22,,23370.0,23339.0,0.019467242205480684,
2026-01-23,silver,白银,电子焊接/触点材料,24925.33,元/千克,AKShare/生意社现货与期货,akshare_basis,AG,2026-01-23,,24994.0,24965.0,0.001591553652449118,
2026-01-26,silver,白银,电子焊接/触点材料,27467.0,元/千克,AKShare/生意社现货与期货,akshare_basis,AG,2026-01-26,,27250.0,27207.0,-0.009465904539993408,
2026-01-27,silver,白银,电子焊接/触点材料,28432.0,元/千克,AKShare/生意社现货与期货,akshare_basis,AG,2026-01-27,,28647.0,28300.0,-0.004642656162070935,
2026-01-28,silver,白银,电子焊接/触点材料,29184.67,元/千克,AKShare/生意社现货与期货,akshare_basis,AG,2026-01-28,,30121.0,29219.0,0.0011763024903144181,
2026-01-29,silver,白银,电子焊接/触点材料,30644.67,元/千克,AKShare/生意社现货与期货,akshare_basis,AG,2026-01-29,,32060.0,30891.0,0.008038265708196546,
2026-01-30,silver,白银,电子焊接/触点材料,30098.67,元/千克,AKShare/生意社现货与期货,akshare_basis,AG,2026-01-30,,28200.0,27941.0,-0.07168655624982756,
2026-02-02,silver,白银,电子焊接/触点材料,23966.67,元/千克,AKShare/生意社现货与期货,akshare_basis,AG,2026-02-02,,25690.0,24832.0,0.036105558260701276,
2026-02-03,silver,白银,电子焊接/触点材料,22571.67,元/千克,AKShare/生意社现货与期货,akshare_basis,AG,2026-02-03,,21820.0,21446.0,-0.04987092226671741,
2026-02-04,silver,白银,电子焊接/触点材料,24179.67,元/千克,AKShare/生意社现货与期货,akshare_basis,AG,2026-02-04,,24222.0,23511.0,-0.02765422356880798,
2026-02-05,silver,白银,电子焊接/触点材料,24353.33,元/千克,AKShare/生意社现货与期货,akshare_basis,AG,2026-02-05,,21171.0,20255.0,-0.16828622615469846,
2026-02-06,silver,白银,电子焊接/触点材料,20327.0,元/千克,AKShare/生意社现货与期货,akshare_basis,AG,2026-02-06,,19574.0,18799.0,-0.07517095488758796,
2026-02-09,silver,白银,电子焊接/触点材料,22331.67,元/千克,AKShare/生意社现货与期货,akshare_basis,AG,2026-02-09,,21313.0,20873.0,-0.06531844685148935,
2026-02-10,silver,白银,电子焊接/触点材料,21433.67,元/千克,AKShare/生意社现货与期货,akshare_basis,AG,2026-02-10,,20680.0,20284.0,-0.05363850427854855,
2026-02-11,silver,白银,电子焊接/触点材料,20727.67,元/千克,AKShare/生意社现货与期货,akshare_basis,AG,2026-02-11,,21120.0,20944.0,0.010436773646049113,
2026-02-12,silver,白银,电子焊接/触点材料,21307.0,元/千克,AKShare/生意社现货与期货,akshare_basis,AG,2026-02-12,,20860.0,20626.0,-0.031961327263340666,
2026-02-13,silver,白银,电子焊接/触点材料,19954.33,元/千克,AKShare/生意社现货与期货,akshare_basis,AG,2026-02-13,,21189.0,19782.0,-0.008636220810220196,
2026-02-24,silver,白银,电子焊接/触点材料,22665.67,元/千克,AKShare/生意社现货与期货,akshare_basis,AG,2026-02-24,,23018.0,22327.0,-0.014941980537085287,
2026-02-25,silver,白银,电子焊接/触点材料,23115.0,元/千克,AKShare/生意社现货与期货,akshare_basis,AG,2026-02-25,,23200.0,23029.0,-0.003720527795803563,
2026-02-26,silver,白银,电子焊接/触点材料,23157.67,元/千克,AKShare/生意社现货与期货,akshare_basis,AG,2026-02-26,,22748.0,22572.0,-0.025290540887748958,
2026-02-27,silver,白银,电子焊接/触点材料,22994.67,元/千克,AKShare/生意社现货与期货,akshare_basis,AG,2026-02-27,,23220.0,23019.0,0.0010580712834757922,
2026-03-02,silver,白银,电子焊接/触点材料,24250.0,元/千克,AKShare/生意社现货与期货,akshare_basis,AG,2026-03-02,,24690.0,24431.0,0.007463917525773134,
2026-03-03,silver,白银,电子焊接/触点材料,22568.33,元/千克,AKShare/生意社现货与期货,akshare_basis,AG,2026-03-03,,21881.0,21415.0,-0.05110391420189275,
2026-03-04,silver,白银,电子焊接/触点材料,22568.33,元/千克,AKShare/生意社现货与期货,akshare_basis,AG,2026-03-04,,22118.0,21578.0,-0.04388140371928284,
2026-03-05,silver,白银,电子焊接/触点材料,21921.0,元/千克,AKShare/生意社现货与期货,akshare_basis,AG,2026-03-05,,21992.0,21369.0,-0.025181332968386427,
2026-03-06,silver,白银,电子焊接/触点材料,21892.0,元/千克,AKShare/生意社现货与期货,akshare_basis,AG,2026-03-06,,22150.0,21533.0,-0.016398684450940948,
2026-03-09,silver,白银,电子焊接/触点材料,21572.0,元/千克,AKShare/生意社现货与期货,akshare_basis,AG,2026-03-09,,22168.0,21547.0,-0.0011589096977563385,
2026-03-10,silver,白银,电子焊接/触点材料,23130.0,元/千克,AKShare/生意社现货与期货,akshare_basis,AG,2026-03-10,,23361.0,22758.0,-0.016083009079118082,
2026-03-11,silver,白银,电子焊接/触点材料,22853.67,元/千克,AKShare/生意社现货与期货,akshare_basis,AG,2026-03-11,,22639.0,22256.0,-0.026152035974965848,
2026-03-12,silver,白银,电子焊接/触点材料,22096.67,元/千克,AKShare/生意社现货与期货,akshare_basis,AG,2026-03-12,,22366.0,22062.0,-0.0015690146976896635,
2026-03-13,silver,白银,电子焊接/触点材料,21978.0,元/千克,AKShare/生意社现货与期货,akshare_basis,AG,2026-03-13,,21135.0,20923.0,-0.048002548002547996,
2026-03-16,silver,白银,电子焊接/触点材料,21978.0,元/千克,AKShare/生意社现货与期货,akshare_basis,AG,2026-03-16,,20500.0,20301.0,-0.07630357630357631,
2026-03-17,silver,白银,电子焊接/触点材料,20656.0,元/千克,AKShare/生意社现货与期货,akshare_basis,AG,2026-03-17,,20371.0,20308.0,-0.016847405112316083,
2026-03-18,silver,白银,电子焊接/触点材料,20090.0,元/千克,AKShare/生意社现货与期货,akshare_basis,AG,2026-03-18,,19997.0,19980.0,-0.005475360876057711,
2026-03-19,silver,白银,电子焊接/触点材料,18757.67,元/千克,AKShare/生意社现货与期货,akshare_basis,AG,2026-03-19,,18023.0,17984.0,-0.04124552782941582,
2026-03-20,silver,白银,电子焊接/触点材料,18436.67,元/千克,AKShare/生意社现货与期货,akshare_basis,AG,2026-03-20,,17714.0,17625.0,-0.044024761521467726,
2026-03-23,silver,白银,电子焊接/触点材料,16643.33,元/千克,AKShare/生意社现货与期货,akshare_basis,AG,2026-03-23,,15498.0,15411.0,-0.07404347567463976,
2026-03-24,silver,白银,电子焊接/触点材料,16612.67,元/千克,AKShare/生意社现货与期货,akshare_basis,AG,2026-03-24,,17195.0,17085.0,0.02843191371405096,
2026-03-25,silver,白银,电子焊接/触点材料,18268.33,元/千克,AKShare/生意社现货与期货,akshare_basis,AG,2026-03-25,,18174.0,18111.0,-0.008612171993827689,
2026-03-26,silver,白银,电子焊接/触点材料,17874.67,元/千克,AKShare/生意社现货与期货,akshare_basis,AG,2026-03-26,,17519.0,17472.0,-0.022527408897618728,
2026-03-27,silver,白银,电子焊接/触点材料,17874.67,元/千克,AKShare/生意社现货与期货,akshare_basis,AG,2026-03-27,,17558.0,17489.0,-0.02157634238841888,
2026-03-30,silver,白银,电子焊接/触点材料,17535.0,元/千克,AKShare/生意社现货与期货,akshare_basis,AG,2026-03-30,,17756.0,17707.0,0.00980895352152844,
2026-03-31,silver,白银,电子焊接/触点材料,18373.0,元/千克,AKShare/生意社现货与期货,akshare_basis,AG,2026-03-31,,18137.0,18126.0,-0.013443640124095158,
2026-04-01,silver,白银,电子焊接/触点材料,18774.67,元/千克,AKShare/生意社现货与期货,akshare_basis,AG,2026-04-01,,18931.0,18918.0,0.00763422206622022,
2026-04-02,silver,白银,电子焊接/触点材料,18008.33,元/千克,AKShare/生意社现货与期货,akshare_basis,AG,2026-04-02,,17653.0,17621.0,-0.02150837973315689,
2026-04-03,silver,白银,电子焊接/触点材料,17968.0,元/千克,AKShare/生意社现货与期货,akshare_basis,AG,2026-04-03,,17860.0,17843.0,-0.006956812110418542,
2026-04-07,silver,白银,电子焊接/触点材料,17923.67,元/千克,AKShare/生意社现货与期货,akshare_basis,AG,2026-04-07,,17910.0,17908.0,-0.0008742629160209958,
2026-04-08,silver,白银,电子焊接/触点材料,18782.0,元/千克,AKShare/生意社现货与期货,akshare_basis,AG,2026-04-08,,18965.0,18988.0,0.010967948035353059,
2026-04-09,silver,白银,电子焊接/触点材料,18153.33,元/千克,AKShare/生意社现货与期货,akshare_basis,AG,2026-04-09,,18111.0,18225.0,0.003948035980175346,
2026-04-10,silver,白银,电子焊接/触点材料,18643.0,元/千克,AKShare/生意社现货与期货,akshare_basis,AG,2026-04-10,,18550.0,18583.0,-0.0032183661427881427,
2026-04-13,silver,白银,电子焊接/触点材料,18460.67,元/千克,AKShare/生意社现货与期货,akshare_basis,AG,2026-04-13,,18396.0,18429.0,-0.00171553903514865,
2026-04-14,silver,白银,电子焊接/触点材料,18460.67,元/千克,AKShare/生意社现货与期货,akshare_basis,AG,2026-04-14,,18985.0,19210.0,0.04059061778364503,
2026-04-15,silver,白银,电子焊接/触点材料,19402.33,元/千克,AKShare/生意社现货与期货,akshare_basis,AG,2026-04-15,,19540.0,19559.0,0.008074803387015717,
2026-04-16,silver,白银,电子焊接/触点材料,19402.33,元/千克,AKShare/生意社现货与期货,akshare_basis,AG,2026-04-16,,19924.0,19925.0,0.02693851717809137,
2026-04-17,silver,白银,电子焊接/触点材料,19493.0,元/千克,AKShare/生意社现货与期货,akshare_basis,AG,2026-04-17,,19568.0,19570.0,0.0039501359462370544,
2026-04-20,silver,白银,电子焊接/触点材料,19928.33,元/千克,AKShare/生意社现货与期货,akshare_basis,AG,2026-04-20,,19843.0,19853.0,-0.0037800457941032928,
2026-04-21,silver,白银,电子焊接/触点材料,19711.0,元/千克,AKShare/生意社现货与期货,akshare_basis,AG,2026-04-21,,19642.0,19653.0,-0.0029425194054081283,
2026-04-22,silver,白银,电子焊接/触点材料,19345.67,元/千克,AKShare/生意社现货与期货,akshare_basis,AG,2026-04-22,,19578.0,19586.0,0.012422934951335396,
2026-04-23,silver,白银,电子焊接/触点材料,19283.67,元/千克,AKShare/生意社现货与期货,akshare_basis,AG,2026-04-23,,18970.0,18967.0,-0.016421666622587816,
2026-04-24,silver,白银,电子焊接/触点材料,18776.0,元/千克,AKShare/生意社现货与期货,akshare_basis,AG,2026-04-24,,18452.0,18442.0,-0.017788666382616114,
2026-04-27,silver,白银,电子焊接/触点材料,18778.0,元/千克,AKShare/生意社现货与期货,akshare_basis,AG,2026-04-27,,18800.0,18820.0,0.0022366599211842697,
2026-04-28,silver,白银,电子焊接/触点材料,18507.33,元/千克,AKShare/生意社现货与期货,akshare_basis,AG,2026-04-28,,18041.0,18068.0,-0.02373816212279145,
2026-04-29,silver,白银,电子焊接/触点材料,18049.67,元/千克,AKShare/生意社现货与期货,akshare_basis,AG,2026-04-29,,18078.0,18099.0,0.002733013955379837,
2026-04-30,silver,白银,电子焊接/触点材料,18031.67,元/千克,AKShare/生意社现货与期货,akshare_basis,AG,2026-04-30,,18000.0,18135.0,0.005730473106484446,
2026-05-06,silver,白银,电子焊接/触点材料,18031.67,元/千克,AKShare/生意社现货与期货,akshare_basis,AG,2026-05-06,,18839.0,18851.0,0.045438387015733994,
2026-05-07,silver,白银,电子焊接/触点材料,19351.0,元/千克,AKShare/生意社现货与期货,akshare_basis,AG,2026-05-07,,19470.0,19493.0,0.007338122060875474,
2026-05-08,silver,白银,电子焊接/触点材料,19745.67,元/千克,AKShare/生意社现货与期货,akshare_basis,AG,2026-05-08,,19776.0,19840.0,0.004777249898332281,
2026-05-11,silver,白银,电子焊接/触点材料,19892.33,元/千克,AKShare/生意社现货与期货,akshare_basis,AG,2026-05-11,,19896.0,19929.0,0.0018434240734996887,
2026-05-12,silver,白银,电子焊接/触点材料,21090.67,元/千克,AKShare/生意社现货与期货,akshare_basis,AG,2026-05-12,,20678.0,20817.0,-0.012975879855879335,
2026-05-13,silver,白银,电子焊接/触点材料,21327.33,元/千克,AKShare/生意社现货与期货,akshare_basis,AG,2026-05-13,,21231.0,21348.0,0.0009691789830230668,
2026-05-14,silver,白银,电子焊接/触点材料,21424.0,元/千克,AKShare/生意社现货与期货,akshare_basis,AG,2026-05-14,,21330.0,21444.0,0.0009335324869306216,
2026-05-15,silver,白银,电子焊接/触点材料,19875.67,元/千克,AKShare/生意社现货与期货,akshare_basis,AG,2026-05-15,,19299.0,19234.0,-0.03228419469632959,
2026-05-18,silver,白银,电子焊接/触点材料,18312.0,元/千克,AKShare/生意社现货与期货,akshare_basis,AG,2026-05-18,,18576.0,18607.0,0.016109654871122814,
2026-05-19,silver,白银,电子焊接/触点材料,18805.0,元/千克,AKShare/生意社现货与期货,akshare_basis,AG,2026-05-19,,18670.0,18708.0,-0.005158202605689999,
2026-05-20,silver,白银,电子焊接/触点材料,18805.0,元/千克,AKShare/生意社现货与期货,akshare_basis,AG,2026-05-20,,18443.0,18484.0,-0.017069928210582286,
2026-05-21,silver,白银,电子焊接/触点材料,18696.0,元/千克,AKShare/生意社现货与期货,akshare_basis,AG,2026-05-21,,18275.0,18314.0,-0.02043217800599062,
2026-05-22,silver,白银,电子焊接/触点材料,18667.0,元/千克,AKShare/生意社现货与期货,akshare_basis,AG,2026-05-22,,18643.0,18681.0,0.0007499866073819028,
2026-05-25,silver,白银,电子焊接/触点材料,19019.33,元/千克,AKShare/生意社现货与期货,akshare_basis,AG,2026-05-25,,18945.0,18995.0,-0.0012792248728005218,
2026-05-26,silver,白银,电子焊接/触点材料,18552.67,元/千克,AKShare/生意社现货与期货,akshare_basis,AG,2026-05-26,,18616.0,18684.0,0.007078765482273042,
2026-05-27,silver,白银,电子焊接/触点材料,18699.67,元/千克,AKShare/生意社现货与期货,akshare_basis,AG,2026-05-27,,18197.0,18251.0,-0.02399347154254583,
2026-05-28,silver,白银,电子焊接/触点材料,17658.67,元/千克,AKShare/生意社现货与期货,akshare_basis,AG,2026-05-28,,17735.0,17790.0,0.007437139943155424,
2026-05-29,silver,白银,电子焊接/触点材料,18407.0,元/千克,AKShare/生意社现货与期货,akshare_basis,AG,2026-05-29,,18275.0,18358.0,-0.0026620307491714845,
2026-06-01,silver,白银,电子焊接/触点材料,18154.67,元/千克,AKShare/生意社现货与期货,akshare_basis,AG,2026-06-01,,18118.0,18156.0,7.325938725410985e-05,
2026-06-02,silver,白银,电子焊接/触点材料,18153.0,元/千克,AKShare/生意社现货与期货,akshare_basis,AG,2026-06-02,,18449.0,18522.0,0.02032721864154685,
2026-06-03,silver,白银,电子焊接/触点材料,18002.67,元/千克,AKShare/生意社现货与期货,akshare_basis,AG,2026-06-03,,17960.0,18008.0,0.0002960671944773896,
2026-06-04,silver,白银,电子焊接/触点材料,17684.5,元/千克,AKShare/生意社现货与期货,akshare_basis,AG,2026-06-04,,17698.0,17730.0,0.00257287455116062,
2026-06-05,silver,白银,电子焊接/触点材料,17543.33,元/千克,AKShare/生意社现货与期货,akshare_basis,AG,2026-06-05,,17480.0,17528.0,-0.0008738363811204852,
2026-06-08,silver,白银,电子焊接/触点材料,16307.0,元/千克,AKShare/生意社现货与期货,akshare_basis,AG,2026-06-08,,16124.0,16204.0,-0.006316305880910034,
2026-06-09,silver,白银,电子焊接/触点材料,16314.67,元/千克,AKShare/生意社现货与期货,akshare_basis,AG,2026-06-09,,16400.0,16458.0,0.008785344723491129,
2026-06-10,silver,白银,电子焊接/触点材料,15500.67,元/千克,AKShare/生意社现货与期货,akshare_basis,AG,2026-06-10,,15579.0,15622.0,0.007827403589651283,
2026-06-11,silver,白银,电子焊接/触点材料,15384.67,元/千克,AKShare/生意社现货与期货,akshare_basis,AG,2026-06-11,,15390.0,15416.0,0.0020364427706280885,
2026-06-12,silver,白银,电子焊接/触点材料,15956.0,元/千克,AKShare/生意社现货与期货,akshare_basis,AG,2026-06-12,,15982.0,15972.0,0.001002757583354219,
2025-12-15,solder_tin_proxy,焊锡/锡膏（锡价代理）,PCB/焊接材料,324250.0,元/吨,锡价代理,derived_from,SN,2025-12-15,,324500.0,328240.0,0.012305319969159623,锡膏、焊锡条价格与锡价高度相关，日度预警先跟随锡价。
2025-12-16,solder_tin_proxy,焊锡/锡膏（锡价代理）,PCB/焊接材料,319575.0,元/吨,锡价代理,derived_from,SN,2025-12-16,,320620.0,321260.0,0.005272627708675648,锡膏、焊锡条价格与锡价高度相关，日度预警先跟随锡价。
2025-12-17,solder_tin_proxy,焊锡/锡膏（锡价代理）,PCB/焊接材料,325912.5,元/吨,锡价代理,derived_from,SN,2025-12-17,,328600.0,329340.0,0.010516626395121298,锡膏、焊锡条价格与锡价高度相关，日度预警先跟随锡价。
2025-12-18,solder_tin_proxy,焊锡/锡膏（锡价代理）,PCB/焊接材料,333012.5,元/吨,锡价代理,derived_from,SN,2025-12-18,,334380.0,335360.0,0.00704928493675161,锡膏、焊锡条价格与锡价高度相关，日度预警先跟随锡价。
2025-12-19,solder_tin_proxy,焊锡/锡膏（锡价代理）,PCB/焊接材料,337562.5,元/吨,锡价代理,derived_from,SN,2025-12-19,,343040.0,343970.0,0.018981670061099853,锡膏、焊锡条价格与锡价高度相关，日度预警先跟随锡价。
2025-12-22,solder_tin_proxy,焊锡/锡膏（锡价代理）,PCB/焊接材料,341062.5,元/吨,锡价代理,derived_from,SN,2025-12-22,,340440.0,341260.0,0.000579072750595655,锡膏、焊锡条价格与锡价高度相关，日度预警先跟随锡价。
2025-12-23,solder_tin_proxy,焊锡/锡膏（锡价代理）,PCB/焊接材料,340287.5,元/吨,锡价代理,derived_from,SN,2025-12-23,,343710.0,344750.0,0.013113911031113368,锡膏、焊锡条价格与锡价高度相关，日度预警先跟随锡价。
2025-12-24,solder_tin_proxy,焊锡/锡膏（锡价代理）,PCB/焊接材料,337500.0,元/吨,锡价代理,derived_from,SN,2025-12-24,,340790.0,341800.0,0.01274074074074072,锡膏、焊锡条价格与锡价高度相关，日度预警先跟随锡价。
2025-12-25,solder_tin_proxy,焊锡/锡膏（锡价代理）,PCB/焊接材料,332637.5,元/吨,锡价代理,derived_from,SN,2025-12-25,,335020.0,335880.0,0.009747848634023448,锡膏、焊锡条价格与锡价高度相关，日度预警先跟随锡价。
2025-12-26,solder_tin_proxy,焊锡/锡膏（锡价代理）,PCB/焊接材料,334450.0,元/吨,锡价代理,derived_from,SN,2025-12-26,,337560.0,338550.0,0.012258932575870851,锡膏、焊锡条价格与锡价高度相关，日度预警先跟随锡价。
2025-12-29,solder_tin_proxy,焊锡/锡膏（锡价代理）,PCB/焊接材料,343825.0,元/吨,锡价代理,derived_from,SN,2025-12-29,,333770.0,334590.0,-0.026859594270341014,锡膏、焊锡条价格与锡价高度相关，日度预警先跟随锡价。
2025-12-30,solder_tin_proxy,焊锡/锡膏（锡价代理）,PCB/焊接材料,322700.0,元/吨,锡价代理,derived_from,SN,2025-12-30,,326090.0,326330.0,0.011248837929966005,锡膏、焊锡条价格与锡价高度相关，日度预警先跟随锡价。
2025-12-31,solder_tin_proxy,焊锡/锡膏（锡价代理）,PCB/焊接材料,326300.0,元/吨,锡价代理,derived_from,SN,2025-12-31,,327680.0,322920.0,-0.01035856573705174,锡膏、焊锡条价格与锡价高度相关，日度预警先跟随锡价。
2026-01-05,solder_tin_proxy,焊锡/锡膏（锡价代理）,PCB/焊接材料,332750.0,元/吨,锡价代理,derived_from,SN,2026-01-05,,334030.0,334370.0,0.004868519909842162,锡膏、焊锡条价格与锡价高度相关，日度预警先跟随锡价。
2026-01-06,solder_tin_proxy,焊锡/锡膏（锡价代理）,PCB/焊接材料,341537.5,元/吨,锡价代理,derived_from,SN,2026-01-06,,348170.0,348820.0,0.02132269516524543,锡膏、焊锡条价格与锡价高度相关，日度预警先跟随锡价。
2026-01-07,solder_tin_proxy,焊锡/锡膏（锡价代理）,PCB/焊接材料,357112.5,元/吨,锡价代理,derived_from,SN,2026-01-07,,357800.0,359050.0,0.0054254611641990635,锡膏、焊锡条价格与锡价高度相关，日度预警先跟随锡价。
2026-01-08,solder_tin_proxy,焊锡/锡膏（锡价代理）,PCB/焊接材料,354412.5,元/吨,锡价代理,derived_from,SN,2026-01-08,,349290.0,349640.0,-0.013465947166084735,锡膏、焊锡条价格与锡价高度相关，日度预警先跟随锡价。
2026-01-09,solder_tin_proxy,焊锡/锡膏（锡价代理）,PCB/焊接材料,350700.0,元/吨,锡价代理,derived_from,SN,2026-01-09,,352910.0,352540.0,0.005246649558026784,锡膏、焊锡条价格与锡价高度相关，日度预警先跟随锡价。
2026-01-12,solder_tin_proxy,焊锡/锡膏（锡价代理）,PCB/焊接材料,370287.5,元/吨,锡价代理,derived_from,SN,2026-01-12,,372480.0,376920.0,0.017911757755797897,锡膏、焊锡条价格与锡价高度相关，日度预警先跟随锡价。
2026-01-13,solder_tin_proxy,焊锡/锡膏（锡价代理）,PCB/焊接材料,381175.0,元/吨,锡价代理,derived_from,SN,2026-01-13,,380580.0,380010.0,-0.0030563389519249196,锡膏、焊锡条价格与锡价高度相关，日度预警先跟随锡价。
2026-01-14,solder_tin_proxy,焊锡/锡膏（锡价代理）,PCB/焊接材料,402500.0,元/吨,锡价代理,derived_from,SN,2026-01-14,,409900.0,413690.0,0.02780124223602476,锡膏、焊锡条价格与锡价高度相关，日度预警先跟随锡价。
2026-01-15,solder_tin_proxy,焊锡/锡膏（锡价代理）,PCB/焊接材料,431075.0,元/吨,锡价代理,derived_from,SN,2026-01-15,,423780.0,433700.0,0.0060894275938061515,锡膏、焊锡条价格与锡价高度相关，日度预警先跟随锡价。
2026-01-16,solder_tin_proxy,焊锡/锡膏（锡价代理）,PCB/焊接材料,414662.5,元/吨,锡价代理,derived_from,SN,2026-01-16,,405240.0,405190.0,-0.022843879058270233,锡膏、焊锡条价格与锡价高度相关，日度预警先跟随锡价。
2026-01-19,solder_tin_proxy,焊锡/锡膏（锡价代理）,PCB/焊接材料,390350.0,元/吨,锡价代理,derived_from,SN,2026-01-19,,389500.0,390090.0,-0.000666068912514417,锡膏、焊锡条价格与锡价高度相关，日度预警先跟随锡价。
2026-01-20,solder_tin_proxy,焊锡/锡膏（锡价代理）,PCB/焊接材料,395525.0,元/吨,锡价代理,derived_from,SN,2026-01-20,,399000.0,399430.0,0.009872953669173956,锡膏、焊锡条价格与锡价高度相关，日度预警先跟随锡价。
2026-01-21,solder_tin_proxy,焊锡/锡膏（锡价代理）,PCB/焊接材料,397012.5,元/吨,锡价代理,derived_from,SN,2026-01-21,,418420.0,419100.0,0.05563426844242936,锡膏、焊锡条价格与锡价高度相关，日度预警先跟随锡价。
2026-01-22,solder_tin_proxy,焊锡/锡膏（锡价代理）,PCB/焊接材料,404012.5,元/吨,锡价代理,derived_from,SN,2026-01-22,,409010.0,409900.0,0.014572568918040929,锡膏、焊锡条价格与锡价高度相关，日度预警先跟随锡价。
2026-01-23,solder_tin_proxy,焊锡/锡膏（锡价代理）,PCB/焊接材料,423037.5,元/吨,锡价代理,derived_from,SN,2026-01-23,,428740.0,429570.0,0.015441893449162247,锡膏、焊锡条价格与锡价高度相关，日度预警先跟随锡价。
2026-01-26,solder_tin_proxy,焊锡/锡膏（锡价代理）,PCB/焊接材料,437625.0,元/吨,锡价代理,derived_from,SN,2026-01-26,,424960.0,425340.0,-0.02807197943444728,锡膏、焊锡条价格与锡价高度相关，日度预警先跟随锡价。
2026-01-27,solder_tin_proxy,焊锡/锡膏（锡价代理）,PCB/焊接材料,428337.5,元/吨,锡价代理,derived_from,SN,2026-01-27,,450220.0,451160.0,0.05328158286397988,锡膏、焊锡条价格与锡价高度相关，日度预警先跟随锡价。
2026-01-28,solder_tin_proxy,焊锡/锡膏（锡价代理）,PCB/焊接材料,435812.5,元/吨,锡价代理,derived_from,SN,2026-01-28,,443080.0,443800.0,0.018327835938620307,锡膏、焊锡条价格与锡价高度相关，日度预警先跟随锡价。
2026-01-29,solder_tin_proxy,焊锡/锡膏（锡价代理）,PCB/焊接材料,437687.5,元/吨,锡价代理,derived_from,SN,2026-01-29,,445180.0,446130.0,0.019288876195916016,锡膏、焊锡条价格与锡价高度相关，日度预警先跟随锡价。
2026-01-30,solder_tin_proxy,焊锡/锡膏（锡价代理）,PCB/焊接材料,427212.5,元/吨,锡价代理,derived_from,SN,2026-01-30,,408000.0,409000.0,-0.042631009158205835,锡膏、焊锡条价格与锡价高度相关，日度预警先跟随锡价。
2026-02-02,solder_tin_proxy,焊锡/锡膏（锡价代理）,PCB/焊接材料,392887.5,元/吨,锡价代理,derived_from,SN,2026-02-02,,394020.0,392650.0,-0.0006044987432789473,锡膏、焊锡条价格与锡价高度相关，日度预警先跟随锡价。
2026-02-03,solder_tin_proxy,焊锡/锡膏（锡价代理）,PCB/焊接材料,380087.5,元/吨,锡价代理,derived_from,SN,2026-02-03,,382460.0,383340.0,0.008557240109185349,锡膏、焊锡条价格与锡价高度相关，日度预警先跟随锡价。
2026-02-04,solder_tin_proxy,焊锡/锡膏（锡价代理）,PCB/焊接材料,395600.0,元/吨,锡价代理,derived_from,SN,2026-02-04,,390390.0,392080.0,-0.008897876643073843,锡膏、焊锡条价格与锡价高度相关，日度预警先跟随锡价。
2026-02-05,solder_tin_proxy,焊锡/锡膏（锡价代理）,PCB/焊接材料,377375.0,元/吨,锡价代理,derived_from,SN,2026-02-05,,363790.0,365140.0,-0.03242133156674398,锡膏、焊锡条价格与锡价高度相关，日度预警先跟随锡价。
2026-02-06,solder_tin_proxy,焊锡/锡膏（锡价代理）,PCB/焊接材料,361925.0,元/吨,锡价代理,derived_from,SN,2026-02-06,,355760.0,357000.0,-0.013607791669544844,锡膏、焊锡条价格与锡价高度相关，日度预警先跟随锡价。
2026-02-09,solder_tin_proxy,焊锡/锡膏（锡价代理）,PCB/焊接材料,373387.5,元/吨,锡价代理,derived_from,SN,2026-02-09,,383990.0,384180.0,0.028904288440293247,锡膏、焊锡条价格与锡价高度相关，日度预警先跟随锡价。
2026-02-10,solder_tin_proxy,焊锡/锡膏（锡价代理）,PCB/焊接材料,387237.5,元/吨,锡价代理,derived_from,SN,2026-02-10,,381260.0,382000.0,-0.01352529132638236,锡膏、焊锡条价格与锡价高度相关，日度预警先跟随锡价。
2026-02-11,solder_tin_proxy,焊锡/锡膏（锡价代理）,PCB/焊接材料,387987.5,元/吨,锡价代理,derived_from,SN,2026-02-11,,393340.0,394700.0,0.017300815103579392,锡膏、焊锡条价格与锡价高度相关，日度预警先跟随锡价。
2026-02-12,solder_tin_proxy,焊锡/锡膏（锡价代理）,PCB/焊接材料,392637.5,元/吨,锡价代理,derived_from,SN,2026-02-12,,392000.0,391320.0,-0.0033555124001145575,锡膏、焊锡条价格与锡价高度相关，日度预警先跟随锡价。
2026-02-13,solder_tin_proxy,焊锡/锡膏（锡价代理）,PCB/焊接材料,378525.0,元/吨,锡价代理,derived_from,SN,2026-02-13,,361050.0,365400.0,-0.03467406380027738,锡膏、焊锡条价格与锡价高度相关，日度预警先跟随锡价。
2026-02-24,solder_tin_proxy,焊锡/锡膏（锡价代理）,PCB/焊接材料,387750.0,元/吨,锡价代理,derived_from,SN,2026-02-24,,384450.0,385200.0,-0.006576402321083141,锡膏、焊锡条价格与锡价高度相关，日度预警先跟随锡价。
2026-02-25,solder_tin_proxy,焊锡/锡膏（锡价代理）,PCB/焊接材料,403325.0,元/吨,锡价代理,derived_from,SN,2026-02-25,,416160.0,417070.0,0.03407921651273793,锡膏、焊锡条价格与锡价高度相关，日度预警先跟随锡价。
2026-02-26,solder_tin_proxy,焊锡/锡膏（锡价代理）,PCB/焊接材料,416025.0,元/吨,锡价代理,derived_from,SN,2026-02-26,,414180.0,414980.0,-0.002511868277146778,锡膏、焊锡条价格与锡价高度相关，日度预警先跟随锡价。
2026-02-27,solder_tin_proxy,焊锡/锡膏（锡价代理）,PCB/焊接材料,430950.0,元/吨,锡价代理,derived_from,SN,2026-02-27,,451540.0,453240.0,0.051722937695788396,锡膏、焊锡条价格与锡价高度相关，日度预警先跟随锡价。
2026-03-02,solder_tin_proxy,焊锡/锡膏（锡价代理）,PCB/焊接材料,434575.0,元/吨,锡价代理,derived_from,SN,2026-03-02,,442530.0,444010.0,0.021710866938963402,锡膏、焊锡条价格与锡价高度相关，日度预警先跟随锡价。
2026-03-03,solder_tin_proxy,焊锡/锡膏（锡价代理）,PCB/焊接材料,410050.0,元/吨,锡价代理,derived_from,SN,2026-03-03,,393210.0,394890.0,-0.03697110108523349,锡膏、焊锡条价格与锡价高度相关，日度预警先跟随锡价。
2026-03-04,solder_tin_proxy,焊锡/锡膏（锡价代理）,PCB/焊接材料,410012.5,元/吨,锡价代理,derived_from,SN,2026-03-04,,399600.0,401130.0,-0.021663973659339697,锡膏、焊锡条价格与锡价高度相关，日度预警先跟随锡价。
2026-03-05,solder_tin_proxy,焊锡/锡膏（锡价代理）,PCB/焊接材料,406375.0,元/吨,锡价代理,derived_from,SN,2026-03-05,,391430.0,391810.0,-0.035841279606275034,锡膏、焊锡条价格与锡价高度相关，日度预警先跟随锡价。
2026-03-06,solder_tin_proxy,焊锡/锡膏（锡价代理）,PCB/焊接材料,401025.0,元/吨,锡价代理,derived_from,SN,2026-03-06,,391530.0,393660.0,-0.01836543856368056,锡膏、焊锡条价格与锡价高度相关，日度预警先跟随锡价。
2026-03-09,solder_tin_proxy,焊锡/锡膏（锡价代理）,PCB/焊接材料,379612.5,元/吨,锡价代理,derived_from,SN,2026-03-09,,382160.0,383710.0,0.01079390167605121,锡膏、焊锡条价格与锡价高度相关，日度预警先跟随锡价。
2026-03-10,solder_tin_proxy,焊锡/锡膏（锡价代理）,PCB/焊接材料,400887.5,元/吨,锡价代理,derived_from,SN,2026-03-10,,393000.0,392770.0,-0.0202488229241371,锡膏、焊锡条价格与锡价高度相关，日度预警先跟随锡价。
2026-03-11,solder_tin_proxy,焊锡/锡膏（锡价代理）,PCB/焊接材料,395825.0,元/吨,锡价代理,derived_from,SN,2026-03-11,,392680.0,392740.0,-0.0077938482915429486,锡膏、焊锡条价格与锡价高度相关，日度预警先跟随锡价。
2026-03-12,solder_tin_proxy,焊锡/锡膏（锡价代理）,PCB/焊接材料,392212.5,元/吨,锡价代理,derived_from,SN,2026-03-12,,392000.0,393500.0,0.00328265927271576,锡膏、焊锡条价格与锡价高度相关，日度预警先跟随锡价。
2026-03-13,solder_tin_proxy,焊锡/锡膏（锡价代理）,PCB/焊接材料,387187.5,元/吨,锡价代理,derived_from,SN,2026-03-13,,374000.0,374110.0,-0.03377562550443902,锡膏、焊锡条价格与锡价高度相关，日度预警先跟随锡价。
2026-03-16,solder_tin_proxy,焊锡/锡膏（锡价代理）,PCB/焊接材料,370600.0,元/吨,锡价代理,derived_from,SN,2026-03-16,,374880.0,373360.0,0.00744738262277389,锡膏、焊锡条价格与锡价高度相关，日度预警先跟随锡价。
2026-03-17,solder_tin_proxy,焊锡/锡膏（锡价代理）,PCB/焊接材料,380875.0,元/吨,锡价代理,derived_from,SN,2026-03-17,,375110.0,375110.0,-0.015136199540531692,锡膏、焊锡条价格与锡价高度相关，日度预警先跟随锡价。
2026-03-18,solder_tin_proxy,焊锡/锡膏（锡价代理）,PCB/焊接材料,369387.5,元/吨,锡价代理,derived_from,SN,2026-03-18,,370000.0,370000.0,0.0016581503164021516,锡膏、焊锡条价格与锡价高度相关，日度预警先跟随锡价。
2026-03-19,solder_tin_proxy,焊锡/锡膏（锡价代理）,PCB/焊接材料,355512.5,元/吨,锡价代理,derived_from,SN,2026-03-19,,345730.0,345730.0,-0.027516613339896634,锡膏、焊锡条价格与锡价高度相关，日度预警先跟随锡价。
2026-03-20,solder_tin_proxy,焊锡/锡膏（锡价代理）,PCB/焊接材料,353775.0,元/吨,锡价代理,derived_from,SN,2026-03-20,,342480.0,342480.0,-0.03192707229171088,锡膏、焊锡条价格与锡价高度相关，日度预警先跟随锡价。
2026-03-23,solder_tin_proxy,焊锡/锡膏（锡价代理）,PCB/焊接材料,341925.0,元/吨,锡价代理,derived_from,SN,2026-03-23,,328300.0,327950.0,-0.040871536155589694,锡膏、焊锡条价格与锡价高度相关，日度预警先跟随锡价。
2026-03-24,solder_tin_proxy,焊锡/锡膏（锡价代理）,PCB/焊接材料,343362.5,元/吨,锡价代理,derived_from,SN,2026-03-24,,347970.0,348440.0,0.014787578725108386,锡膏、焊锡条价格与锡价高度相关，日度预警先跟随锡价。
2026-03-25,solder_tin_proxy,焊锡/锡膏（锡价代理）,PCB/焊接材料,357500.0,元/吨,锡价代理,derived_from,SN,2026-03-25,,352430.0,353200.0,-0.012027972027972011,锡膏、焊锡条价格与锡价高度相关，日度预警先跟随锡价。
2026-03-26,solder_tin_proxy,焊锡/锡膏（锡价代理）,PCB/焊接材料,353475.0,元/吨,锡价代理,derived_from,SN,2026-03-26,,348790.0,349500.0,-0.011245491194568191,锡膏、焊锡条价格与锡价高度相关，日度预警先跟随锡价。
2026-03-27,solder_tin_proxy,焊锡/锡膏（锡价代理）,PCB/焊接材料,354212.5,元/吨,锡价代理,derived_from,SN,2026-03-27,,361330.0,362460.0,0.02328404559409969,锡膏、焊锡条价格与锡价高度相关，日度预警先跟随锡价。
2026-03-30,solder_tin_proxy,焊锡/锡膏（锡价代理）,PCB/焊接材料,362162.5,元/吨,锡价代理,derived_from,SN,2026-03-30,,369790.0,370720.0,0.023628895868567312,锡膏、焊锡条价格与锡价高度相关，日度预警先跟随锡价。
2026-03-31,solder_tin_proxy,焊锡/锡膏（锡价代理）,PCB/焊接材料,371037.5,元/吨,锡价代理,derived_from,SN,2026-03-31,,367490.0,368000.0,-0.008186504059562671,锡膏、焊锡条价格与锡价高度相关，日度预警先跟随锡价。
2026-04-01,solder_tin_proxy,焊锡/锡膏（锡价代理）,PCB/焊接材料,375900.0,元/吨,锡价代理,derived_from,SN,2026-04-01,,374320.0,375210.0,-0.0018355945730247347,锡膏、焊锡条价格与锡价高度相关，日度预警先跟随锡价。
2026-04-02,solder_tin_proxy,焊锡/锡膏（锡价代理）,PCB/焊接材料,368425.0,元/吨,锡价代理,derived_from,SN,2026-04-02,,359710.0,360820.0,-0.020641921693696164,锡膏、焊锡条价格与锡价高度相关，日度预警先跟随锡价。
2026-04-03,solder_tin_proxy,焊锡/锡膏（锡价代理）,PCB/焊接材料,366287.5,元/吨,锡价代理,derived_from,SN,2026-04-03,,364580.0,365740.0,-0.0014947275023035056,锡膏、焊锡条价格与锡价高度相关，日度预警先跟随锡价。
2026-04-07,solder_tin_proxy,焊锡/锡膏（锡价代理）,PCB/焊接材料,363875.0,元/吨,锡价代理,derived_from,SN,2026-04-07,,363320.0,363500.0,-0.0010305736860185544,锡膏、焊锡条价格与锡价高度相关，日度预警先跟随锡价。
2026-04-08,solder_tin_proxy,焊锡/锡膏（锡价代理）,PCB/焊接材料,377037.5,元/吨,锡价代理,derived_from,SN,2026-04-08,,377460.0,378990.0,0.005178529987070357,锡膏、焊锡条价格与锡价高度相关，日度预警先跟随锡价。
2026-04-09,solder_tin_proxy,焊锡/锡膏（锡价代理）,PCB/焊接材料,370462.5,元/吨,锡价代理,derived_from,SN,2026-04-09,,369000.0,369390.0,-0.0028950298613219516,锡膏、焊锡条价格与锡价高度相关，日度预警先跟随锡价。
2026-04-10,solder_tin_proxy,焊锡/锡膏（锡价代理）,PCB/焊接材料,378037.5,元/吨,锡价代理,derived_from,SN,2026-04-10,,376430.0,374790.0,-0.00859041761729984,锡膏、焊锡条价格与锡价高度相关，日度预警先跟随锡价。
2026-04-13,solder_tin_proxy,焊锡/锡膏（锡价代理）,PCB/焊接材料,371525.0,元/吨,锡价代理,derived_from,SN,2026-04-13,,371380.0,372060.0,0.0014400107664356288,锡膏、焊锡条价格与锡价高度相关，日度预警先跟随锡价。
2026-04-14,solder_tin_proxy,焊锡/锡膏（锡价代理）,PCB/焊接材料,383087.5,元/吨,锡价代理,derived_from,SN,2026-04-14,,381590.0,382930.0,-0.00041113322674324326,锡膏、焊锡条价格与锡价高度相关，日度预警先跟随锡价。
2026-04-15,solder_tin_proxy,焊锡/锡膏（锡价代理）,PCB/焊接材料,390775.0,元/吨,锡价代理,derived_from,SN,2026-04-15,,393800.0,388870.0,-0.0048749280276373375,锡膏、焊锡条价格与锡价高度相关，日度预警先跟随锡价。
2026-04-16,solder_tin_proxy,焊锡/锡膏（锡价代理）,PCB/焊接材料,389375.0,元/吨,锡价代理,derived_from,SN,2026-04-16,,391260.0,391260.0,0.004841091492776783,锡膏、焊锡条价格与锡价高度相关，日度预警先跟随锡价。
2026-04-17,solder_tin_proxy,焊锡/锡膏（锡价代理）,PCB/焊接材料,389325.0,元/吨,锡价代理,derived_from,SN,2026-04-17,,390660.0,390660.0,0.003429011751107769,锡膏、焊锡条价格与锡价高度相关，日度预警先跟随锡价。
2026-04-20,solder_tin_proxy,焊锡/锡膏（锡价代理）,PCB/焊接材料,392437.5,元/吨,锡价代理,derived_from,SN,2026-04-20,,390880.0,391500.0,-0.0023889154323937234,锡膏、焊锡条价格与锡价高度相关，日度预警先跟随锡价。
2026-04-21,solder_tin_proxy,焊锡/锡膏（锡价代理）,PCB/焊接材料,395862.5,元/吨,锡价代理,derived_from,SN,2026-04-21,,392300.0,393090.0,-0.0070036944646183485,锡膏、焊锡条价格与锡价高度相关，日度预警先跟随锡价。
2026-04-22,solder_tin_proxy,焊锡/锡膏（锡价代理）,PCB/焊接材料,392612.5,元/吨,锡价代理,derived_from,SN,2026-04-22,,394060.0,394920.0,0.005877296316342484,锡膏、焊锡条价格与锡价高度相关，日度预警先跟随锡价。
2026-04-23,solder_tin_proxy,焊锡/锡膏（锡价代理）,PCB/焊接材料,390400.0,元/吨,锡价代理,derived_from,SN,2026-04-23,,390730.0,391230.0,0.0021260245901639774,锡膏、焊锡条价格与锡价高度相关，日度预警先跟随锡价。
2026-04-24,solder_tin_proxy,焊锡/锡膏（锡价代理）,PCB/焊接材料,390375.0,元/吨,锡价代理,derived_from,SN,2026-04-24,,387630.0,388600.0,-0.004546910022414363,锡膏、焊锡条价格与锡价高度相关，日度预警先跟随锡价。
2026-04-27,solder_tin_proxy,焊锡/锡膏（锡价代理）,PCB/焊接材料,391612.5,元/吨,锡价代理,derived_from,SN,2026-04-27,,391290.0,392290.0,0.0017300264930255604,锡膏、焊锡条价格与锡价高度相关，日度预警先跟随锡价。
2026-04-28,solder_tin_proxy,焊锡/锡膏（锡价代理）,PCB/焊接材料,383137.5,元/吨,锡价代理,derived_from,SN,2026-04-28,,383630.0,384600.0,0.003817167465988147,锡膏、焊锡条价格与锡价高度相关，日度预警先跟随锡价。
2026-04-29,solder_tin_proxy,焊锡/锡膏（锡价代理）,PCB/焊接材料,385775.0,元/吨,锡价代理,derived_from,SN,2026-04-29,,387280.0,388300.0,0.00654526602294081,锡膏、焊锡条价格与锡价高度相关，日度预警先跟随锡价。
2026-04-30,solder_tin_proxy,焊锡/锡膏（锡价代理）,PCB/焊接材料,386637.5,元/吨,锡价代理,derived_from,SN,2026-04-30,,386000.0,387370.0,0.0018945394587954745,锡膏、焊锡条价格与锡价高度相关，日度预警先跟随锡价。
2026-05-06,solder_tin_proxy,焊锡/锡膏（锡价代理）,PCB/焊接材料,395575.0,元/吨,锡价代理,derived_from,SN,2026-05-06,,414700.0,415370.0,0.050041079441319525,锡膏、焊锡条价格与锡价高度相关，日度预警先跟随锡价。
2026-05-07,solder_tin_proxy,焊锡/锡膏（锡价代理）,PCB/焊接材料,418087.5,元/吨,锡价代理,derived_from,SN,2026-05-07,,420160.0,421500.0,0.008162167010494326,锡膏、焊锡条价格与锡价高度相关，日度预警先跟随锡价。
2026-05-08,solder_tin_proxy,焊锡/锡膏（锡价代理）,PCB/焊接材料,424887.5,元/吨,锡价代理,derived_from,SN,2026-05-08,,424050.0,425960.0,0.0025241975817127393,锡膏、焊锡条价格与锡价高度相关，日度预警先跟随锡价。
2026-05-11,solder_tin_proxy,焊锡/锡膏（锡价代理）,PCB/焊接材料,430250.0,元/吨,锡价代理,derived_from,SN,2026-05-11,,422390.0,423310.0,-0.016130156885531655,锡膏、焊锡条价格与锡价高度相关，日度预警先跟随锡价。
2026-05-12,solder_tin_proxy,焊锡/锡膏（锡价代理）,PCB/焊接材料,430562.5,元/吨,锡价代理,derived_from,SN,2026-05-12,,423370.0,425060.0,-0.0127797938742924,锡膏、焊锡条价格与锡价高度相关，日度预警先跟随锡价。
2026-05-13,solder_tin_proxy,焊锡/锡膏（锡价代理）,PCB/焊接材料,432575.0,元/吨,锡价代理,derived_from,SN,2026-05-13,,433300.0,434410.0,0.004242038952782856,锡膏、焊锡条价格与锡价高度相关，日度预警先跟随锡价。
2026-05-14,solder_tin_proxy,焊锡/锡膏（锡价代理）,PCB/焊接材料,428062.5,元/吨,锡价代理,derived_from,SN,2026-05-14,,425700.0,426970.0,-0.0025521974010804804,锡膏、焊锡条价格与锡价高度相关，日度预警先跟随锡价。
2026-05-15,solder_tin_proxy,焊锡/锡膏（锡价代理）,PCB/焊接材料,422787.5,元/吨,锡价代理,derived_from,SN,2026-05-15,,411200.0,409060.0,-0.03246902995003398,锡膏、焊锡条价格与锡价高度相关，日度预警先跟随锡价。
2026-05-18,solder_tin_proxy,焊锡/锡膏（锡价代理）,PCB/焊接材料,412550.0,元/吨,锡价代理,derived_from,SN,2026-05-18,,410420.0,410420.0,-0.0051630105441764496,锡膏、焊锡条价格与锡价高度相关，日度预警先跟随锡价。
2026-05-19,solder_tin_proxy,焊锡/锡膏（锡价代理）,PCB/焊接材料,406025.0,元/吨,锡价代理,derived_from,SN,2026-05-19,,409640.0,409640.0,0.00890339264823603,锡膏、焊锡条价格与锡价高度相关，日度预警先跟随锡价。
2026-05-20,solder_tin_proxy,焊锡/锡膏（锡价代理）,PCB/焊接材料,404287.5,元/吨,锡价代理,derived_from,SN,2026-05-20,,417720.0,417720.0,0.03322511826361185,锡膏、焊锡条价格与锡价高度相关，日度预警先跟随锡价。
2026-05-21,solder_tin_proxy,焊锡/锡膏（锡价代理）,PCB/焊接材料,420450.0,元/吨,锡价代理,derived_from,SN,2026-05-21,,413110.0,414110.0,-0.015079081936020922,锡膏、焊锡条价格与锡价高度相关，日度预警先跟随锡价。
2026-05-22,solder_tin_proxy,焊锡/锡膏（锡价代理）,PCB/焊接材料,420525.0,元/吨,锡价代理,derived_from,SN,2026-05-22,,421320.0,422320.0,0.004268473931395178,锡膏、焊锡条价格与锡价高度相关，日度预警先跟随锡价。
2026-05-25,solder_tin_proxy,焊锡/锡膏（锡价代理）,PCB/焊接材料,425775.0,元/吨,锡价代理,derived_from,SN,2026-05-25,,421700.0,422990.0,-0.006541013446068944,锡膏、焊锡条价格与锡价高度相关，日度预警先跟随锡价。
2026-05-26,solder_tin_proxy,焊锡/锡膏（锡价代理）,PCB/焊接材料,423900.0,元/吨,锡价代理,derived_from,SN,2026-05-26,,425360.0,426520.0,0.0061807029959897175,锡膏、焊锡条价格与锡价高度相关，日度预警先跟随锡价。
2026-05-27,solder_tin_proxy,焊锡/锡膏（锡价代理）,PCB/焊接材料,425362.5,元/吨,锡价代理,derived_from,SN,2026-05-27,,420000.0,421060.0,-0.010114901995356917,锡膏、焊锡条价格与锡价高度相关，日度预警先跟随锡价。
2026-05-28,solder_tin_proxy,焊锡/锡膏（锡价代理）,PCB/焊接材料,416687.5,元/吨,锡价代理,derived_from,SN,2026-05-28,,419760.0,421170.0,0.010757462126893547,锡膏、焊锡条价格与锡价高度相关，日度预警先跟随锡价。
2026-05-29,solder_tin_proxy,焊锡/锡膏（锡价代理）,PCB/焊接材料,425012.5,元/吨,锡价代理,derived_from,SN,2026-05-29,,423480.0,424650.0,-0.0008529160907032596,锡膏、焊锡条价格与锡价高度相关，日度预警先跟随锡价。
2026-06-01,solder_tin_proxy,焊锡/锡膏（锡价代理）,PCB/焊接材料,429962.5,元/吨,锡价代理,derived_from,SN,2026-06-01,,430370.0,431840.0,0.004366659883129342,锡膏、焊锡条价格与锡价高度相关，日度预警先跟随锡价。
2026-06-02,solder_tin_proxy,焊锡/锡膏（锡价代理）,PCB/焊接材料,442412.5,元/吨,锡价代理,derived_from,SN,2026-06-02,,448480.0,449820.0,0.016743423840872573,锡膏、焊锡条价格与锡价高度相关，日度预警先跟随锡价。
2026-06-03,solder_tin_proxy,焊锡/锡膏（锡价代理）,PCB/焊接材料,446962.5,元/吨,锡价代理,derived_from,SN,2026-06-03,,443880.0,445480.0,-0.0033168330676510704,锡膏、焊锡条价格与锡价高度相关，日度预警先跟随锡价。
2026-06-04,solder_tin_proxy,焊锡/锡膏（锡价代理）,PCB/焊接材料,442575.0,元/吨,锡价代理,derived_from,SN,2026-06-04,,428910.0,430040.0,-0.028322883127153586,锡膏、焊锡条价格与锡价高度相关，日度预警先跟随锡价。
2026-06-05,solder_tin_proxy,焊锡/锡膏（锡价代理）,PCB/焊接材料,423550.0,元/吨,锡价代理,derived_from,SN,2026-06-05,,416860.0,417850.0,-0.013457679140597367,锡膏、焊锡条价格与锡价高度相关，日度预警先跟随锡价。
2026-06-08,solder_tin_proxy,焊锡/锡膏（锡价代理）,PCB/焊接材料,403037.5,元/吨,锡价代理,derived_from,SN,2026-06-08,,397370.0,398490.0,-0.011283069193313233,锡膏、焊锡条价格与锡价高度相关，日度预警先跟随锡价。
2026-06-09,solder_tin_proxy,焊锡/锡膏（锡价代理）,PCB/焊接材料,398587.5,元/吨,锡价代理,derived_from,SN,2026-06-09,,404500.0,407770.0,0.02303760153040435,锡膏、焊锡条价格与锡价高度相关，日度预警先跟随锡价。
2026-06-10,solder_tin_proxy,焊锡/锡膏（锡价代理）,PCB/焊接材料,396762.5,元/吨,锡价代理,derived_from,SN,2026-06-10,,397710.0,397880.0,0.0028165464226079795,锡膏、焊锡条价格与锡价高度相关，日度预警先跟随锡价。
2026-06-11,solder_tin_proxy,焊锡/锡膏（锡价代理）,PCB/焊接材料,397900.0,元/吨,锡价代理,derived_from,SN,2026-06-11,,398150.0,400160.0,0.005679819050012469,锡膏、焊锡条价格与锡价高度相关，日度预警先跟随锡价。
2026-06-12,solder_tin_proxy,焊锡/锡膏（锡价代理）,PCB/焊接材料,410862.5,元/吨,锡价代理,derived_from,SN,2026-06-12,,407890.0,407990.0,-0.006991390063585734,锡膏、焊锡条价格与锡价高度相关，日度预警先跟随锡价。
2025-12-15,steel_hc,热轧卷板,钢材/泵体结构,3303.33,元/吨,AKShare/生意社现货与期货,akshare_basis,HC,2025-12-15,,3244.0,3233.0,-0.0212906370238517,
2025-12-16,steel_hc,热轧卷板,钢材/泵体结构,3306.67,元/吨,AKShare/生意社现货与期货,akshare_basis,HC,2025-12-16,,3254.0,3246.0,-0.018347763762334934,
2025-12-17,steel_hc,热轧卷板,钢材/泵体结构,3310.0,元/吨,AKShare/生意社现货与期货,akshare_basis,HC,2025-12-17,,3255.0,3245.0,-0.01963746223564955,
2025-12-18,steel_hc,热轧卷板,钢材/泵体结构,3320.0,元/吨,AKShare/生意社现货与期货,akshare_basis,HC,2025-12-18,,3288.0,3277.0,-0.012951807228915646,
2025-12-19,steel_hc,热轧卷板,钢材/泵体结构,3320.0,元/吨,AKShare/生意社现货与期货,akshare_basis,HC,2025-12-19,,3276.0,3269.0,-0.015361445783132477,
2025-12-22,steel_hc,热轧卷板,钢材/泵体结构,3313.33,元/吨,AKShare/生意社现货与期货,akshare_basis,HC,2025-12-22,,3282.0,3277.0,-0.010964799763380051,
2025-12-23,steel_hc,热轧卷板,钢材/泵体结构,3313.33,元/吨,AKShare/生意社现货与期货,akshare_basis,HC,2025-12-23,,3280.0,3281.0,-0.009757555088083514,
2025-12-24,steel_hc,热轧卷板,钢材/泵体结构,3310.0,元/吨,AKShare/生意社现货与期货,akshare_basis,HC,2025-12-24,,3287.0,3285.0,-0.007552870090634434,
2025-12-25,steel_hc,热轧卷板,钢材/泵体结构,3313.33,元/吨,AKShare/生意社现货与期货,akshare_basis,HC,2025-12-25,,3282.0,3280.0,-0.010059366256907731,
2025-12-26,steel_hc,热轧卷板,钢材/泵体结构,3306.67,元/吨,AKShare/生意社现货与期货,akshare_basis,HC,2025-12-26,,3288.0,3283.0,-0.0071582589130454455,
2025-12-29,steel_hc,热轧卷板,钢材/泵体结构,3320.0,元/吨,AKShare/生意社现货与期货,akshare_basis,HC,2025-12-29,,3280.0,3287.0,-0.009939759036144524,
2025-12-30,steel_hc,热轧卷板,钢材/泵体结构,3323.33,元/吨,AKShare/生意社现货与期货,akshare_basis,HC,2025-12-30,,3277.0,3282.0,-0.012436321400522976,
2025-12-31,steel_hc,热轧卷板,钢材/泵体结构,3313.33,元/吨,AKShare/生意社现货与期货,akshare_basis,HC,2025-12-31,,3221.0,3270.0,-0.013077477945148797,
2026-01-05,steel_hc,热轧卷板,钢材/泵体结构,3296.67,元/吨,AKShare/生意社现货与期货,akshare_basis,HC,2026-01-05,,3220.0,3248.0,-0.014763382443496065,
2026-01-06,steel_hc,热轧卷板,钢材/泵体结构,3293.33,元/吨,AKShare/生意社现货与期货,akshare_basis,HC,2026-01-06,,3240.0,3263.0,-0.009209523491420568,
2026-01-07,steel_hc,热轧卷板,钢材/泵体结构,3323.33,元/吨,AKShare/生意社现货与期货,akshare_basis,HC,2026-01-07,,3299.0,3332.0,0.002608829096117482,
2026-01-08,steel_hc,热轧卷板,钢材/泵体结构,3336.67,元/吨,AKShare/生意社现货与期货,akshare_basis,HC,2026-01-08,,3300.0,3317.0,-0.0058950990058951325,
2026-01-09,steel_hc,热轧卷板,钢材/泵体结构,3313.33,元/吨,AKShare/生意社现货与期货,akshare_basis,HC,2026-01-09,,3255.0,3294.0,-0.005834009893370129,
2026-01-12,steel_hc,热轧卷板,钢材/泵体结构,3330.0,元/吨,AKShare/生意社现货与期货,akshare_basis,HC,2026-01-12,,3300.0,3311.0,-0.0057057057057057214,
2026-01-13,steel_hc,热轧卷板,钢材/泵体结构,3330.0,元/吨,AKShare/生意社现货与期货,akshare_basis,HC,2026-01-13,,3280.0,3303.0,-0.008108108108108136,
2026-01-14,steel_hc,热轧卷板,钢材/泵体结构,3320.0,元/吨,AKShare/生意社现货与期货,akshare_basis,HC,2026-01-14,,3251.0,3306.0,-0.004216867469879482,
2026-01-15,steel_hc,热轧卷板,钢材/泵体结构,3306.67,元/吨,AKShare/生意社现货与期货,akshare_basis,HC,2026-01-15,,3329.0,3307.0,9.979828649364642e-05,
2026-01-16,steel_hc,热轧卷板,钢材/泵体结构,3316.67,元/吨,AKShare/生意社现货与期货,akshare_basis,HC,2026-01-16,,3284.0,3315.0,-0.0005035170818924461,
2026-01-19,steel_hc,热轧卷板,钢材/泵体结构,3323.33,元/吨,AKShare/生意社现货与期货,akshare_basis,HC,2026-01-19,,3235.0,3299.0,-0.007320970231665225,
2026-01-20,steel_hc,热轧卷板,钢材/泵体结构,3313.33,元/吨,AKShare/生意社现货与期货,akshare_basis,HC,2026-01-20,,3262.0,3276.0,-0.011266610932204157,
2026-01-21,steel_hc,热轧卷板,钢材/泵体结构,3313.33,元/吨,AKShare/生意社现货与期货,akshare_basis,HC,2026-01-21,,3260.0,3286.0,-0.008248499243962981,
2026-01-22,steel_hc,热轧卷板,钢材/泵体结构,3313.33,元/吨,AKShare/生意社现货与期货,akshare_basis,HC,2026-01-22,,3273.0,3287.0,-0.007946688075138875,
2026-01-23,steel_hc,热轧卷板,钢材/泵体结构,3313.33,元/吨,AKShare/生意社现货与期货,akshare_basis,HC,2026-01-23,,3278.0,3305.0,-0.002514087036304846,
2026-01-26,steel_hc,热轧卷板,钢材/泵体结构,3323.33,元/吨,AKShare/生意社现货与期货,akshare_basis,HC,2026-01-26,,3300.0,3302.0,-0.006418261201866726,
2026-01-27,steel_hc,热轧卷板,钢材/泵体结构,3320.0,元/吨,AKShare/生意社现货与期货,akshare_basis,HC,2026-01-27,,3270.0,3289.0,-0.009337349397590344,
2026-01-28,steel_hc,热轧卷板,钢材/泵体结构,3320.0,元/吨,AKShare/生意社现货与期货,akshare_basis,HC,2026-01-28,,3271.0,3280.0,-0.012048192771084376,
2026-01-29,steel_hc,热轧卷板,钢材/泵体结构,3313.33,元/吨,AKShare/生意社现货与期货,akshare_basis,HC,2026-01-29,,3283.0,3308.0,-0.0016086535298325266,
2026-01-30,steel_hc,热轧卷板,钢材/泵体结构,3323.33,元/吨,AKShare/生意社现货与期货,akshare_basis,HC,2026-01-30,,3260.0,3288.0,-0.01063090334092609,
2026-02-02,steel_hc,热轧卷板,钢材/泵体结构,3316.67,元/吨,AKShare/生意社现货与期货,akshare_basis,HC,2026-02-02,,3250.0,3261.0,-0.016784907753861544,
2026-02-03,steel_hc,热轧卷板,钢材/泵体结构,3313.33,元/吨,AKShare/生意社现货与期货,akshare_basis,HC,2026-02-03,,3255.0,3265.0,-0.01458653378926933,
2026-02-04,steel_hc,热轧卷板,钢材/泵体结构,3313.33,元/吨,AKShare/生意社现货与期货,akshare_basis,HC,2026-02-04,,3250.0,3274.0,-0.01187023326985237,
2026-02-05,steel_hc,热轧卷板,钢材/泵体结构,3310.0,元/吨,AKShare/生意社现货与期货,akshare_basis,HC,2026-02-05,,3250.0,3263.0,-0.014199395770392753,
2026-02-06,steel_hc,热轧卷板,钢材/泵体结构,3313.33,元/吨,AKShare/生意社现货与期货,akshare_basis,HC,2026-02-06,,3250.0,3251.0,-0.01881189015280693,
2026-02-09,steel_hc,热轧卷板,钢材/泵体结构,3310.0,元/吨,AKShare/生意社现货与期货,akshare_basis,HC,2026-02-09,,3220.0,3239.0,-0.02145015105740178,
2026-02-10,steel_hc,热轧卷板,钢材/泵体结构,3303.33,元/吨,AKShare/生意社现货与期货,akshare_basis,HC,2026-02-10,,3210.0,3220.0,-0.025226059763935105,
2026-02-11,steel_hc,热轧卷板,钢材/泵体结构,3313.33,元/吨,AKShare/生意社现货与期货,akshare_basis,HC,2026-02-11,,3215.0,3228.0,-0.025753547035761604,
2026-02-12,steel_hc,热轧卷板,钢材/泵体结构,3313.33,元/吨,AKShare/生意社现货与期货,akshare_basis,HC,2026-02-12,,3200.0,3218.0,-0.02877165872400267,
2026-02-13,steel_hc,热轧卷板,钢材/泵体结构,3310.0,元/吨,AKShare/生意社现货与期货,akshare_basis,HC,2026-02-13,,3200.0,3222.0,-0.026586102719033278,
2026-02-24,steel_hc,热轧卷板,钢材/泵体结构,3264.0,元/吨,AKShare/生意社现货与期货,akshare_basis,HC,2026-02-24,,3220.0,3195.0,-0.02113970588235292,
2026-02-25,steel_hc,热轧卷板,钢材/泵体结构,3242.0,元/吨,AKShare/生意社现货与期货,akshare_basis,HC,2026-02-25,,3225.0,3236.0,-0.0018507094386180922,
2026-02-26,steel_hc,热轧卷板,钢材/泵体结构,3250.0,元/吨,AKShare/生意社现货与期货,akshare_basis,HC,2026-02-26,,3209.0,3218.0,-0.009846153846153838,
2026-02-27,steel_hc,热轧卷板,钢材/泵体结构,3244.0,元/吨,AKShare/生意社现货与期货,akshare_basis,HC,2026-02-27,,3230.0,3215.0,-0.008939580764488309,
2026-03-02,steel_hc,热轧卷板,钢材/泵体结构,3246.0,元/吨,AKShare/生意社现货与期货,akshare_basis,HC,2026-03-02,,3192.0,3219.0,-0.008317929759704246,
2026-03-03,steel_hc,热轧卷板,钢材/泵体结构,3246.0,元/吨,AKShare/生意社现货与期货,akshare_basis,HC,2026-03-03,,3210.0,3219.0,-0.008317929759704246,
2026-03-04,steel_hc,热轧卷板,钢材/泵体结构,3244.0,元/吨,AKShare/生意社现货与期货,akshare_basis,HC,2026-03-04,,3202.0,3212.0,-0.009864364981504337,
2026-03-05,steel_hc,热轧卷板,钢材/泵体结构,3254.0,元/吨,AKShare/生意社现货与期货,akshare_basis,HC,2026-03-05,,3200.0,3209.0,-0.013829133374308578,
2026-03-06,steel_hc,热轧卷板,钢材/泵体结构,3254.0,元/吨,AKShare/生意社现货与期货,akshare_basis,HC,2026-03-06,,3215.0,3230.0,-0.007375537799631182,
2026-03-09,steel_hc,热轧卷板,钢材/泵体结构,3286.0,元/吨,AKShare/生意社现货与期货,akshare_basis,HC,2026-03-09,,3258.0,3270.0,-0.004869141813755307,
2026-03-10,steel_hc,热轧卷板,钢材/泵体结构,3274.0,元/吨,AKShare/生意社现货与期货,akshare_basis,HC,2026-03-10,,3245.0,3256.0,-0.005497861942577842,
2026-03-11,steel_hc,热轧卷板,钢材/泵体结构,3280.0,元/吨,AKShare/生意社现货与期货,akshare_basis,HC,2026-03-11,,3242.0,3269.0,-0.0033536585365853133,
2026-03-12,steel_hc,热轧卷板,钢材/泵体结构,3291.0,元/吨,AKShare/生意社现货与期货,akshare_basis,HC,2026-03-12,,3249.0,3275.0,-0.0048617441507140535,
2026-03-13,steel_hc,热轧卷板,钢材/泵体结构,3312.0,元/吨,AKShare/生意社现货与期货,akshare_basis,HC,2026-03-13,,3290.0,3295.0,-0.005132850241545861,
2026-03-16,steel_hc,热轧卷板,钢材/泵体结构,3306.0,元/吨,AKShare/生意社现货与期货,akshare_basis,HC,2026-03-16,,3285.0,3299.0,-0.0021173623714458856,
2026-03-17,steel_hc,热轧卷板,钢材/泵体结构,3316.0,元/吨,AKShare/生意社现货与期货,akshare_basis,HC,2026-03-17,,3304.0,3313.0,-0.000904704463208672,
2026-03-18,steel_hc,热轧卷板,钢材/泵体结构,3340.0,元/吨,AKShare/生意社现货与期货,akshare_basis,HC,2026-03-18,,3295.0,3310.0,-0.008982035928143728,
2026-03-19,steel_hc,热轧卷板,钢材/泵体结构,3314.0,元/吨,AKShare/生意社现货与期货,akshare_basis,HC,2026-03-19,,3294.0,3302.0,-0.0036210018105009567,
2026-03-20,steel_hc,热轧卷板,钢材/泵体结构,3319.0,元/吨,AKShare/生意社现货与期货,akshare_basis,HC,2026-03-20,,3299.0,3297.0,-0.006628502561012328,
2026-03-23,steel_hc,热轧卷板,钢材/泵体结构,3328.0,元/吨,AKShare/生意社现货与期货,akshare_basis,HC,2026-03-23,,3332.0,3330.0,0.0006009615384614531,
2026-03-24,steel_hc,热轧卷板,钢材/泵体结构,3332.0,元/吨,AKShare/生意社现货与期货,akshare_basis,HC,2026-03-24,,3318.0,3324.0,-0.0024009603841537164,
2026-03-25,steel_hc,热轧卷板,钢材/泵体结构,3319.0,元/吨,AKShare/生意社现货与期货,akshare_basis,HC,2026-03-25,,3295.0,3313.0,-0.0018077734257306854,
2026-03-26,steel_hc,热轧卷板,钢材/泵体结构,3318.0,元/吨,AKShare/生意社现货与期货,akshare_basis,HC,2026-03-26,,3299.0,3305.0,-0.003918022905364693,
2026-03-27,steel_hc,热轧卷板,钢材/泵体结构,3308.0,元/吨,AKShare/生意社现货与期货,akshare_basis,HC,2026-03-27,,3280.0,3299.0,-0.0027206771463119672,
2026-03-30,steel_hc,热轧卷板,钢材/泵体结构,3318.0,元/吨,AKShare/生意社现货与期货,akshare_basis,HC,2026-03-30,,3305.0,3308.0,-0.003013863773357439,
2026-03-31,steel_hc,热轧卷板,钢材/泵体结构,3314.0,元/吨,AKShare/生意社现货与期货,akshare_basis,HC,2026-03-31,,3282.0,3310.0,-0.001207000603500319,
2026-04-01,steel_hc,热轧卷板,钢材/泵体结构,3313.0,元/吨,AKShare/生意社现货与期货,akshare_basis,HC,2026-04-01,,3290.0,3308.0,-0.001509206157561116,
2026-04-02,steel_hc,热轧卷板,钢材/泵体结构,3296.0,元/吨,AKShare/生意社现货与期货,akshare_basis,HC,2026-04-02,,3275.0,3295.0,-0.00030339805825241317,
2026-04-03,steel_hc,热轧卷板,钢材/泵体结构,3295.0,元/吨,AKShare/生意社现货与期货,akshare_basis,HC,2026-04-03,,3250.0,3285.0,-0.003034901365705611,
2026-04-07,steel_hc,热轧卷板,钢材/泵体结构,3292.0,元/吨,AKShare/生意社现货与期货,akshare_basis,HC,2026-04-07,,3250.0,3275.0,-0.005164034021871156,
2026-04-08,steel_hc,热轧卷板,钢材/泵体结构,3274.0,元/吨,AKShare/生意社现货与期货,akshare_basis,HC,2026-04-08,,3255.0,3282.0,0.0024434941967013124,
2026-04-09,steel_hc,热轧卷板,钢材/泵体结构,3278.0,元/吨,AKShare/生意社现货与期货,akshare_basis,HC,2026-04-09,,3255.0,3270.0,-0.0024405125076265577,
2026-04-10,steel_hc,热轧卷板,钢材/泵体结构,3292.0,元/吨,AKShare/生意社现货与期货,akshare_basis,HC,2026-04-10,,3255.0,3273.0,-0.005771567436208991,
2026-04-13,steel_hc,热轧卷板,钢材/泵体结构,3290.0,元/吨,AKShare/生意社现货与期货,akshare_basis,HC,2026-04-13,,3250.0,3278.0,-0.0036474164133738496,
2026-04-14,steel_hc,热轧卷板,钢材/泵体结构,3289.0,元/吨,AKShare/生意社现货与期货,akshare_basis,HC,2026-04-14,,3252.0,3279.0,-0.0030404378230465268,
2026-04-15,steel_hc,热轧卷板,钢材/泵体结构,3289.0,元/吨,AKShare/生意社现货与期货,akshare_basis,HC,2026-04-15,,3275.0,3290.0,0.0003040437823047526,
2026-04-16,steel_hc,热轧卷板,钢材/泵体结构,3314.0,元/吨,AKShare/生意社现货与期货,akshare_basis,HC,2026-04-16,,3306.0,3326.0,0.0036210018105009567,
2026-04-17,steel_hc,热轧卷板,钢材/泵体结构,3328.0,元/吨,AKShare/生意社现货与期货,akshare_basis,HC,2026-04-17,,3307.0,3324.0,-0.0012019230769231282,
2026-04-20,steel_hc,热轧卷板,钢材/泵体结构,3360.0,元/吨,AKShare/生意社现货与期货,akshare_basis,HC,2026-04-20,,3339.0,3362.0,0.0005952380952380931,
2026-04-21,steel_hc,热轧卷板,钢材/泵体结构,3366.0,元/吨,AKShare/生意社现货与期货,akshare_basis,HC,2026-04-21,,3340.0,3366.0,0.0,
2026-04-22,steel_hc,热轧卷板,钢材/泵体结构,3382.0,元/吨,AKShare/生意社现货与期货,akshare_basis,HC,2026-04-22,,3361.0,3388.0,0.0017740981667653255,
2026-04-23,steel_hc,热轧卷板,钢材/泵体结构,3400.0,元/吨,AKShare/生意社现货与期货,akshare_basis,HC,2026-04-23,,3361.0,3385.0,-0.004411764705882337,
2026-04-24,steel_hc,热轧卷板,钢材/泵体结构,3400.0,元/吨,AKShare/生意社现货与期货,akshare_basis,HC,2026-04-24,,3366.0,3392.0,-0.0023529411764705577,
2026-04-27,steel_hc,热轧卷板,钢材/泵体结构,3408.0,元/吨,AKShare/生意社现货与期货,akshare_basis,HC,2026-04-27,,3375.0,3394.0,-0.004107981220657253,
2026-04-28,steel_hc,热轧卷板,钢材/泵体结构,3396.0,元/吨,AKShare/生意社现货与期货,akshare_basis,HC,2026-04-28,,3357.0,3378.0,-0.005300353356890497,
2026-04-29,steel_hc,热轧卷板,钢材/泵体结构,3408.0,元/吨,AKShare/生意社现货与期货,akshare_basis,HC,2026-04-29,,3380.0,3407.0,-0.0002934272300469942,
2026-04-30,steel_hc,热轧卷板,钢材/泵体结构,3424.0,元/吨,AKShare/生意社现货与期货,akshare_basis,HC,2026-04-30,,3431.0,3425.0,0.00029205607476634476,
2026-05-06,steel_hc,热轧卷板,钢材/泵体结构,3488.0,元/吨,AKShare/生意社现货与期货,akshare_basis,HC,2026-05-06,,3470.0,3493.0,0.0014334862385321223,
2026-05-07,steel_hc,热轧卷板,钢材/泵体结构,3496.0,元/吨,AKShare/生意社现货与期货,akshare_basis,HC,2026-05-07,,3473.0,3492.0,-0.0011441647597254523,
2026-05-08,steel_hc,热轧卷板,钢材/泵体结构,3498.0,元/吨,AKShare/生意社现货与期货,akshare_basis,HC,2026-05-08,,3455.0,3473.0,-0.007146941109205218,
2026-05-11,steel_hc,热轧卷板,钢材/泵体结构,3502.0,元/吨,AKShare/生意社现货与期货,akshare_basis,HC,2026-05-11,,3472.0,3497.0,-0.0014277555682467025,
2026-05-12,steel_hc,热轧卷板,钢材/泵体结构,3488.0,元/吨,AKShare/生意社现货与期货,akshare_basis,HC,2026-05-12,,3447.0,3471.0,-0.004873853211009194,
2026-05-13,steel_hc,热轧卷板,钢材/泵体结构,3482.0,元/吨,AKShare/生意社现货与期货,akshare_basis,HC,2026-05-13,,3449.0,3481.0,-0.0002871912693853673,
2026-05-14,steel_hc,热轧卷板,钢材/泵体结构,3482.0,元/吨,AKShare/生意社现货与期货,akshare_basis,HC,2026-05-14,,3455.0,3478.0,-0.0011487650775416913,
2026-05-15,steel_hc,热轧卷板,钢材/泵体结构,3457.0,元/吨,AKShare/生意社现货与期货,akshare_basis,HC,2026-05-15,,3440.0,3446.0,-0.0031819496673416436,
2026-05-18,steel_hc,热轧卷板,钢材/泵体结构,3450.0,元/吨,AKShare/生意社现货与期货,akshare_basis,HC,2026-05-18,,3413.0,3429.0,-0.006086956521739184,
2026-05-19,steel_hc,热轧卷板,钢材/泵体结构,3434.0,元/吨,AKShare/生意社现货与期货,akshare_basis,HC,2026-05-19,,3400.0,3428.0,-0.0017472335468841083,
2026-05-20,steel_hc,热轧卷板,钢材/泵体结构,3432.0,元/吨,AKShare/生意社现货与期货,akshare_basis,HC,2026-05-20,,3385.0,3418.0,-0.004079254079254024,
2026-05-21,steel_hc,热轧卷板,钢材/泵体结构,3420.0,元/吨,AKShare/生意社现货与期货,akshare_basis,HC,2026-05-21,,3390.0,3394.0,-0.007602339181286499,
2026-05-22,steel_hc,热轧卷板,钢材/泵体结构,3412.0,元/吨,AKShare/生意社现货与期货,akshare_basis,HC,2026-05-22,,3375.0,3385.0,-0.007913247362250853,
2026-05-25,steel_hc,热轧卷板,钢材/泵体结构,3450.0,元/吨,AKShare/生意社现货与期货,akshare_basis,HC,2026-05-25,,3418.0,3432.0,-0.00521739130434784,
2026-05-26,steel_hc,热轧卷板,钢材/泵体结构,3398.0,元/吨,AKShare/生意社现货与期货,akshare_basis,HC,2026-05-26,,3343.0,3366.0,-0.009417304296645113,
2026-05-27,steel_hc,热轧卷板,钢材/泵体结构,3384.0,元/吨,AKShare/生意社现货与期货,akshare_basis,HC,2026-05-27,,3328.0,3363.0,-0.006205673758865271,
2026-05-28,steel_hc,热轧卷板,钢材/泵体结构,3398.0,元/吨,AKShare/生意社现货与期货,akshare_basis,HC,2026-05-28,,3340.0,3365.0,-0.009711595055915234,
2026-05-29,steel_hc,热轧卷板,钢材/泵体结构,3398.0,元/吨,AKShare/生意社现货与期货,akshare_basis,HC,2026-05-29,,3427.0,3382.0,-0.004708652148322501,
2026-06-01,steel_hc,热轧卷板,钢材/泵体结构,3418.0,元/吨,AKShare/生意社现货与期货,akshare_basis,HC,2026-06-01,,3390.0,3400.0,-0.0052662375658280025,
2026-06-02,steel_hc,热轧卷板,钢材/泵体结构,3418.0,元/吨,AKShare/生意社现货与期货,akshare_basis,HC,2026-06-02,,3375.0,3399.0,-0.005558806319485132,
2026-06-03,steel_hc,热轧卷板,钢材/泵体结构,3412.0,元/吨,AKShare/生意社现货与期货,akshare_basis,HC,2026-06-03,,3350.0,3386.0,-0.007620164126611928,
2026-06-04,steel_hc,热轧卷板,钢材/泵体结构,3403.0,元/吨,AKShare/生意社现货与期货,akshare_basis,HC,2026-06-04,,3360.0,3377.0,-0.007640317367029081,
2026-06-05,steel_hc,热轧卷板,钢材/泵体结构,3404.0,元/吨,AKShare/生意社现货与期货,akshare_basis,HC,2026-06-05,,3366.0,3381.0,-0.006756756756756799,
2026-06-08,steel_hc,热轧卷板,钢材/泵体结构,3394.0,元/吨,AKShare/生意社现货与期货,akshare_basis,HC,2026-06-08,,3349.0,3373.0,-0.006187389510901586,
2026-06-09,steel_hc,热轧卷板,钢材/泵体结构,3378.0,元/吨,AKShare/生意社现货与期货,akshare_basis,HC,2026-06-09,,3324.0,3361.0,-0.005032563647128452,
2026-06-10,steel_hc,热轧卷板,钢材/泵体结构,3390.0,元/吨,AKShare/生意社现货与期货,akshare_basis,HC,2026-06-10,,3324.0,3380.0,-0.002949852507374673,
2026-06-11,steel_hc,热轧卷板,钢材/泵体结构,3380.0,元/吨,AKShare/生意社现货与期货,akshare_basis,HC,2026-06-11,,3324.0,3358.0,-0.0065088757396449815,
2026-06-12,steel_hc,热轧卷板,钢材/泵体结构,3390.0,元/吨,AKShare/生意社现货与期货,akshare_basis,HC,2026-06-12,,3360.0,3379.0,-0.003244837758112129,
2025-12-15,styrene,苯乙烯,ABS上游材料,6774.0,元/吨,AKShare/生意社现货与期货,akshare_basis,EB,2025-12-15,,6499.0,6500.0,-0.04044877472689701,
2025-12-16,styrene,苯乙烯,ABS上游材料,6780.0,元/吨,AKShare/生意社现货与期货,akshare_basis,EB,2025-12-16,,6550.0,6513.0,-0.03938053097345129,
2025-12-17,styrene,苯乙烯,ABS上游材料,6776.0,元/吨,AKShare/生意社现货与期货,akshare_basis,EB,2025-12-17,,6460.0,6404.0,-0.05489964580873674,
2025-12-18,styrene,苯乙烯,ABS上游材料,6756.0,元/吨,AKShare/生意社现货与期货,akshare_basis,EB,2025-12-18,,6450.0,6385.0,-0.05491415038484315,
2025-12-19,styrene,苯乙烯,ABS上游材料,6716.0,元/吨,AKShare/生意社现货与期货,akshare_basis,EB,2025-12-19,,6407.0,6402.0,-0.04675402025014885,
2025-12-22,styrene,苯乙烯,ABS上游材料,6636.0,元/吨,AKShare/生意社现货与期货,akshare_basis,EB,2025-12-22,,6426.0,6540.0,-0.01446654611211573,
2025-12-23,styrene,苯乙烯,ABS上游材料,6642.0,元/吨,AKShare/生意社现货与期货,akshare_basis,EB,2025-12-23,,6426.0,6509.0,-0.020024089129780154,
2025-12-24,styrene,苯乙烯,ABS上游材料,6682.0,元/吨,AKShare/生意社现货与期货,akshare_basis,EB,2025-12-24,,6426.0,6598.0,-0.012571086501047546,
2025-12-25,styrene,苯乙烯,ABS上游材料,6688.0,元/吨,AKShare/生意社现货与期货,akshare_basis,EB,2025-12-25,,6426.0,6638.0,-0.007476076555023914,
2025-12-26,styrene,苯乙烯,ABS上游材料,6688.0,元/吨,AKShare/生意社现货与期货,akshare_basis,EB,2025-12-26,,6531.0,6787.0,0.014802631578947345,
2025-12-29,styrene,苯乙烯,ABS上游材料,6728.0,元/吨,AKShare/生意社现货与期货,akshare_basis,EB,2025-12-29,,6662.0,6737.0,0.0013376932223543303,
2025-12-30,styrene,苯乙烯,ABS上游材料,6748.0,元/吨,AKShare/生意社现货与期货,akshare_basis,EB,2025-12-30,,6700.0,6781.0,0.004890337877889728,
2025-12-31,styrene,苯乙烯,ABS上游材料,6760.0,元/吨,AKShare/生意社现货与期货,akshare_basis,EB,2025-12-31,,6676.0,6791.0,0.004585798816568065,
2026-01-05,styrene,苯乙烯,ABS上游材料,6792.0,元/吨,AKShare/生意社现货与期货,akshare_basis,EB,2026-01-05,,6632.0,6739.0,-0.007803297997644343,
2026-01-06,styrene,苯乙烯,ABS上游材料,6792.0,元/吨,AKShare/生意社现货与期货,akshare_basis,EB,2026-01-06,,6686.0,6811.0,0.002797408716136651,
2026-01-07,styrene,苯乙烯,ABS上游材料,6792.0,元/吨,AKShare/生意社现货与期货,akshare_basis,EB,2026-01-07,,6704.0,6828.0,0.005300353356890497,
2026-01-08,styrene,苯乙烯,ABS上游材料,6792.0,元/吨,AKShare/生意社现货与期货,akshare_basis,EB,2026-01-08,,6688.0,6807.0,0.0022084805653710404,
2026-01-09,styrene,苯乙烯,ABS上游材料,6850.0,元/吨,AKShare/生意社现货与期货,akshare_basis,EB,2026-01-09,,6778.0,6895.0,0.006569343065693456,
2026-01-12,styrene,苯乙烯,ABS上游材料,6964.0,元/吨,AKShare/生意社现货与期货,akshare_basis,EB,2026-01-12,,6775.0,7074.0,0.015795519816197645,
2026-01-13,styrene,苯乙烯,ABS上游材料,7080.0,元/吨,AKShare/生意社现货与期货,akshare_basis,EB,2026-01-13,,6952.0,7028.0,-0.007344632768361614,
2026-01-14,styrene,苯乙烯,ABS上游材料,7090.0,元/吨,AKShare/生意社现货与期货,akshare_basis,EB,2026-01-14,,6982.0,7116.0,0.003667136812411931,
2026-01-15,styrene,苯乙烯,ABS上游材料,7116.0,元/吨,AKShare/生意社现货与期货,akshare_basis,EB,2026-01-15,,6994.0,7103.0,-0.0018268690275435873,
2026-01-16,styrene,苯乙烯,ABS上游材料,7122.0,元/吨,AKShare/生意社现货与期货,akshare_basis,EB,2026-01-16,,6994.0,7231.0,0.015304689693906193,
2026-01-19,styrene,苯乙烯,ABS上游材料,7196.0,元/吨,AKShare/生意社现货与期货,akshare_basis,EB,2026-01-19,,6994.0,7348.0,0.021122846025569686,
2026-01-20,styrene,苯乙烯,ABS上游材料,7202.0,元/吨,AKShare/生意社现货与期货,akshare_basis,EB,2026-01-20,,6994.0,7248.0,0.006387114690363793,
2026-01-21,styrene,苯乙烯,ABS上游材料,7242.0,元/吨,AKShare/生意社现货与期货,akshare_basis,EB,2026-01-21,,6994.0,7340.0,0.01353217343275337,
2026-01-22,styrene,苯乙烯,ABS上游材料,7470.0,元/吨,AKShare/生意社现货与期货,akshare_basis,EB,2026-01-22,,6994.0,7694.0,0.0299866131191433,
2026-01-23,styrene,苯乙烯,ABS上游材料,7650.0,元/吨,AKShare/生意社现货与期货,akshare_basis,EB,2026-01-23,,6994.0,7708.0,0.007581699346405291,
2026-01-26,styrene,苯乙烯,ABS上游材料,7754.0,元/吨,AKShare/生意社现货与期货,akshare_basis,EB,2026-01-26,,6994.0,7702.0,-0.006706216146505017,
2026-01-27,styrene,苯乙烯,ABS上游材料,7748.0,元/吨,AKShare/生意社现货与期货,akshare_basis,EB,2026-01-27,,6994.0,7649.0,-0.012777490965410476,
2026-01-28,styrene,苯乙烯,ABS上游材料,7740.0,元/吨,AKShare/生意社现货与期货,akshare_basis,EB,2026-01-28,,7868.0,7785.0,0.005813953488372103,
2026-01-29,styrene,苯乙烯,ABS上游材料,7830.0,元/吨,AKShare/生意社现货与期货,akshare_basis,EB,2026-01-29,,8020.0,7913.0,0.01060025542784171,
2026-01-30,styrene,苯乙烯,ABS上游材料,7874.0,元/吨,AKShare/生意社现货与期货,akshare_basis,EB,2026-01-30,,7806.0,7714.0,-0.020320040640081305,
2026-02-02,styrene,苯乙烯,ABS上游材料,7840.0,元/吨,AKShare/生意社现货与期货,akshare_basis,EB,2026-02-02,,7538.0,7438.0,-0.05127551020408161,
2026-02-03,styrene,苯乙烯,ABS上游材料,7800.0,元/吨,AKShare/生意社现货与期货,akshare_basis,EB,2026-02-03,,7745.0,7661.0,-0.01782051282051278,
2026-02-04,styrene,苯乙烯,ABS上游材料,7720.0,元/吨,AKShare/生意社现货与期货,akshare_basis,EB,2026-02-04,,7820.0,7777.0,0.007383419689119153,
2026-02-05,styrene,苯乙烯,ABS上游材料,7752.0,元/吨,AKShare/生意社现货与期货,akshare_basis,EB,2026-02-05,,7706.0,7689.0,-0.008126934984520107,
2026-02-06,styrene,苯乙烯,ABS上游材料,7730.0,元/吨,AKShare/生意社现货与期货,akshare_basis,EB,2026-02-06,,7718.0,7625.0,-0.013583441138421692,
2026-02-09,styrene,苯乙烯,ABS上游材料,7688.0,元/吨,AKShare/生意社现货与期货,akshare_basis,EB,2026-02-09,,7510.0,7438.0,-0.03251821019771073,
2026-02-10,styrene,苯乙烯,ABS上游材料,7678.0,元/吨,AKShare/生意社现货与期货,akshare_basis,EB,2026-02-10,,7420.0,7447.0,-0.03008595988538687,
2026-02-11,styrene,苯乙烯,ABS上游材料,7608.0,元/吨,AKShare/生意社现货与期货,akshare_basis,EB,2026-02-11,,7868.0,7785.0,0.023264984227129304,
2026-02-12,styrene,苯乙烯,ABS上游材料,7608.0,元/吨,AKShare/生意社现货与期货,akshare_basis,EB,2026-02-12,,7460.0,7440.0,-0.02208201892744477,
2026-02-13,styrene,苯乙烯,ABS上游材料,7594.0,元/吨,AKShare/生意社现货与期货,akshare_basis,EB,2026-02-13,,7360.0,7338.0,-0.03371082433500128,
2026-02-24,styrene,苯乙烯,ABS上游材料,7530.0,元/吨,AKShare/生意社现货与期货,akshare_basis,EB,2026-02-24,,7580.0,7651.0,0.016069057104913576,
2026-02-25,styrene,苯乙烯,ABS上游材料,7550.0,元/吨,AKShare/生意社现货与期货,akshare_basis,EB,2026-02-25,,7584.0,7578.0,0.0037086092715232777,
2026-02-26,styrene,苯乙烯,ABS上游材料,7636.0,元/吨,AKShare/生意社现货与期货,akshare_basis,EB,2026-02-26,,7596.0,7570.0,-0.00864326872708221,
2026-02-27,styrene,苯乙烯,ABS上游材料,7630.0,元/吨,AKShare/生意社现货与期货,akshare_basis,EB,2026-02-27,,7550.0,7524.0,-0.013892529488859773,
2026-03-02,styrene,苯乙烯,ABS上游材料,7890.0,元/吨,AKShare/生意社现货与期货,akshare_basis,EB,2026-03-02,,7965.0,7966.0,0.009632446134347328,
2026-03-03,styrene,苯乙烯,ABS上游材料,7910.0,元/吨,AKShare/生意社现货与期货,akshare_basis,EB,2026-03-03,,8135.0,8081.0,0.021618204804045416,
2026-03-04,styrene,苯乙烯,ABS上游材料,8060.0,元/吨,AKShare/生意社现货与期货,akshare_basis,EB,2026-03-04,,8241.0,8213.0,0.018982630272952772,
2026-03-05,styrene,苯乙烯,ABS上游材料,8500.0,元/吨,AKShare/生意社现货与期货,akshare_basis,EB,2026-03-05,,8531.0,8656.0,0.018352941176470683,
2026-03-06,styrene,苯乙烯,ABS上游材料,8910.0,元/吨,AKShare/生意社现货与期货,akshare_basis,EB,2026-03-06,,8784.0,8909.0,-0.00011223344556676729,
2026-03-09,styrene,苯乙烯,ABS上游材料,11570.0,元/吨,AKShare/生意社现货与期货,akshare_basis,EB,2026-03-09,,9364.0,9587.0,-0.17139152981849615,
2026-03-10,styrene,苯乙烯,ABS上游材料,10500.0,元/吨,AKShare/生意社现货与期货,akshare_basis,EB,2026-03-10,,9951.0,9915.0,-0.055714285714285716,
2026-03-11,styrene,苯乙烯,ABS上游材料,10500.0,元/吨,AKShare/生意社现货与期货,akshare_basis,EB,2026-03-11,,9510.0,9820.0,-0.0647619047619048,
2026-03-12,styrene,苯乙烯,ABS上游材料,10540.0,元/吨,AKShare/生意社现货与期货,akshare_basis,EB,2026-03-12,,9910.0,9926.0,-0.058254269449715346,
2026-03-13,styrene,苯乙烯,ABS上游材料,10400.0,元/吨,AKShare/生意社现货与期货,akshare_basis,EB,2026-03-13,,9801.0,10000.0,-0.038461538461538436,
2026-03-16,styrene,苯乙烯,ABS上游材料,10320.0,元/吨,AKShare/生意社现货与期货,akshare_basis,EB,2026-03-16,,9801.0,10146.0,-0.016860465116279033,
2026-03-17,styrene,苯乙烯,ABS上游材料,10310.0,元/吨,AKShare/生意社现货与期货,akshare_basis,EB,2026-03-17,,9801.0,10204.0,-0.010281280310378227,
2026-03-18,styrene,苯乙烯,ABS上游材料,10280.0,元/吨,AKShare/生意社现货与期货,akshare_basis,EB,2026-03-18,,10095.0,9956.0,-0.03151750972762646,
2026-03-19,styrene,苯乙烯,ABS上游材料,10290.0,元/吨,AKShare/生意社现货与期货,akshare_basis,EB,2026-03-19,,10450.0,10221.0,-0.006705539358600632,
2026-03-20,styrene,苯乙烯,ABS上游材料,10610.0,元/吨,AKShare/生意社现货与期货,akshare_basis,EB,2026-03-20,,10382.0,10151.0,-0.04326107445805849,
2026-03-23,styrene,苯乙烯,ABS上游材料,10590.0,元/吨,AKShare/生意社现货与期货,akshare_basis,EB,2026-03-23,,10850.0,11070.0,0.04532577903682711,
2026-03-24,styrene,苯乙烯,ABS上游材料,10720.0,元/吨,AKShare/生意社现货与期货,akshare_basis,EB,2026-03-24,,10631.0,10242.0,-0.04458955223880601,
2026-03-25,styrene,苯乙烯,ABS上游材料,10720.0,元/吨,AKShare/生意社现货与期货,akshare_basis,EB,2026-03-25,,10631.0,10105.0,-0.05736940298507465,
2026-03-26,styrene,苯乙烯,ABS上游材料,9990.0,元/吨,AKShare/生意社现货与期货,akshare_basis,EB,2026-03-26,,10093.0,10046.0,0.005605605605605524,
2026-03-27,styrene,苯乙烯,ABS上游材料,9990.0,元/吨,AKShare/生意社现货与期货,akshare_basis,EB,2026-03-27,,10667.0,10624.0,0.06346346346346343,
2026-03-30,styrene,苯乙烯,ABS上游材料,10560.0,元/吨,AKShare/生意社现货与期货,akshare_basis,EB,2026-03-30,,10811.0,10789.0,0.0216856060606061,
2026-03-31,styrene,苯乙烯,ABS上游材料,10890.0,元/吨,AKShare/生意社现货与期货,akshare_basis,EB,2026-03-31,,10685.0,10597.0,-0.026905417814508725,
2026-04-01,styrene,苯乙烯,ABS上游材料,10552.0,元/吨,AKShare/生意社现货与期货,akshare_basis,EB,2026-04-01,,9966.0,9856.0,-0.06595905989385897,
2026-04-02,styrene,苯乙烯,ABS上游材料,10500.0,元/吨,AKShare/生意社现货与期货,akshare_basis,EB,2026-04-02,,10587.0,10331.0,-0.01609523809523805,
2026-04-03,styrene,苯乙烯,ABS上游材料,10540.0,元/吨,AKShare/生意社现货与期货,akshare_basis,EB,2026-04-03,,10476.0,10596.0,0.0053130929791271875,
2026-04-07,styrene,苯乙烯,ABS上游材料,10500.0,元/吨,AKShare/生意社现货与期货,akshare_basis,EB,2026-04-07,,10476.0,10669.0,0.016095238095238162,
2026-04-08,styrene,苯乙烯,ABS上游材料,10720.0,元/吨,AKShare/生意社现货与期货,akshare_basis,EB,2026-04-08,,10012.0,9915.0,-0.07509328358208955,
2026-04-09,styrene,苯乙烯,ABS上游材料,10170.0,元/吨,AKShare/生意社现货与期货,akshare_basis,EB,2026-04-09,,10019.0,10171.0,9.83284169124854e-05,
2026-04-10,styrene,苯乙烯,ABS上游材料,10180.0,元/吨,AKShare/生意社现货与期货,akshare_basis,EB,2026-04-10,,10019.0,9943.0,-0.02328094302554029,
2026-04-13,styrene,苯乙烯,ABS上游材料,10140.0,元/吨,AKShare/生意社现货与期货,akshare_basis,EB,2026-04-13,,9889.0,9971.0,-0.01666666666666672,
2026-04-14,styrene,苯乙烯,ABS上游材料,10150.0,元/吨,AKShare/生意社现货与期货,akshare_basis,EB,2026-04-14,,9889.0,9880.0,-0.026600985221674867,
2026-04-15,styrene,苯乙烯,ABS上游材料,10146.0,元/吨,AKShare/生意社现货与期货,akshare_basis,EB,2026-04-15,,9889.0,9953.0,-0.019022274788093818,
2026-04-16,styrene,苯乙烯,ABS上游材料,10120.0,元/吨,AKShare/生意社现货与期货,akshare_basis,EB,2026-04-16,,10036.0,9709.0,-0.04061264822134392,
2026-04-17,styrene,苯乙烯,ABS上游材料,10120.0,元/吨,AKShare/生意社现货与期货,akshare_basis,EB,2026-04-17,,10049.0,9748.0,-0.03675889328063242,
2026-04-20,styrene,苯乙烯,ABS上游材料,9920.0,元/吨,AKShare/生意社现货与期货,akshare_basis,EB,2026-04-20,,10049.0,9666.0,-0.025604838709677447,
2026-04-21,styrene,苯乙烯,ABS上游材料,9920.0,元/吨,AKShare/生意社现货与期货,akshare_basis,EB,2026-04-21,,9700.0,9525.0,-0.03981854838709675,
2026-04-22,styrene,苯乙烯,ABS上游材料,9920.0,元/吨,AKShare/生意社现货与期货,akshare_basis,EB,2026-04-22,,9700.0,9630.0,-0.029233870967741882,
2026-04-23,styrene,苯乙烯,ABS上游材料,9830.0,元/吨,AKShare/生意社现货与期货,akshare_basis,EB,2026-04-23,,9700.0,9867.0,0.003763987792472001,
2026-04-24,styrene,苯乙烯,ABS上游材料,9830.0,元/吨,AKShare/生意社现货与期货,akshare_basis,EB,2026-04-24,,9999.0,9785.0,-0.004577822990844305,
2026-04-27,styrene,苯乙烯,ABS上游材料,9840.0,元/吨,AKShare/生意社现货与期货,akshare_basis,EB,2026-04-27,,9966.0,9853.0,0.0013211382113820225,
2026-04-28,styrene,苯乙烯,ABS上游材料,9880.0,元/吨,AKShare/生意社现货与期货,akshare_basis,EB,2026-04-28,,10040.0,9881.0,0.00010121457489886687,
2026-04-29,styrene,苯乙烯,ABS上游材料,9880.0,元/吨,AKShare/生意社现货与期货,akshare_basis,EB,2026-04-29,,9998.0,9845.0,-0.003542510121457454,
2026-04-30,styrene,苯乙烯,ABS上游材料,9880.0,元/吨,AKShare/生意社现货与期货,akshare_basis,EB,2026-04-30,,10249.0,10018.0,0.013967611336032304,
2026-05-06,styrene,苯乙烯,ABS上游材料,9910.0,元/吨,AKShare/生意社现货与期货,akshare_basis,EB,2026-05-06,,9938.0,9873.0,-0.0037336024217962116,
2026-05-07,styrene,苯乙烯,ABS上游材料,9990.0,元/吨,AKShare/生意社现货与期货,akshare_basis,EB,2026-05-07,,9648.0,9190.0,-0.08008008008008005,
2026-05-08,styrene,苯乙烯,ABS上游材料,9756.0,元/吨,AKShare/生意社现货与期货,akshare_basis,EB,2026-05-08,,9834.0,9059.0,-0.0714432144321443,
2026-05-11,styrene,苯乙烯,ABS上游材料,9560.0,元/吨,AKShare/生意社现货与期货,akshare_basis,EB,2026-05-11,,9834.0,9379.0,-0.018933054393305393,
2026-05-12,styrene,苯乙烯,ABS上游材料,9600.0,元/吨,AKShare/生意社现货与期货,akshare_basis,EB,2026-05-12,,9834.0,9283.0,-0.03302083333333339,
2026-05-13,styrene,苯乙烯,ABS上游材料,9600.0,元/吨,AKShare/生意社现货与期货,akshare_basis,EB,2026-05-13,,9500.0,9164.0,-0.04541666666666666,
2026-05-14,styrene,苯乙烯,ABS上游材料,9570.0,元/吨,AKShare/生意社现货与期货,akshare_basis,EB,2026-05-14,,9420.0,8950.0,-0.06478578892372,
2026-05-15,styrene,苯乙烯,ABS上游材料,9300.0,元/吨,AKShare/生意社现货与期货,akshare_basis,EB,2026-05-15,,9421.0,9231.0,-0.007419354838709702,
2026-05-18,styrene,苯乙烯,ABS上游材料,9306.0,元/吨,AKShare/生意社现货与期货,akshare_basis,EB,2026-05-18,,9421.0,9364.0,0.006232538147431743,
2026-05-19,styrene,苯乙烯,ABS上游材料,9530.0,元/吨,AKShare/生意社现货与期货,akshare_basis,EB,2026-05-19,,9421.0,9359.0,-0.017943336831059864,
2026-05-20,styrene,苯乙烯,ABS上游材料,9530.0,元/吨,AKShare/生意社现货与期货,akshare_basis,EB,2026-05-20,,9421.0,9336.0,-0.0203567681007345,
2026-05-21,styrene,苯乙烯,ABS上游材料,9526.0,元/吨,AKShare/生意社现货与期货,akshare_basis,EB,2026-05-21,,9421.0,9388.0,-0.014486668066344688,
2026-05-22,styrene,苯乙烯,ABS上游材料,9526.0,元/吨,AKShare/生意社现货与期货,akshare_basis,EB,2026-05-22,,9421.0,9284.0,-0.025404157043879882,
2026-05-25,styrene,苯乙烯,ABS上游材料,9400.0,元/吨,AKShare/生意社现货与期货,akshare_basis,EB,2026-05-25,,9108.0,8968.0,-0.04595744680851066,
2026-05-26,styrene,苯乙烯,ABS上游材料,9310.0,元/吨,AKShare/生意社现货与期货,akshare_basis,EB,2026-05-26,,9395.0,8779.0,-0.05703544575725028,
2026-05-27,styrene,苯乙烯,ABS上游材料,9150.0,元/吨,AKShare/生意社现货与期货,akshare_basis,EB,2026-05-27,,8912.0,8730.0,-0.04590163934426228,
2026-05-28,styrene,苯乙烯,ABS上游材料,8890.0,元/吨,AKShare/生意社现货与期货,akshare_basis,EB,2026-05-28,,8938.0,8774.0,-0.013048368953880729,
2026-05-29,styrene,苯乙烯,ABS上游材料,8890.0,元/吨,AKShare/生意社现货与期货,akshare_basis,EB,2026-05-29,,8787.0,8699.0,-0.02148481439820027,
2026-06-01,styrene,苯乙烯,ABS上游材料,8844.0,元/吨,AKShare/生意社现货与期货,akshare_basis,EB,2026-06-01,,8694.0,8758.0,-0.009724106739032123,
2026-06-02,styrene,苯乙烯,ABS上游材料,8844.0,元/吨,AKShare/生意社现货与期货,akshare_basis,EB,2026-06-02,,8730.0,8698.0,-0.01650836725463589,
2026-06-03,styrene,苯乙烯,ABS上游材料,8860.0,元/吨,AKShare/生意社现货与期货,akshare_basis,EB,2026-06-03,,8730.0,8860.0,0.0,
2026-06-04,styrene,苯乙烯,ABS上游材料,8900.0,元/吨,AKShare/生意社现货与期货,akshare_basis,EB,2026-06-04,,8750.0,8661.0,-0.026853932584269713,
2026-06-05,styrene,苯乙烯,ABS上游材料,8790.0,元/吨,AKShare/生意社现货与期货,akshare_basis,EB,2026-06-05,,8752.0,8686.0,-0.011831626848691656,
2026-06-08,styrene,苯乙烯,ABS上游材料,8700.0,元/吨,AKShare/生意社现货与期货,akshare_basis,EB,2026-06-08,,8654.0,8873.0,0.019885057471264345,
2026-06-09,styrene,苯乙烯,ABS上游材料,8700.0,元/吨,AKShare/生意社现货与期货,akshare_basis,EB,2026-06-09,,8574.0,8510.0,-0.02183908045977012,
2026-06-10,styrene,苯乙烯,ABS上游材料,8760.0,元/吨,AKShare/生意社现货与期货,akshare_basis,EB,2026-06-10,,8484.0,8476.0,-0.03242009132420087,
2026-06-11,styrene,苯乙烯,ABS上游材料,8730.0,元/吨,AKShare/生意社现货与期货,akshare_basis,EB,2026-06-11,,8480.0,8630.0,-0.01145475372279492,
2026-06-12,styrene,苯乙烯,ABS上游材料,8650.0,元/吨,AKShare/生意社现货与期货,akshare_basis,EB,2026-06-12,,8444.0,8483.0,-0.019306358381502853,
2025-12-15,tin,锡,焊接材料,324250.0,元/吨,AKShare/生意社现货与期货,akshare_basis,SN,2025-12-15,,324500.0,328240.0,0.012305319969159623,
2025-12-16,tin,锡,焊接材料,319575.0,元/吨,AKShare/生意社现货与期货,akshare_basis,SN,2025-12-16,,320620.0,321260.0,0.005272627708675648,
2025-12-17,tin,锡,焊接材料,325912.5,元/吨,AKShare/生意社现货与期货,akshare_basis,SN,2025-12-17,,328600.0,329340.0,0.010516626395121298,
2025-12-18,tin,锡,焊接材料,333012.5,元/吨,AKShare/生意社现货与期货,akshare_basis,SN,2025-12-18,,334380.0,335360.0,0.00704928493675161,
2025-12-19,tin,锡,焊接材料,337562.5,元/吨,AKShare/生意社现货与期货,akshare_basis,SN,2025-12-19,,343040.0,343970.0,0.018981670061099853,
2025-12-22,tin,锡,焊接材料,341062.5,元/吨,AKShare/生意社现货与期货,akshare_basis,SN,2025-12-22,,340440.0,341260.0,0.000579072750595655,
2025-12-23,tin,锡,焊接材料,340287.5,元/吨,AKShare/生意社现货与期货,akshare_basis,SN,2025-12-23,,343710.0,344750.0,0.013113911031113368,
2025-12-24,tin,锡,焊接材料,337500.0,元/吨,AKShare/生意社现货与期货,akshare_basis,SN,2025-12-24,,340790.0,341800.0,0.01274074074074072,
2025-12-25,tin,锡,焊接材料,332637.5,元/吨,AKShare/生意社现货与期货,akshare_basis,SN,2025-12-25,,335020.0,335880.0,0.009747848634023448,
2025-12-26,tin,锡,焊接材料,334450.0,元/吨,AKShare/生意社现货与期货,akshare_basis,SN,2025-12-26,,337560.0,338550.0,0.012258932575870851,
2025-12-29,tin,锡,焊接材料,343825.0,元/吨,AKShare/生意社现货与期货,akshare_basis,SN,2025-12-29,,333770.0,334590.0,-0.026859594270341014,
2025-12-30,tin,锡,焊接材料,322700.0,元/吨,AKShare/生意社现货与期货,akshare_basis,SN,2025-12-30,,326090.0,326330.0,0.011248837929966005,
2025-12-31,tin,锡,焊接材料,326300.0,元/吨,AKShare/生意社现货与期货,akshare_basis,SN,2025-12-31,,327680.0,322920.0,-0.01035856573705174,
2026-01-05,tin,锡,焊接材料,332750.0,元/吨,AKShare/生意社现货与期货,akshare_basis,SN,2026-01-05,,334030.0,334370.0,0.004868519909842162,
2026-01-06,tin,锡,焊接材料,341537.5,元/吨,AKShare/生意社现货与期货,akshare_basis,SN,2026-01-06,,348170.0,348820.0,0.02132269516524543,
2026-01-07,tin,锡,焊接材料,357112.5,元/吨,AKShare/生意社现货与期货,akshare_basis,SN,2026-01-07,,357800.0,359050.0,0.0054254611641990635,
2026-01-08,tin,锡,焊接材料,354412.5,元/吨,AKShare/生意社现货与期货,akshare_basis,SN,2026-01-08,,349290.0,349640.0,-0.013465947166084735,
2026-01-09,tin,锡,焊接材料,350700.0,元/吨,AKShare/生意社现货与期货,akshare_basis,SN,2026-01-09,,352910.0,352540.0,0.005246649558026784,
2026-01-12,tin,锡,焊接材料,370287.5,元/吨,AKShare/生意社现货与期货,akshare_basis,SN,2026-01-12,,372480.0,376920.0,0.017911757755797897,
2026-01-13,tin,锡,焊接材料,381175.0,元/吨,AKShare/生意社现货与期货,akshare_basis,SN,2026-01-13,,380580.0,380010.0,-0.0030563389519249196,
2026-01-14,tin,锡,焊接材料,402500.0,元/吨,AKShare/生意社现货与期货,akshare_basis,SN,2026-01-14,,409900.0,413690.0,0.02780124223602476,
2026-01-15,tin,锡,焊接材料,431075.0,元/吨,AKShare/生意社现货与期货,akshare_basis,SN,2026-01-15,,423780.0,433700.0,0.0060894275938061515,
2026-01-16,tin,锡,焊接材料,414662.5,元/吨,AKShare/生意社现货与期货,akshare_basis,SN,2026-01-16,,405240.0,405190.0,-0.022843879058270233,
2026-01-19,tin,锡,焊接材料,390350.0,元/吨,AKShare/生意社现货与期货,akshare_basis,SN,2026-01-19,,389500.0,390090.0,-0.000666068912514417,
2026-01-20,tin,锡,焊接材料,395525.0,元/吨,AKShare/生意社现货与期货,akshare_basis,SN,2026-01-20,,399000.0,399430.0,0.009872953669173956,
2026-01-21,tin,锡,焊接材料,397012.5,元/吨,AKShare/生意社现货与期货,akshare_basis,SN,2026-01-21,,418420.0,419100.0,0.05563426844242936,
2026-01-22,tin,锡,焊接材料,404012.5,元/吨,AKShare/生意社现货与期货,akshare_basis,SN,2026-01-22,,409010.0,409900.0,0.014572568918040929,
2026-01-23,tin,锡,焊接材料,423037.5,元/吨,AKShare/生意社现货与期货,akshare_basis,SN,2026-01-23,,428740.0,429570.0,0.015441893449162247,
2026-01-26,tin,锡,焊接材料,437625.0,元/吨,AKShare/生意社现货与期货,akshare_basis,SN,2026-01-26,,424960.0,425340.0,-0.02807197943444728,
2026-01-27,tin,锡,焊接材料,428337.5,元/吨,AKShare/生意社现货与期货,akshare_basis,SN,2026-01-27,,450220.0,451160.0,0.05328158286397988,
2026-01-28,tin,锡,焊接材料,435812.5,元/吨,AKShare/生意社现货与期货,akshare_basis,SN,2026-01-28,,443080.0,443800.0,0.018327835938620307,
2026-01-29,tin,锡,焊接材料,437687.5,元/吨,AKShare/生意社现货与期货,akshare_basis,SN,2026-01-29,,445180.0,446130.0,0.019288876195916016,
2026-01-30,tin,锡,焊接材料,427212.5,元/吨,AKShare/生意社现货与期货,akshare_basis,SN,2026-01-30,,408000.0,409000.0,-0.042631009158205835,
2026-02-02,tin,锡,焊接材料,392887.5,元/吨,AKShare/生意社现货与期货,akshare_basis,SN,2026-02-02,,394020.0,392650.0,-0.0006044987432789473,
2026-02-03,tin,锡,焊接材料,380087.5,元/吨,AKShare/生意社现货与期货,akshare_basis,SN,2026-02-03,,382460.0,383340.0,0.008557240109185349,
2026-02-04,tin,锡,焊接材料,395600.0,元/吨,AKShare/生意社现货与期货,akshare_basis,SN,2026-02-04,,390390.0,392080.0,-0.008897876643073843,
2026-02-05,tin,锡,焊接材料,377375.0,元/吨,AKShare/生意社现货与期货,akshare_basis,SN,2026-02-05,,363790.0,365140.0,-0.03242133156674398,
2026-02-06,tin,锡,焊接材料,361925.0,元/吨,AKShare/生意社现货与期货,akshare_basis,SN,2026-02-06,,355760.0,357000.0,-0.013607791669544844,
2026-02-09,tin,锡,焊接材料,373387.5,元/吨,AKShare/生意社现货与期货,akshare_basis,SN,2026-02-09,,383990.0,384180.0,0.028904288440293247,
2026-02-10,tin,锡,焊接材料,387237.5,元/吨,AKShare/生意社现货与期货,akshare_basis,SN,2026-02-10,,381260.0,382000.0,-0.01352529132638236,
2026-02-11,tin,锡,焊接材料,387987.5,元/吨,AKShare/生意社现货与期货,akshare_basis,SN,2026-02-11,,393340.0,394700.0,0.017300815103579392,
2026-02-12,tin,锡,焊接材料,392637.5,元/吨,AKShare/生意社现货与期货,akshare_basis,SN,2026-02-12,,392000.0,391320.0,-0.0033555124001145575,
2026-02-13,tin,锡,焊接材料,378525.0,元/吨,AKShare/生意社现货与期货,akshare_basis,SN,2026-02-13,,361050.0,365400.0,-0.03467406380027738,
2026-02-24,tin,锡,焊接材料,387750.0,元/吨,AKShare/生意社现货与期货,akshare_basis,SN,2026-02-24,,384450.0,385200.0,-0.006576402321083141,
2026-02-25,tin,锡,焊接材料,403325.0,元/吨,AKShare/生意社现货与期货,akshare_basis,SN,2026-02-25,,416160.0,417070.0,0.03407921651273793,
2026-02-26,tin,锡,焊接材料,416025.0,元/吨,AKShare/生意社现货与期货,akshare_basis,SN,2026-02-26,,414180.0,414980.0,-0.002511868277146778,
2026-02-27,tin,锡,焊接材料,430950.0,元/吨,AKShare/生意社现货与期货,akshare_basis,SN,2026-02-27,,451540.0,453240.0,0.051722937695788396,
2026-03-02,tin,锡,焊接材料,434575.0,元/吨,AKShare/生意社现货与期货,akshare_basis,SN,2026-03-02,,442530.0,444010.0,0.021710866938963402,
2026-03-03,tin,锡,焊接材料,410050.0,元/吨,AKShare/生意社现货与期货,akshare_basis,SN,2026-03-03,,393210.0,394890.0,-0.03697110108523349,
2026-03-04,tin,锡,焊接材料,410012.5,元/吨,AKShare/生意社现货与期货,akshare_basis,SN,2026-03-04,,399600.0,401130.0,-0.021663973659339697,
2026-03-05,tin,锡,焊接材料,406375.0,元/吨,AKShare/生意社现货与期货,akshare_basis,SN,2026-03-05,,391430.0,391810.0,-0.035841279606275034,
2026-03-06,tin,锡,焊接材料,401025.0,元/吨,AKShare/生意社现货与期货,akshare_basis,SN,2026-03-06,,391530.0,393660.0,-0.01836543856368056,
2026-03-09,tin,锡,焊接材料,379612.5,元/吨,AKShare/生意社现货与期货,akshare_basis,SN,2026-03-09,,382160.0,383710.0,0.01079390167605121,
2026-03-10,tin,锡,焊接材料,400887.5,元/吨,AKShare/生意社现货与期货,akshare_basis,SN,2026-03-10,,393000.0,392770.0,-0.0202488229241371,
2026-03-11,tin,锡,焊接材料,395825.0,元/吨,AKShare/生意社现货与期货,akshare_basis,SN,2026-03-11,,392680.0,392740.0,-0.0077938482915429486,
2026-03-12,tin,锡,焊接材料,392212.5,元/吨,AKShare/生意社现货与期货,akshare_basis,SN,2026-03-12,,392000.0,393500.0,0.00328265927271576,
2026-03-13,tin,锡,焊接材料,387187.5,元/吨,AKShare/生意社现货与期货,akshare_basis,SN,2026-03-13,,374000.0,374110.0,-0.03377562550443902,
2026-03-16,tin,锡,焊接材料,370600.0,元/吨,AKShare/生意社现货与期货,akshare_basis,SN,2026-03-16,,374880.0,373360.0,0.00744738262277389,
2026-03-17,tin,锡,焊接材料,380875.0,元/吨,AKShare/生意社现货与期货,akshare_basis,SN,2026-03-17,,375110.0,375110.0,-0.015136199540531692,
2026-03-18,tin,锡,焊接材料,369387.5,元/吨,AKShare/生意社现货与期货,akshare_basis,SN,2026-03-18,,370000.0,370000.0,0.0016581503164021516,
2026-03-19,tin,锡,焊接材料,355512.5,元/吨,AKShare/生意社现货与期货,akshare_basis,SN,2026-03-19,,345730.0,345730.0,-0.027516613339896634,
2026-03-20,tin,锡,焊接材料,353775.0,元/吨,AKShare/生意社现货与期货,akshare_basis,SN,2026-03-20,,342480.0,342480.0,-0.03192707229171088,
2026-03-23,tin,锡,焊接材料,341925.0,元/吨,AKShare/生意社现货与期货,akshare_basis,SN,2026-03-23,,328300.0,327950.0,-0.040871536155589694,
2026-03-24,tin,锡,焊接材料,343362.5,元/吨,AKShare/生意社现货与期货,akshare_basis,SN,2026-03-24,,347970.0,348440.0,0.014787578725108386,
2026-03-25,tin,锡,焊接材料,357500.0,元/吨,AKShare/生意社现货与期货,akshare_basis,SN,2026-03-25,,352430.0,353200.0,-0.012027972027972011,
2026-03-26,tin,锡,焊接材料,353475.0,元/吨,AKShare/生意社现货与期货,akshare_basis,SN,2026-03-26,,348790.0,349500.0,-0.011245491194568191,
2026-03-27,tin,锡,焊接材料,354212.5,元/吨,AKShare/生意社现货与期货,akshare_basis,SN,2026-03-27,,361330.0,362460.0,0.02328404559409969,
2026-03-30,tin,锡,焊接材料,362162.5,元/吨,AKShare/生意社现货与期货,akshare_basis,SN,2026-03-30,,369790.0,370720.0,0.023628895868567312,
2026-03-31,tin,锡,焊接材料,371037.5,元/吨,AKShare/生意社现货与期货,akshare_basis,SN,2026-03-31,,367490.0,368000.0,-0.008186504059562671,
2026-04-01,tin,锡,焊接材料,375900.0,元/吨,AKShare/生意社现货与期货,akshare_basis,SN,2026-04-01,,374320.0,375210.0,-0.0018355945730247347,
2026-04-02,tin,锡,焊接材料,368425.0,元/吨,AKShare/生意社现货与期货,akshare_basis,SN,2026-04-02,,359710.0,360820.0,-0.020641921693696164,
2026-04-03,tin,锡,焊接材料,366287.5,元/吨,AKShare/生意社现货与期货,akshare_basis,SN,2026-04-03,,364580.0,365740.0,-0.0014947275023035056,
2026-04-07,tin,锡,焊接材料,363875.0,元/吨,AKShare/生意社现货与期货,akshare_basis,SN,2026-04-07,,363320.0,363500.0,-0.0010305736860185544,
2026-04-08,tin,锡,焊接材料,377037.5,元/吨,AKShare/生意社现货与期货,akshare_basis,SN,2026-04-08,,377460.0,378990.0,0.005178529987070357,
2026-04-09,tin,锡,焊接材料,370462.5,元/吨,AKShare/生意社现货与期货,akshare_basis,SN,2026-04-09,,369000.0,369390.0,-0.0028950298613219516,
2026-04-10,tin,锡,焊接材料,378037.5,元/吨,AKShare/生意社现货与期货,akshare_basis,SN,2026-04-10,,376430.0,374790.0,-0.00859041761729984,
2026-04-13,tin,锡,焊接材料,371525.0,元/吨,AKShare/生意社现货与期货,akshare_basis,SN,2026-04-13,,371380.0,372060.0,0.0014400107664356288,
2026-04-14,tin,锡,焊接材料,383087.5,元/吨,AKShare/生意社现货与期货,akshare_basis,SN,2026-04-14,,381590.0,382930.0,-0.00041113322674324326,
2026-04-15,tin,锡,焊接材料,390775.0,元/吨,AKShare/生意社现货与期货,akshare_basis,SN,2026-04-15,,393800.0,388870.0,-0.0048749280276373375,
2026-04-16,tin,锡,焊接材料,389375.0,元/吨,AKShare/生意社现货与期货,akshare_basis,SN,2026-04-16,,391260.0,391260.0,0.004841091492776783,
2026-04-17,tin,锡,焊接材料,389325.0,元/吨,AKShare/生意社现货与期货,akshare_basis,SN,2026-04-17,,390660.0,390660.0,0.003429011751107769,
2026-04-20,tin,锡,焊接材料,392437.5,元/吨,AKShare/生意社现货与期货,akshare_basis,SN,2026-04-20,,390880.0,391500.0,-0.0023889154323937234,
2026-04-21,tin,锡,焊接材料,395862.5,元/吨,AKShare/生意社现货与期货,akshare_basis,SN,2026-04-21,,392300.0,393090.0,-0.0070036944646183485,
2026-04-22,tin,锡,焊接材料,392612.5,元/吨,AKShare/生意社现货与期货,akshare_basis,SN,2026-04-22,,394060.0,394920.0,0.005877296316342484,
2026-04-23,tin,锡,焊接材料,390400.0,元/吨,AKShare/生意社现货与期货,akshare_basis,SN,2026-04-23,,390730.0,391230.0,0.0021260245901639774,
2026-04-24,tin,锡,焊接材料,390375.0,元/吨,AKShare/生意社现货与期货,akshare_basis,SN,2026-04-24,,387630.0,388600.0,-0.004546910022414363,
2026-04-27,tin,锡,焊接材料,391612.5,元/吨,AKShare/生意社现货与期货,akshare_basis,SN,2026-04-27,,391290.0,392290.0,0.0017300264930255604,
2026-04-28,tin,锡,焊接材料,383137.5,元/吨,AKShare/生意社现货与期货,akshare_basis,SN,2026-04-28,,383630.0,384600.0,0.003817167465988147,
2026-04-29,tin,锡,焊接材料,385775.0,元/吨,AKShare/生意社现货与期货,akshare_basis,SN,2026-04-29,,387280.0,388300.0,0.00654526602294081,
2026-04-30,tin,锡,焊接材料,386637.5,元/吨,AKShare/生意社现货与期货,akshare_basis,SN,2026-04-30,,386000.0,387370.0,0.0018945394587954745,
2026-05-06,tin,锡,焊接材料,395575.0,元/吨,AKShare/生意社现货与期货,akshare_basis,SN,2026-05-06,,414700.0,415370.0,0.050041079441319525,
2026-05-07,tin,锡,焊接材料,418087.5,元/吨,AKShare/生意社现货与期货,akshare_basis,SN,2026-05-07,,420160.0,421500.0,0.008162167010494326,
2026-05-08,tin,锡,焊接材料,424887.5,元/吨,AKShare/生意社现货与期货,akshare_basis,SN,2026-05-08,,424050.0,425960.0,0.0025241975817127393,
2026-05-11,tin,锡,焊接材料,430250.0,元/吨,AKShare/生意社现货与期货,akshare_basis,SN,2026-05-11,,422390.0,423310.0,-0.016130156885531655,
2026-05-12,tin,锡,焊接材料,430562.5,元/吨,AKShare/生意社现货与期货,akshare_basis,SN,2026-05-12,,423370.0,425060.0,-0.0127797938742924,
2026-05-13,tin,锡,焊接材料,432575.0,元/吨,AKShare/生意社现货与期货,akshare_basis,SN,2026-05-13,,433300.0,434410.0,0.004242038952782856,
2026-05-14,tin,锡,焊接材料,428062.5,元/吨,AKShare/生意社现货与期货,akshare_basis,SN,2026-05-14,,425700.0,426970.0,-0.0025521974010804804,
2026-05-15,tin,锡,焊接材料,422787.5,元/吨,AKShare/生意社现货与期货,akshare_basis,SN,2026-05-15,,411200.0,409060.0,-0.03246902995003398,
2026-05-18,tin,锡,焊接材料,412550.0,元/吨,AKShare/生意社现货与期货,akshare_basis,SN,2026-05-18,,410420.0,410420.0,-0.0051630105441764496,
2026-05-19,tin,锡,焊接材料,406025.0,元/吨,AKShare/生意社现货与期货,akshare_basis,SN,2026-05-19,,409640.0,409640.0,0.00890339264823603,
2026-05-20,tin,锡,焊接材料,404287.5,元/吨,AKShare/生意社现货与期货,akshare_basis,SN,2026-05-20,,417720.0,417720.0,0.03322511826361185,
2026-05-21,tin,锡,焊接材料,420450.0,元/吨,AKShare/生意社现货与期货,akshare_basis,SN,2026-05-21,,413110.0,414110.0,-0.015079081936020922,
2026-05-22,tin,锡,焊接材料,420525.0,元/吨,AKShare/生意社现货与期货,akshare_basis,SN,2026-05-22,,421320.0,422320.0,0.004268473931395178,
2026-05-25,tin,锡,焊接材料,425775.0,元/吨,AKShare/生意社现货与期货,akshare_basis,SN,2026-05-25,,421700.0,422990.0,-0.006541013446068944,
2026-05-26,tin,锡,焊接材料,423900.0,元/吨,AKShare/生意社现货与期货,akshare_basis,SN,2026-05-26,,425360.0,426520.0,0.0061807029959897175,
2026-05-27,tin,锡,焊接材料,425362.5,元/吨,AKShare/生意社现货与期货,akshare_basis,SN,2026-05-27,,420000.0,421060.0,-0.010114901995356917,
2026-05-28,tin,锡,焊接材料,416687.5,元/吨,AKShare/生意社现货与期货,akshare_basis,SN,2026-05-28,,419760.0,421170.0,0.010757462126893547,
2026-05-29,tin,锡,焊接材料,425012.5,元/吨,AKShare/生意社现货与期货,akshare_basis,SN,2026-05-29,,423480.0,424650.0,-0.0008529160907032596,
2026-06-01,tin,锡,焊接材料,429962.5,元/吨,AKShare/生意社现货与期货,akshare_basis,SN,2026-06-01,,430370.0,431840.0,0.004366659883129342,
2026-06-02,tin,锡,焊接材料,442412.5,元/吨,AKShare/生意社现货与期货,akshare_basis,SN,2026-06-02,,448480.0,449820.0,0.016743423840872573,
2026-06-03,tin,锡,焊接材料,446962.5,元/吨,AKShare/生意社现货与期货,akshare_basis,SN,2026-06-03,,443880.0,445480.0,-0.0033168330676510704,
2026-06-04,tin,锡,焊接材料,442575.0,元/吨,AKShare/生意社现货与期货,akshare_basis,SN,2026-06-04,,428910.0,430040.0,-0.028322883127153586,
2026-06-05,tin,锡,焊接材料,423550.0,元/吨,AKShare/生意社现货与期货,akshare_basis,SN,2026-06-05,,416860.0,417850.0,-0.013457679140597367,
2026-06-08,tin,锡,焊接材料,403037.5,元/吨,AKShare/生意社现货与期货,akshare_basis,SN,2026-06-08,,397370.0,398490.0,-0.011283069193313233,
2026-06-09,tin,锡,焊接材料,398587.5,元/吨,AKShare/生意社现货与期货,akshare_basis,SN,2026-06-09,,404500.0,407770.0,0.02303760153040435,
2026-06-10,tin,锡,焊接材料,396762.5,元/吨,AKShare/生意社现货与期货,akshare_basis,SN,2026-06-10,,397710.0,397880.0,0.0028165464226079795,
2026-06-11,tin,锡,焊接材料,397900.0,元/吨,AKShare/生意社现货与期货,akshare_basis,SN,2026-06-11,,398150.0,400160.0,0.005679819050012469,
2026-06-12,tin,锡,焊接材料,410862.5,元/吨,AKShare/生意社现货与期货,akshare_basis,SN,2026-06-12,,407890.0,407990.0,-0.006991390063585734,
2026-05-22,waste_paper,废纸,包装纸箱上游,1780.0,元/吨,生意社基准价,sunsirs_vane,,2026-05-22,5.58,,,,
2026-05-28,waste_paper,废纸,包装纸箱上游,1832.0,元/吨,生意社基准价,sunsirs_vane,,2026-05-28,2.92,,,,
2026-06-02,waste_paper,废纸,包装纸箱上游,1802.0,元/吨,生意社基准价,sunsirs_vane,,2026-06-02,-1.64,,,,
2026-06-06,waste_paper,废纸,包装纸箱上游,1808.0,元/吨,生意社基准价,sunsirs_vane,,2026-06-06,0.33,,,,
2026-06-09,waste_paper,废纸,包装纸箱上游,1890.0,元/吨,生意社基准价,sunsirs_vane,,2026-06-09,4.54,,,,
2026-06-11,waste_paper,废纸,包装纸箱上游,1900.0,元/吨,生意社基准价,sunsirs_vane,,2026-06-11,0.53,,,,
2026-06-12,waste_paper,废纸,包装纸箱上游,1900.0,元/吨,生意社基准价,sunsirs_vane,,2026-06-12,0.0,,,,
2025-12-15,zinc,锌,夹子/镀层金属,23426.0,元/吨,AKShare/生意社现货与期货,akshare_basis,ZN,2025-12-15,,23400.0,23430.0,0.00017075044822001395,
2025-12-16,zinc,锌,夹子/镀层金属,23146.0,元/吨,AKShare/生意社现货与期货,akshare_basis,ZN,2025-12-16,,23030.0,23045.0,-0.004363604942538624,
2025-12-17,zinc,锌,夹子/镀层金属,22988.0,元/吨,AKShare/生意社现货与期货,akshare_basis,ZN,2025-12-17,,22970.0,22975.0,-0.0005655124412736745,
2025-12-18,zinc,锌,夹子/镀层金属,23090.0,元/吨,AKShare/生意社现货与期货,akshare_basis,ZN,2025-12-18,,23030.0,23035.0,-0.0023819835426591718,
2025-12-19,zinc,锌,夹子/镀层金属,23138.0,元/吨,AKShare/生意社现货与期货,akshare_basis,ZN,2025-12-19,,23065.0,23075.0,-0.002722793672746082,
2025-12-22,zinc,锌,夹子/镀层金属,23126.0,元/吨,AKShare/生意社现货与期货,akshare_basis,ZN,2025-12-22,,23085.0,23115.0,-0.00047565510680613876,
2025-12-23,zinc,锌,夹子/镀层金属,23070.0,元/吨,AKShare/生意社现货与期货,akshare_basis,ZN,2025-12-23,,23065.0,23090.0,0.000866926744690133,
2025-12-24,zinc,锌,夹子/镀层金属,23250.0,元/吨,AKShare/生意社现货与期货,akshare_basis,ZN,2025-12-24,,23190.0,23230.0,-0.0008602150537634357,
2025-12-25,zinc,锌,夹子/镀层金属,23060.0,元/吨,AKShare/生意社现货与期货,akshare_basis,ZN,2025-12-25,,23030.0,23065.0,0.0002168256721595263,
2025-12-26,zinc,锌,夹子/镀层金属,23178.0,元/吨,AKShare/生意社现货与期货,akshare_basis,ZN,2025-12-26,,23130.0,23170.0,-0.0003451548882561495,
2025-12-29,zinc,锌,夹子/镀层金属,23402.0,元/吨,AKShare/生意社现货与期货,akshare_basis,ZN,2025-12-29,,23200.0,23255.0,-0.006281514400478638,
2025-12-30,zinc,锌,夹子/镀层金属,23276.0,元/吨,AKShare/生意社现货与期货,akshare_basis,ZN,2025-12-30,,23335.0,23380.0,0.004468121670390124,
2025-12-31,zinc,锌,夹子/镀层金属,23302.0,元/吨,AKShare/生意社现货与期货,akshare_basis,ZN,2025-12-31,,23400.0,23275.0,-0.001158698824135218,
2026-01-05,zinc,锌,夹子/镀层金属,23952.0,元/吨,AKShare/生意社现货与期货,akshare_basis,ZN,2026-01-05,,23800.0,23820.0,-0.005511022044088154,
2026-01-06,zinc,锌,夹子/镀层金属,24324.0,元/吨,AKShare/生意社现货与期货,akshare_basis,ZN,2026-01-06,,24275.0,24295.0,-0.001192238118730482,
2026-01-07,zinc,锌,夹子/镀层金属,24284.0,元/吨,AKShare/生意社现货与期货,akshare_basis,ZN,2026-01-07,,24315.0,24330.0,0.0018942513589195187,
2026-01-08,zinc,锌,夹子/镀层金属,24158.0,元/吨,AKShare/生意社现货与期货,akshare_basis,ZN,2026-01-08,,23930.0,24010.0,-0.006126334961503388,
2026-01-09,zinc,锌,夹子/镀层金属,24014.0,元/吨,AKShare/生意社现货与期货,akshare_basis,ZN,2026-01-09,,23920.0,24015.0,4.164237528114789e-05,
2026-01-12,zinc,锌,夹子/镀层金属,24122.0,元/吨,AKShare/生意社现货与期货,akshare_basis,ZN,2026-01-12,,24130.0,24175.0,0.0021971644142275704,
2026-01-13,zinc,锌,夹子/镀层金属,24310.0,元/吨,AKShare/生意社现货与期货,akshare_basis,ZN,2026-01-13,,24200.0,24280.0,-0.0012340600575894145,
2026-01-14,zinc,锌,夹子/镀层金属,24508.0,元/吨,AKShare/生意社现货与期货,akshare_basis,ZN,2026-01-14,,24400.0,24475.0,-0.0013464991023339756,
2026-01-15,zinc,锌,夹子/镀层金属,25392.0,元/吨,AKShare/生意社现货与期货,akshare_basis,ZN,2026-01-15,,25050.0,25090.0,-0.011893509766855659,
2026-01-16,zinc,锌,夹子/镀层金属,24790.0,元/吨,AKShare/生意社现货与期货,akshare_basis,ZN,2026-01-16,,24675.0,24750.0,-0.0016135538523598392,
2026-01-19,zinc,锌,夹子/镀层金属,24402.0,元/吨,AKShare/生意社现货与期货,akshare_basis,ZN,2026-01-19,,24410.0,24450.0,0.0019670518809933313,
2026-01-20,zinc,锌,夹子/镀层金属,24324.0,元/吨,AKShare/生意社现货与期货,akshare_basis,ZN,2026-01-20,,24365.0,24410.0,0.0035356026969248777,
2026-01-21,zinc,锌,夹子/镀层金属,24188.0,元/吨,AKShare/生意社现货与期货,akshare_basis,ZN,2026-01-21,,24305.0,24350.0,0.006697535968248625,
2026-01-22,zinc,锌,夹子/镀层金属,24296.0,元/吨,AKShare/生意社现货与期货,akshare_basis,ZN,2026-01-22,,24355.0,24400.0,0.004280540006585509,
2026-01-23,zinc,锌,夹子/镀层金属,24618.0,元/吨,AKShare/生意社现货与期货,akshare_basis,ZN,2026-01-23,,24525.0,24585.0,-0.0013404825737265424,
2026-01-26,zinc,锌,夹子/镀层金属,24682.0,元/吨,AKShare/生意社现货与期货,akshare_basis,ZN,2026-01-26,,24645.0,24725.0,0.0017421602787457413,
2026-01-27,zinc,锌,夹子/镀层金属,24752.0,元/吨,AKShare/生意社现货与期货,akshare_basis,ZN,2026-01-27,,24895.0,24950.0,0.007999353587588853,
2026-01-28,zinc,锌,夹子/镀层金属,25236.0,元/吨,AKShare/生意社现货与期货,akshare_basis,ZN,2026-01-28,,25555.0,25605.0,0.014621968616262526,
2026-01-29,zinc,锌,夹子/镀层金属,25280.0,元/吨,AKShare/生意社现货与期货,akshare_basis,ZN,2026-01-29,,25910.0,25950.0,0.026503164556962,
2026-01-30,zinc,锌,夹子/镀层金属,25776.0,元/吨,AKShare/生意社现货与期货,akshare_basis,ZN,2026-01-30,,25785.0,25835.0,0.0022889509621353277,
2026-02-02,zinc,锌,夹子/镀层金属,24970.0,元/吨,AKShare/生意社现货与期货,akshare_basis,ZN,2026-02-02,,24425.0,24515.0,-0.018221866239487405,
2026-02-03,zinc,锌,夹子/镀层金属,25040.0,元/吨,AKShare/生意社现货与期货,akshare_basis,ZN,2026-02-03,,24915.0,24960.0,-0.0031948881789137795,
2026-02-04,zinc,锌,夹子/镀层金属,24886.0,元/吨,AKShare/生意社现货与期货,akshare_basis,ZN,2026-02-04,,24840.0,24885.0,-4.018323555410319e-05,
2026-02-05,zinc,锌,夹子/镀层金属,24554.0,元/吨,AKShare/生意社现货与期货,akshare_basis,ZN,2026-02-05,,24395.0,24450.0,-0.004235562433819284,
2026-02-06,zinc,锌,夹子/镀层金属,24538.0,元/吨,AKShare/生意社现货与期货,akshare_basis,ZN,2026-02-06,,24455.0,24490.0,-0.00195614964544788,
2026-02-09,zinc,锌,夹子/镀层金属,24656.0,元/吨,AKShare/生意社现货与期货,akshare_basis,ZN,2026-02-09,,24550.0,24565.0,-0.003690785204412683,
2026-02-10,zinc,锌,夹子/镀层金属,24442.0,元/吨,AKShare/生意社现货与期货,akshare_basis,ZN,2026-02-10,,24400.0,24505.0,0.002577530480320833,
2026-02-11,zinc,锌,夹子/镀层金属,24442.0,元/吨,AKShare/生意社现货与期货,akshare_basis,ZN,2026-02-11,,24535.0,24640.0,0.008100810081008047,
2026-02-12,zinc,锌,夹子/镀层金属,24458.0,元/吨,AKShare/生意社现货与期货,akshare_basis,ZN,2026-02-12,,24575.0,24670.0,0.008667920516804317,
2026-02-13,zinc,锌,夹子/镀层金属,24330.0,元/吨,AKShare/生意社现货与期货,akshare_basis,ZN,2026-02-13,,24120.0,24250.0,-0.0032881216605014085,
2026-02-24,zinc,锌,夹子/镀层金属,24642.0,元/吨,AKShare/生意社现货与期货,akshare_basis,ZN,2026-02-24,,24630.0,24680.0,0.0015420826231637985,
2026-02-25,zinc,锌,夹子/镀层金属,24524.0,元/吨,AKShare/生意社现货与期货,akshare_basis,ZN,2026-02-25,,24645.0,24710.0,0.00758440711140107,
2026-02-26,zinc,锌,夹子/镀层金属,24450.0,元/吨,AKShare/生意社现货与期货,akshare_basis,ZN,2026-02-26,,24525.0,24570.0,0.004907975460122671,
2026-02-27,zinc,锌,夹子/镀层金属,24438.0,元/吨,AKShare/生意社现货与期货,akshare_basis,ZN,2026-02-27,,24530.0,24710.0,0.011130207054587116,
2026-03-02,zinc,锌,夹子/镀层金属,24356.0,元/吨,AKShare/生意社现货与期货,akshare_basis,ZN,2026-03-02,,24780.0,24850.0,0.02028247659714233,
2026-03-03,zinc,锌,夹子/镀层金属,24386.0,元/吨,AKShare/生意社现货与期货,akshare_basis,ZN,2026-03-03,,24340.0,24370.0,-0.000656114163864463,
2026-03-04,zinc,锌,夹子/镀层金属,24470.0,元/吨,AKShare/生意社现货与期货,akshare_basis,ZN,2026-03-04,,24400.0,24480.0,0.000408663669799747,
2026-03-05,zinc,锌,夹子/镀层金属,24702.0,元/吨,AKShare/生意社现货与期货,akshare_basis,ZN,2026-03-05,,24445.0,24520.0,-0.0073678244676544935,
2026-03-06,zinc,锌,夹子/镀层金属,24254.0,元/吨,AKShare/生意社现货与期货,akshare_basis,ZN,2026-03-06,,24240.0,24260.0,0.00024738187515471743,
2026-03-09,zinc,锌,夹子/镀层金属,24348.0,元/吨,AKShare/生意社现货与期货,akshare_basis,ZN,2026-03-09,,24310.0,24420.0,0.0029571217348447476,
2026-03-10,zinc,锌,夹子/镀层金属,24202.0,元/吨,AKShare/生意社现货与期货,akshare_basis,ZN,2026-03-10,,24330.0,24415.0,0.00880092554334344,
2026-03-11,zinc,锌,夹子/镀层金属,24284.0,元/吨,AKShare/生意社现货与期货,akshare_basis,ZN,2026-03-11,,24290.0,24385.0,0.004159117114149291,
2026-03-12,zinc,锌,夹子/镀层金属,24312.0,元/吨,AKShare/生意社现货与期货,akshare_basis,ZN,2026-03-12,,24230.0,24300.0,-0.000493583415597243,
2026-03-13,zinc,锌,夹子/镀层金属,24080.0,元/吨,AKShare/生意社现货与期货,akshare_basis,ZN,2026-03-13,,24070.0,24140.0,0.002491694352159568,
2026-03-16,zinc,锌,夹子/镀层金属,23794.0,元/吨,AKShare/生意社现货与期货,akshare_basis,ZN,2026-03-16,,23800.0,23905.0,0.004665041607127884,
2026-03-17,zinc,锌,夹子/镀层金属,23870.0,元/吨,AKShare/生意社现货与期货,akshare_basis,ZN,2026-03-17,,23700.0,23730.0,-0.0058651026392961825,
2026-03-18,zinc,锌,夹子/镀层金属,23204.0,元/吨,AKShare/生意社现货与期货,akshare_basis,ZN,2026-03-18,,23325.0,23345.0,0.00607653852784007,
2026-03-19,zinc,锌,夹子/镀层金属,22836.0,元/吨,AKShare/生意社现货与期货,akshare_basis,ZN,2026-03-19,,22690.0,22705.0,-0.005736556314591024,
2026-03-20,zinc,锌,夹子/镀层金属,22924.0,元/吨,AKShare/生意社现货与期货,akshare_basis,ZN,2026-03-20,,22930.0,22935.0,0.0004798464491362342,
2026-03-23,zinc,锌,夹子/镀层金属,22686.0,元/吨,AKShare/生意社现货与期货,akshare_basis,ZN,2026-03-23,,22770.0,22800.0,0.005025125628140614,
2026-03-24,zinc,锌,夹子/镀层金属,22872.0,元/吨,AKShare/生意社现货与期货,akshare_basis,ZN,2026-03-24,,22940.0,22975.0,0.004503322840153867,
2026-03-25,zinc,锌,夹子/镀层金属,22934.0,元/吨,AKShare/生意社现货与期货,akshare_basis,ZN,2026-03-25,,22910.0,22935.0,4.3603383622636827e-05,
2026-03-26,zinc,锌,夹子/镀层金属,22858.0,元/吨,AKShare/生意社现货与期货,akshare_basis,ZN,2026-03-26,,23045.0,23070.0,0.009274652200542466,
2026-03-27,zinc,锌,夹子/镀层金属,23202.0,元/吨,AKShare/生意社现货与期货,akshare_basis,ZN,2026-03-27,,23335.0,23380.0,0.007671752435134849,
2026-03-30,zinc,锌,夹子/镀层金属,23418.0,元/吨,AKShare/生意社现货与期货,akshare_basis,ZN,2026-03-30,,23480.0,23540.0,0.0052096677769237765,
2026-03-31,zinc,锌,夹子/镀层金属,23432.0,元/吨,AKShare/生意社现货与期货,akshare_basis,ZN,2026-03-31,,23470.0,23480.0,0.002048480710139966,
2026-04-01,zinc,锌,夹子/镀层金属,23502.0,元/吨,AKShare/生意社现货与期货,akshare_basis,ZN,2026-04-01,,23515.0,23550.0,0.0020423793719683836,
2026-04-02,zinc,锌,夹子/镀层金属,23634.0,元/吨,AKShare/生意社现货与期货,akshare_basis,ZN,2026-04-02,,23565.0,23600.0,-0.0014386053990014247,
2026-04-03,zinc,锌,夹子/镀层金属,23520.0,元/吨,AKShare/生意社现货与期货,akshare_basis,ZN,2026-04-03,,23510.0,23590.0,0.0029761904761904656,
2026-04-07,zinc,锌,夹子/镀层金属,23524.0,元/吨,AKShare/生意社现货与期货,akshare_basis,ZN,2026-04-07,,23675.0,23730.0,0.008757014113246031,
2026-04-08,zinc,锌,夹子/镀层金属,23812.0,元/吨,AKShare/生意社现货与期货,akshare_basis,ZN,2026-04-08,,23760.0,23815.0,0.000125986897362651,
2026-04-09,zinc,锌,夹子/镀层金属,23686.0,元/吨,AKShare/生意社现货与期货,akshare_basis,ZN,2026-04-09,,23710.0,23765.0,0.0033353035548424614,
2026-04-10,zinc,锌,夹子/镀层金属,23650.0,元/吨,AKShare/生意社现货与期货,akshare_basis,ZN,2026-04-10,,23545.0,23615.0,-0.0014799154334037556,
2026-04-13,zinc,锌,夹子/镀层金属,23396.0,元/吨,AKShare/生意社现货与期货,akshare_basis,ZN,2026-04-13,,23525.0,23575.0,0.0076508804923918206,
2026-04-14,zinc,锌,夹子/镀层金属,23574.0,元/吨,AKShare/生意社现货与期货,akshare_basis,ZN,2026-04-14,,23710.0,23790.0,0.009162636803257795,
2026-04-15,zinc,锌,夹子/镀层金属,23686.0,元/吨,AKShare/生意社现货与期货,akshare_basis,ZN,2026-04-15,,23605.0,23715.0,0.0012243519378536405,
2026-04-16,zinc,锌,夹子/镀层金属,23790.0,元/吨,AKShare/生意社现货与期货,akshare_basis,ZN,2026-04-16,,23905.0,23905.0,0.004833963850357392,
2026-04-17,zinc,锌,夹子/镀层金属,23850.0,元/吨,AKShare/生意社现货与期货,akshare_basis,ZN,2026-04-17,,24020.0,24070.0,0.009224318658280994,
2026-04-20,zinc,锌,夹子/镀层金属,24098.0,元/吨,AKShare/生意社现货与期货,akshare_basis,ZN,2026-04-20,,24150.0,24205.0,0.004440202506432067,
2026-04-21,zinc,锌,夹子/镀层金属,23954.0,元/吨,AKShare/生意社现货与期货,akshare_basis,ZN,2026-04-21,,24050.0,24115.0,0.006721215663354707,
2026-04-22,zinc,锌,夹子/镀层金属,24066.0,元/吨,AKShare/生意社现货与期货,akshare_basis,ZN,2026-04-22,,24185.0,24250.0,0.007645641153494642,
2026-04-23,zinc,锌,夹子/镀层金属,24206.0,元/吨,AKShare/生意社现货与期货,akshare_basis,ZN,2026-04-23,,24275.0,24340.0,0.005535817565892831,
2026-04-24,zinc,锌,夹子/镀层金属,24122.0,元/吨,AKShare/生意社现货与期货,akshare_basis,ZN,2026-04-24,,24175.0,24225.0,0.00426996103142363,
2026-04-27,zinc,锌,夹子/镀层金属,24284.0,元/吨,AKShare/生意社现货与期货,akshare_basis,ZN,2026-04-27,,24370.0,24450.0,0.006835776643057123,
2026-04-28,zinc,锌,夹子/镀层金属,23768.0,元/吨,AKShare/生意社现货与期货,akshare_basis,ZN,2026-04-28,,23790.0,23840.0,0.0030292830696734274,
2026-04-29,zinc,锌,夹子/镀层金属,23778.0,元/吨,AKShare/生意社现货与期货,akshare_basis,ZN,2026-04-29,,23880.0,23935.0,0.006602742030448416,
2026-04-30,zinc,锌,夹子/镀层金属,23606.0,元/吨,AKShare/生意社现货与期货,akshare_basis,ZN,2026-04-30,,23550.0,23645.0,0.0016521223417775843,
2026-05-06,zinc,锌,夹子/镀层金属,24062.0,元/吨,AKShare/生意社现货与期货,akshare_basis,ZN,2026-05-06,,24195.0,24250.0,0.00781314936414268,
2026-05-07,zinc,锌,夹子/镀层金属,24072.0,元/吨,AKShare/生意社现货与期货,akshare_basis,ZN,2026-05-07,,24235.0,24285.0,0.00884845463609163,
2026-05-08,zinc,锌,夹子/镀层金属,24230.0,元/吨,AKShare/生意社现货与期货,akshare_basis,ZN,2026-05-08,,24205.0,24275.0,0.0018572018159306314,
2026-05-11,zinc,锌,夹子/镀层金属,24100.0,元/吨,AKShare/生意社现货与期货,akshare_basis,ZN,2026-05-11,,24035.0,24085.0,-0.0006224066390041472,
2026-05-12,zinc,锌,夹子/镀层金属,24324.0,元/吨,AKShare/生意社现货与期货,akshare_basis,ZN,2026-05-12,,24350.0,24380.0,0.0023022529189278274,
2026-05-13,zinc,锌,夹子/镀层金属,24706.0,元/吨,AKShare/生意社现货与期货,akshare_basis,ZN,2026-05-13,,24790.0,24830.0,0.005019023718934701,
2026-05-14,zinc,锌,夹子/镀层金属,24822.0,元/吨,AKShare/生意社现货与期货,akshare_basis,ZN,2026-05-14,,24825.0,24880.0,0.002336636854403329,
2026-05-15,zinc,锌,夹子/镀层金属,24708.0,元/吨,AKShare/生意社现货与期货,akshare_basis,ZN,2026-05-15,,25330.0,24690.0,-0.0007285089849441428,
2026-05-18,zinc,锌,夹子/镀层金属,24586.0,元/吨,AKShare/生意社现货与期货,akshare_basis,ZN,2026-05-18,,24670.0,24730.0,0.005856991783942167,
2026-05-19,zinc,锌,夹子/镀层金属,24476.0,元/吨,AKShare/生意社现货与期货,akshare_basis,ZN,2026-05-19,,24640.0,24705.0,0.00935610393855213,
2026-05-20,zinc,锌,夹子/镀层金属,24440.0,元/吨,AKShare/生意社现货与期货,akshare_basis,ZN,2026-05-20,,24730.0,24790.0,0.014320785597381258,
2026-05-21,zinc,锌,夹子/镀层金属,24872.0,元/吨,AKShare/生意社现货与期货,akshare_basis,ZN,2026-05-21,,24740.0,24805.0,-0.0026937922161466288,
2026-05-22,zinc,锌,夹子/镀层金属,24768.0,元/吨,AKShare/生意社现货与期货,akshare_basis,ZN,2026-05-22,,24795.0,24865.0,0.003916343669250644,
2026-05-25,zinc,锌,夹子/镀层金属,24814.0,元/吨,AKShare/生意社现货与期货,akshare_basis,ZN,2026-05-25,,24800.0,24875.0,0.002458289675183467,
2026-05-26,zinc,锌,夹子/镀层金属,24754.0,元/吨,AKShare/生意社现货与期货,akshare_basis,ZN,2026-05-26,,25030.0,25110.0,0.014381514098731563,
2026-05-27,zinc,锌,夹子/镀层金属,24740.0,元/吨,AKShare/生意社现货与期货,akshare_basis,ZN,2026-05-27,,24635.0,24710.0,-0.0012126111560226693,
2026-05-28,zinc,锌,夹子/镀层金属,24564.0,元/吨,AKShare/生意社现货与期货,akshare_basis,ZN,2026-05-28,,24595.0,24665.0,0.004111708190848384,
2026-05-29,zinc,锌,夹子/镀层金属,24842.0,元/吨,AKShare/生意社现货与期货,akshare_basis,ZN,2026-05-29,,24760.0,24965.0,0.0049512921664922604,
2026-06-01,zinc,锌,夹子/镀层金属,24708.0,元/吨,AKShare/生意社现货与期货,akshare_basis,ZN,2026-06-01,,24650.0,24720.0,0.00048567265662935455,
2026-06-02,zinc,锌,夹子/镀层金属,24710.0,元/吨,AKShare/生意社现货与期货,akshare_basis,ZN,2026-06-02,,24930.0,24985.0,0.011129097531363819,
2026-06-03,zinc,锌,夹子/镀层金属,25076.0,元/吨,AKShare/生意社现货与期货,akshare_basis,ZN,2026-06-03,,25050.0,25150.0,0.002951028872228534,
2026-06-04,zinc,锌,夹子/镀层金属,24820.0,元/吨,AKShare/生意社现货与期货,akshare_basis,ZN,2026-06-04,,24750.0,24800.0,-0.0008058017727639033,
2026-06-05,zinc,锌,夹子/镀层金属,24736.0,元/吨,AKShare/生意社现货与期货,akshare_basis,ZN,2026-06-05,,24730.0,24780.0,0.0017787839586027587,
2026-06-08,zinc,锌,夹子/镀层金属,24635.0,元/吨,AKShare/生意社现货与期货,akshare_basis,ZN,2026-06-08,,24595.0,24630.0,-0.00020296326364932504,
2026-06-09,zinc,锌,夹子/镀层金属,24583.0,元/吨,AKShare/生意社现货与期货,akshare_basis,ZN,2026-06-09,,24715.0,24760.0,0.007200097628442315,
2026-06-10,zinc,锌,夹子/镀层金属,24650.0,元/吨,AKShare/生意社现货与期货,akshare_basis,ZN,2026-06-10,,24605.0,24620.0,-0.0012170385395537942,
2026-06-11,zinc,锌,夹子/镀层金属,24152.0,元/吨,AKShare/生意社现货与期货,akshare_basis,ZN,2026-06-11,,24110.0,24165.0,0.0005382577012256196,
2026-06-12,zinc,锌,夹子/镀层金属,24347.0,元/吨,AKShare/生意社现货与期货,akshare_basis,ZN,2026-06-12,,24275.0,24395.0,0.0019714954614531432,
